name,dob,regno,dept
Vinoth,22-03-2004,810021205001,AUTOMOBILE
Sarath,09-09-2003,810021205002,BIOTECH
Prem,11-11-2003,810021205003,CSE-A
Tamil,12-03-2004,810021205004,CSE-B
Sandy,09-11-2003,810021205005,CIVIL-A
praba,10-11-2003,810021205006,CIVIL-B
mughil,11-11-2003,810021205007,ECE-A
praveen,12-11-2003,810021205008,ECE-B
gowtham,13-11-2003,810021205009,EEE-A
madhan,14-11-2003,810021205010,EEE-B
ajith,15-11-2003,810021205011,IT-A
sabeer,16-11-2003,810021205012,IT-B
arun,17-11-2003,810021205013,MECHANICAL-A
barath,18-11-2003,810021205014,MECHANICAL-B
gj,19-11-2003,810021205015,PHARMA
ajay,20-11-2003,810021205016,PETRO
dhanraj,21-11-2003,810021205017,CIVILMECHANICAL-TM
