"UNIVERSITY COLLEGE OF ENGINEERING, BIT CAMPUS, ANNA UNIVERSITY,TIRUCHIRAPPALLI - 620024"
"FACULTY : Dr.N.Devika"
"CLASS : AUTOMOBILE","SUBJECT : BS3171"
regno,name,bs3171_mark,bs3171_attendance
810023102001,"SRINATH A M",88,48
810023102002,"AYYANAR S",98,56
810023102003,"AJITHKUMAR P",85,34
810023102004,"BALAMURUGAN T",100,56
810023102005,"SAKTHIVEL R",100,56
810023102006,"BHUVANESHKUMAR K",100,56
810023102007,"GAYATHRI J",98,50
810023102008,"THILLAIKANNAN M",0,0
810023102009,"KRISHNAMOORTHI S",98,58
810023102010,"VISHVABHARATHI S",98,58
810023102011,"SIVAKUMAR M",100,58
810023102012,"JEYA SRI P",98,54
810023102013,"GIRIVASAN A",98,54
810023102014,"SATHAIAH G",100,56
810023102015,"TAMILNILAVAN V",95,52
810023102016,"SANTHOSH E",0,10
810023102017,"FAZIL AHMAD M",100,58
810023102018,"ARUNMOZHIVARMAN A",100,54
810023102019,"HARIPRASATH E",88,48
810023102020,"VELAVAN G",88,50
810023102021,"JOSEPH VIJAY D",88,50
810023102022,"IRANIYAN K",98,50
810023102023,"VICKNESWARAN P",98,48
810023102024,"JABAZ RAJA PANDIAN R",100,54
810023102025,"SENTHIL R",98,52
810023102026,"SELVAPRIYAN M",100,54
810023102027,"MOHAMMED RIYAS BABU A",98,56
810023102028,"PRADEEP V",98,56
810023102029,"DINESH KUMAR P",88,48
810023102030,"VISHVA H",98,54
810023102031,"LOHITHRAAJ S",98,52
810023102032,"KUMARAN S",98,58
810023102033,"MEDWIN SAMUEL P",88,48
810023102034,"GOWTHAM U",100,54
810023102035,"AMIRTHA MARDHINI R",100,52
810023102036,"CHAITANYA SUZI S",98,46
810023102037,"AJAY M",98,48
"Total Attendance:60"
