"UNIVERSITY COLLEGE OF ENGINEERING, BIT CAMPUS, ANNA UNIVERSITY,TIRUCHIRAPPALLI - 620024"
"FACULTY : Dr.S.Gunasekaran"
"CLASS : AUTOMOBILE","SUBJECT : HS3152"
regno,name,hs3152_mark,hs3152_attendance
810023102001,"SRINATH A M",83,25
810023102002,"AYYANAR S",51,26
810023102003,"AJITHKUMAR P",60,17
810023102004,"BALAMURUGAN T",62,25
810023102005,"SAKTHIVEL R",58,25
810023102006,"BHUVANESHKUMAR K",73,24
810023102007,"GAYATHRI J",75,23
810023102008,"THILLAIKANNAN M",0,0
810023102009,"KRISHNAMOORTHI S",55,26
810023102010,"VISHVABHARATHI S",61,26
810023102011,"SIVAKUMAR M",92,23
810023102012,"JEYA SRI P",75,23
810023102013,"GIRIVASAN A",52,26
810023102014,"SATHAIAH G",80,25
810023102015,"TAMILNILAVAN V",83,25
810023102016,"SANTHOSH E",0,7
810023102017,"FAZIL AHMAD M",83,23
810023102018,"ARUNMOZHIVARMAN A",71,24
810023102019,"HARIPRASATH E",50,25
810023102020,"VELAVAN G",50,23
810023102021,"JOSEPH VIJAY D",86,25
810023102022,"IRANIYAN K",63,24
810023102023,"VICKNESWARAN P",76,24
810023102024,"JABAZ RAJA PANDIAN R",64,22
810023102025,"SENTHIL R",51,24
810023102026,"SELVAPRIYAN M",76,24
810023102027,"MOHAMMED RIYAS BABU A",89,24
810023102028,"PRADEEP V",59,25
810023102029,"DINESH KUMAR P",76,26
810023102030,"VISHVA H",70,24
810023102031,"LOHITHRAAJ S",84,26
810023102032,"KUMARAN S",54,25
810023102033,"MEDWIN SAMUEL P",83,23
810023102034,"GOWTHAM U",59,25
810023102035,"AMIRTHA MARDHINI R",52,26
810023102036,"CHAITANYA SUZI S",87,25
810023102037,"AJAY M",62,23
"Total Attendance:26"
