"UNIVERSITY COLLEGE OF ENGINEERING, BIT CAMPUS, ANNA UNIVERSITY,TIRUCHIRAPPALLI - 620024"
"FACULTY : Mr.M. Vasantha Kumar"
"CLASS : AUTOMOBILE","SUBJECT : BE3271"
regno,name,be3271_mark,be3271_attendance
810023102001,"SRINATH A M",90,44
810023102002,"AYYANAR S",92,60
810023102003,"AJITHKUMAR P",83,46
810023102004,"BALAMURUGAN T",88,56
810023102005,"SAKTHIVEL R",92,56
810023102006,"BHUVANESHKUMAR K",91,60
810023102007,"GAYATHRI J",100,48
810023102009,"KRISHNAMOORTHI S",87,60
810023102010,"VISHVABHARATHI S",80,48
810023102011,"SIVAKUMAR M",100,52
810023102012,"JEYA SRI P",88,56
810023102013,"GIRIVASAN A",88,60
810023102014,"SATHAIAH G",98,60
810023102015,"TAMILNILAVAN V",99,60
810023102017,"FAZIL AHMAD M",98,60
810023102018,"ARUNMOZHIVARMAN A",90,47
810023102019,"HARIPRASATH E",85,52
810023102020,"VELAVAN G",83,46
810023102021,"JOSEPH VIJAY D",92,55
810023102022,"IRANIYAN K",90,56
810023102023,"VICKNESWARAN P",98,60
810023102024,"JABAZ RAJA PANDIAN R",85,56
810023102025,"SENTHIL R",80,44
810023102026,"SELVAPRIYAN M",88,52
810023102027,"MOHAMMED RIYAS BABU A",97,56
810023102028,"PRADEEP V",86,52
810023102029,"DINESH KUMAR P",80,50
810023102030,"VISHVA H",90,50
810023102031,"LOHITHRAAJ S",97,55
810023102032,"KUMARAN S",95,56
810023102033,"MEDWIN SAMUEL P",97,56
810023102034,"GOWTHAM U",85,52
810023102035,"AMIRTHA MARDHINI R",90,56
810023102036,"CHAITANYA SUZI S",90,56
810023102037,"AJAY M",92,60
"Total Attendance:60"
