"UNIVERSITY COLLEGE OF ENGINEERING, BIT CAMPUS, ANNA UNIVERSITY,TIRUCHIRAPPALLI - 620024"
"FACULTY : Dr.M.Chandrasekaran"
"CLASS : AUTOMOBILE","SUBJECT : GE3252"
regno,name,ge3252_attendance,ge3252_mark
810023102001,"SRINATH A M",7,62
810023102002,"AYYANAR S",7,58
810023102003,"AJITHKUMAR P",8,60
810023102004,"BALAMURUGAN T",7,60
810023102005,"SAKTHIVEL R",7,63
810023102006,"BHUVANESHKUMAR K",8,61
810023102007,"GAYATHRI J",8,57
810023102009,"KRISHNAMOORTHI S",8,63
810023102010,"VISHVABHARATHI S",6,52
810023102011,"SIVAKUMAR M",7,56
810023102012,"JEYA SRI P",8,52
810023102013,"GIRIVASAN A",8,58
810023102014,"SATHAIAH G",8,75
810023102015,"TAMILNILAVAN V",8,67
810023102017,"FAZIL AHMAD M",8,56
810023102018,"ARUNMOZHIVARMAN A",7,57
810023102019,"HARIPRASATH E",7,53
810023102020,"VELAVAN G",8,47
810023102021,"JOSEPH VIJAY D",7,46
810023102022,"IRANIYAN K",8,60
810023102023,"VICKNESWARAN P",7,57
810023102024,"JABAZ RAJA PANDIAN R",7,57
810023102025,"SENTHIL R",8,48
810023102026,"SELVAPRIYAN M",7,60
810023102027,"MOHAMMED RIYAS BABU A",8,63
810023102028,"PRADEEP V",7,54
810023102029,"DINESH KUMAR P",7,48
810023102030,"VISHVA H",8,53
810023102031,"LOHITHRAAJ S",8,60
810023102032,"KUMARAN S",8,61
810023102033,"MEDWIN SAMUEL P",8,58
810023102034,"GOWTHAM U",7,49
810023102035,"AMIRTHA MARDHINI R",8,53
810023102036,"CHAITANYA SUZI S",7,48
810023102037,"AJAY M",8,47
"Total Attendance:8"
