regno,name,ph3251_attendance,ph3251_mark
810023102001,"SRINATH A M",16,72
810023102002,"AYYANAR S",19,80
810023102003,"AJITHKUMAR P",21,68
810023102004,"BALAMURUGAN T",21,95
810023102005,"SAKTHIVEL R",21,85
810023102006,"BHUVANESHKUMAR K",23,90
810023102007,"GAYATHRI J",18,82
810023102009,"KRISHNAMOORTHI S",21,97
810023102010,"VISHVABHARATHI S",16,62
810023102011,"SIVAKUMAR M",18,75
810023102012,"JEYA SRI P",20,85
810023102013,"GIRIVASAN A",20,86
810023102014,"SATHAIAH G",20,76
810023102015,"TAMILNILAVAN V",21,71
810023102017,"FAZIL AHMAD M",23,99
810023102018,"ARUNMOZHIVARMAN A",19,81
810023102019,"HARIPRASATH E",19,73
810023102020,"VELAVAN G",20,76
810023102021,"JOSEPH VIJAY D",16,76
810023102022,"IRANIYAN K",21,63
810023102023,"VICKNESWARAN P",22,96
810023102024,"JABAZ RAJA PANDIAN R",21,91
810023102025,"SENTHIL R",15,63
810023102026,"SELVAPRIYAN M",21,90
810023102027,"MOHAMMED RIYAS BABU A",23,93
810023102028,"PRADEEP V",17,85
810023102029,"DINESH KUMAR P",17,79
810023102030,"VISHVA H",20,79
810023102031,"LOHITHRAAJ S",19,94
810023102032,"KUMARAN S",18,80
810023102033,"MEDWIN SAMUEL P",19,98
810023102034,"GOWTHAM U",18,89
810023102035,"AMIRTHA MARDHINI R",18,90
810023102036,"CHAITANYA SUZI S",16,85
810023102037,"AJAY M",17,88
"Total Attendance:23"
