"UNIVERSITY COLLEGE OF ENGINEERING, BIT CAMPUS, ANNA UNIVERSITY,TIRUCHIRAPPALLI - 620024"
"FACULTY : Dr.S.Kalai Selvi"
"CLASS : AUTOMOBILE","SUBJECT : MA3251"
regno,name,ma3251_attendance,ma3251_mark
810023102001,"SRINATH A M",26,79
810023102002,"AYYANAR S",30,84
810023102003,"AJITHKUMAR P",27,76
810023102004,"BALAMURUGAN T",29,99
810023102005,"SAKTHIVEL R",30,95
810023102006,"BHUVANESHKUMAR K",31,94
810023102007,"GAYATHRI J",25,75
810023102009,"KRISHNAMOORTHI S",30,82
810023102010,"VISHVABHARATHI S",27,70
810023102011,"SIVAKUMAR M",27,72
810023102012,"JEYA SRI P",31,88
810023102013,"GIRIVASAN A",31,82
810023102014,"SATHAIAH G",29,98
810023102015,"TAMILNILAVAN V",27,98
810023102017,"FAZIL AHMAD M",31,100
810023102018,"ARUNMOZHIVARMAN A",24,76
810023102019,"HARIPRASATH E",27,74
810023102020,"VELAVAN G",24,77
810023102021,"JOSEPH VIJAY D",22,74
810023102022,"IRANIYAN K",31,92
810023102023,"VICKNESWARAN P",31,87
810023102024,"JABAZ RAJA PANDIAN R",31,81
810023102025,"SENTHIL R",29,75
810023102026,"SELVAPRIYAN M",30,85
810023102027,"MOHAMMED RIYAS BABU A",30,82
810023102028,"PRADEEP V",26,74
810023102029,"DINESH KUMAR P",25,70
810023102030,"VISHVA H",26,78
810023102031,"LOHITHRAAJ S",27,92
810023102032,"KUMARAN S",28,89
810023102033,"MEDWIN SAMUEL P",29,94
810023102034,"GOWTHAM U",29,75
810023102035,"AMIRTHA MARDHINI R",31,83
810023102036,"CHAITANYA SUZI S",25,76
810023102037,"AJAY M",25,70
"Total Attendance:31"
