"UNIVERSITY COLLEGE OF ENGINEERING, BIT CAMPUS, ANNA UNIVERSITY,TIRUCHIRAPPALLI - 620024"
"FACULTY : Mrs.B.Aarthy"
"CLASS : AUTOMOBILE","SUBJECT : BE3251"
regno,name,be3251_attendance,be3251_mark
810023102001,"SRINATH A M",25,86
810023102002,"AYYANAR S",25,91
810023102003,"AJITHKUMAR P",21,78
810023102004,"BALAMURUGAN T",21,86
810023102005,"SAKTHIVEL R",25,94
810023102006,"BHUVANESHKUMAR K",21,79
810023102007,"GAYATHRI J",23,81
810023102009,"KRISHNAMOORTHI S",22,84
810023102010,"VISHVABHARATHI S",22,79
810023102011,"SIVAKUMAR M",21,78
810023102012,"JEYA SRI P",22,83
810023102013,"GIRIVASAN A",22,88
810023102014,"SATHAIAH G",25,93
810023102015,"TAMILNILAVAN V",25,92
810023102017,"FAZIL AHMAD M",25,96
810023102018,"ARUNMOZHIVARMAN A",25,75
810023102019,"HARIPRASATH E",20,79
810023102020,"VELAVAN G",20,77
810023102021,"JOSEPH VIJAY D",21,79
810023102022,"IRANIYAN K",21,75
810023102023,"VICKNESWARAN P",25,85
810023102024,"JABAZ RAJA PANDIAN R",23,79
810023102025,"SENTHIL R",20,60
810023102026,"SELVAPRIYAN M",21,78
810023102027,"MOHAMMED RIYAS BABU A",25,91
810023102028,"PRADEEP V",25,86
810023102029,"DINESH KUMAR P",25,81
810023102030,"VISHVA H",24,76
810023102031,"LOHITHRAAJ S",25,95
810023102032,"KUMARAN S",25,89
810023102033,"MEDWIN SAMUEL P",23,78
810023102034,"GOWTHAM U",23,76
810023102035,"AMIRTHA MARDHINI R",25,82
810023102036,"CHAITANYA SUZI S",23,80
810023102037,"AJAY M",23,76
"Total Attendance:25"
