"UNIVERSITY COLLEGE OF ENGINEERING, BIT CAMPUS, ANNA UNIVERSITY,TIRUCHIRAPPALLI - 620024"
"FACULTY : Dr.N.Devika"
"CLASS : AUTOMOBILE","SUBJECT : CY3151"
regno,name,cy3151_mark,cy3151_attendance
810023102001,"SRINATH A M",60,25
810023102002,"AYYANAR S",65,26
810023102003,"AJITHKUMAR P",60,6
810023102004,"BALAMURUGAN T",90,26
810023102005,"SAKTHIVEL R",79,26
810023102006,"BHUVANESHKUMAR K",86,27
810023102007,"GAYATHRI J",72,25
810023102008,"THILLAIKANNAN M",0,0
810023102009,"KRISHNAMOORTHI S",76,27
810023102010,"VISHVABHARATHI S",60,26
810023102011,"SIVAKUMAR M",80,24
810023102012,"JEYA SRI P",80,25
810023102013,"GIRIVASAN A",75,24
810023102014,"SATHAIAH G",87,27
810023102015,"TAMILNILAVAN V",87,27
810023102016,"SANTHOSH E",0,15
810023102017,"FAZIL AHMAD M",97,27
810023102018,"ARUNMOZHIVARMAN A",97,25
810023102019,"HARIPRASATH E",60,26
810023102020,"VELAVAN G",60,24
810023102021,"JOSEPH VIJAY D",86,24
810023102022,"IRANIYAN K",72,25
810023102023,"VICKNESWARAN P",80,21
810023102024,"JABAZ RAJA PANDIAN R",83,26
810023102025,"SENTHIL R",78,26
810023102026,"SELVAPRIYAN M",85,26
810023102027,"MOHAMMED RIYAS BABU A",82,27
810023102028,"PRADEEP V",63,26
810023102029,"DINESH KUMAR P",60,23
810023102030,"VISHVA H",60,22
810023102031,"LOHITHRAAJ S",72,25
810023102032,"KUMARAN S",70,27
810023102033,"MEDWIN SAMUEL P",89,23
810023102034,"GOWTHAM U",72,24
810023102035,"AMIRTHA MARDHINI R",88,26
810023102036,"CHAITANYA SUZI S",92,25
810023102037,"AJAY M",75,24
"Total Attendance:27"
