"UNIVERSITY COLLEGE OF ENGINEERING, BIT CAMPUS, ANNA UNIVERSITY,TIRUCHIRAPPALLI - 620024"
"FACULTY : Dr.K.Kamaraj"
"CLASS : BIOTECH","SUBJECT : MA3151"
regno,name,ma3151_mark,ma3151_attendance
810023214001,"PREM PRADHYUSH B A",50,26
810023214002,"ABISHEK S",97,28
810023214003,"NATRAJ R",70,29
810023214004,"PRIYADHARSHINI P",98,30
810023214005,"SURYASELVAN E",83,29
810023214006,"RAYAN AFRIN S",85,31
810023214007,"PRIYADHARSHINI B",53,30
810023214008,"VENKATESHWARI S",70,28
810023214009,"KAMALIKA M",73,29
810023214010,"AAQIF ALI N R",50,29
810023214011,"PREETHI JESSICA K",84,29
810023214013,"DHANUJA SRI N",50,29
810023214014,"SRIDHAR M",82,30
810023214015,"GOPIKRISHNAN A",80,30
810023214016,"MOURIYA J",82,31
810023214017,"GUNA S",71,30
810023214018,"ARUNADEVI R",71,29
810023214019,"LOGESHWARI P",71,30
810023214020,"NAVEEN KARTHIKEYAN R",57,30
810023214021,"MATHIVATHANI U",55,30
810023214022,"MADHUSRI V",87,30
810023214023,"SANKARIYYA S",58,30
810023214024,"KIRUBASANKARI J",79,31
810023214025,"PRIYADHARSHINI A",77,30
810023214026,"SUBIKSHA J",78,30
810023214027,"FLORENCE HINRIKA B",86,30
810023214028,"DHANUSH J U",92,31
810023214029,"SOWMIYA S",70,29
810023214030,"ABIRAMI S",54,30
810023214031,"SANCHITHA R S",81,31
810023214032,"HEMA SHALINI S",78,31
810023214033,"PRIYADHARSHINI V",70,31
810023214034,"DHARANI M",70,30
810023214035,"MAHESHWARAN S",82,29
810023214036,"DIVAHAR S",56,30
810023214037,"DHANYA M",54,31
810023214038,"JASMINE SHARMILA S",57,30
810023214039,"NANDHINI S",81,29
810023214040,"BAVATHARANI S",62,30
810023214041,"SHREYA B",92,31
810023214042,"SHILVIYA R",89,30
810023214043,"LOGESHWARAN K",62,30
810023214044,"DARWIN NAAKENDIRAN D",54,31
810023214045,"SARANYAESHWARI S",70,31
810023214046,"ABARNA P S",99,29
810023214047,"KEERTHIKA R",78,30
810023214048,"DEEPIKA T",75,29
810023214049,"GLADSON RAJ I",80,26
810023214050,"MAHABUNISHA M",78,28
810023214051,"JANANI S",54,31
810023214053,"SELVAKUMAR S",51,29
810023214054,"SURUTHI M",60,30
"Total Attendance:31"
