"UNIVERSITY COLLEGE OF ENGINEERING, BIT CAMPUS, ANNA UNIVERSITY,TIRUCHIRAPPALLI - 620024"
"FACULTY :  Dr.N.Chitra"
"CLASS : BIOTECH","SUBJECT : HS3152"
regno,name,hs3152_mark,hs3152_attendance
810023214001,"PREM PRADHYUSH B A",80,18
810023214002,"ABISHEK S",94,19
810023214003,"NATRAJ R",92,20
810023214004,"PRIYADHARSHINI P",89,22
810023214005,"SURYASELVAN E",85,21
810023214006,"RAYAN AFRIN S",87,22
810023214007,"PRIYADHARSHINI B",88,21
810023214008,"VENKATESHWARI S",90,20
810023214009,"KAMALIKA M",84,21
810023214010,"AAQIF ALI N R",82,20
810023214011,"PREETHI JESSICA K",85,21
810023214013,"DHANUJA SRI N",78,21
810023214014,"SRIDHAR M",73,21
810023214015,"GOPIKRISHNAN A",72,21
810023214016,"MOURIYA J",84,22
810023214017,"GUNA S",71,22
810023214018,"ARUNADEVI R",70,21
810023214019,"LOGESHWARI P",81,22
810023214020,"NAVEEN KARTHIKEYAN R",79,21
810023214021,"MATHIVATHANI U",81,22
810023214022,"MADHUSRI V",96,19
810023214023,"SANKARIYYA S",83,21
810023214024,"KIRUBASANKARI J",85,22
810023214025,"PRIYADHARSHINI A",74,22
810023214026,"SUBIKSHA J",87,21
810023214027,"FLORENCE HINRIKA B",90,22
810023214028,"DHANUSH J U",96,20
810023214029,"SOWMIYA S",83,20
810023214030,"ABIRAMI S",75,21
810023214031,"SANCHITHA R S",91,21
810023214032,"HEMA SHALINI S",86,22
810023214033,"PRIYADHARSHINI V",93,22
810023214034,"DHARANI M",82,22
810023214035,"MAHESHWARAN S",88,20
810023214036,"DIVAHAR S",79,21
810023214037,"DHANYA M",80,22
810023214038,"JASMINE SHARMILA S",70,22
810023214039,"NANDHINI S",91,20
810023214040,"BAVATHARANI S",91,22
810023214041,"SHREYA B",87,22
810023214042,"SHILVIYA R",90,21
810023214043,"LOGESHWARAN K",75,20
810023214044,"DARWIN NAAKENDIRAN D",87,21
810023214045,"SARANYAESHWARI S",84,22
810023214046,"ABARNA P S",87,21
810023214047,"KEERTHIKA R",79,22
810023214048,"DEEPIKA T",89,21
810023214049,"GLADSON RAJ I",88,19
810023214050,"MAHABUNISHA M",89,18
810023214051,"JANANI S",86,22
810023214053,"SELVAKUMAR S",65,21
810023214054,"SURUTHI M",75,21
"Total Attendance:22"
