"UNIVERSITY COLLEGE OF ENGINEERING, BIT CAMPUS, ANNA UNIVERSITY,TIRUCHIRAPPALLI - 620024"
"FACULTY : Dr.N.Chitra"
"CLASS : BIOTECH","SUBJECT : GE3272"
regno,name,ge3272_mark,ge3272_attendance
810023214001,"PREM PRADHYUSH B A",90,47
810023214002,"ABISHEK S",95,46
810023214003,"NATRAJ R",90,55
810023214004,"PRIYADHARSHINI P",95,60
810023214005,"SURYASELVAN E",90,50
810023214006,"RAYAN AFRIN S",90,52
810023214007,"PRIYADHARSHINI B",90,51
810023214008,"VENKATESHWARI S",90,52
810023214009,"KAMALIKA M",90,55
810023214010,"AAQIF ALI N R",85,46
810023214011,"PREETHI JESSICA K",90,56
810023214013,"DHANUJA SRI N",80,46
810023214014,"SRIDHAR M",85,55
810023214015,"GOPIKRISHNAN A",85,48
810023214016,"MOURIYA J",90,52
810023214017,"GUNA S",85,54
810023214018,"ARUNADEVI R",90,60
810023214019,"LOGESHWARI P",90,52
810023214020,"NAVEEN KARTHIKEYAN R",85,52
810023214021,"MATHIVATHANI U",85,56
810023214022,"MADHUSRI V",95,46
810023214023,"SANKARIYYA S",90,51
810023214024,"KIRUBASANKARI J",90,56
810023214025,"PRIYADHARSHINI A",90,52
810023214026,"SUBIKSHA J",90,60
810023214027,"FLORENCE HINRIKA B",85,46
810023214028,"DHANUSH J U",90,48
810023214029,"SOWMIYA S",90,56
810023214030,"ABIRAMI S",85,48
810023214031,"SANCHITHA R S",90,55
810023214032,"HEMA SHALINI S",90,53
810023214033,"PRIYADHARSHINI V",95,56
810023214034,"DHARANI M",85,48
810023214035,"MAHESHWARAN S",90,51
810023214036,"DIVAHAR S",90,55
810023214037,"DHANYA M",95,52
810023214038,"JASMINE SHARMILA S",95,56
810023214039,"NANDHINI S",95,53
810023214040,"BAVATHARANI S",90,52
810023214041,"SHREYA B",95,60
810023214042,"SHILVIYA R",95,46
810023214043,"LOGESHWARAN K",90,55
810023214044,"DARWIN NAAKENDIRAN D",90,48
810023214045,"SARANYAESHWARI S",90,52
810023214046,"ABARNA P S",90,48
810023214047,"KEERTHIKA R",90,55
810023214048,"DEEPIKA T",90,56
810023214049,"GLADSON RAJ I",95,49
810023214050,"MAHABUNISHA M",90,49
810023214051,"JANANI S",90,50
810023214053,"SELVAKUMAR S",85,52
810023214054,"SURUTHI M",85,46
"Total Attendance:60"
