"UNIVERSITY COLLEGE OF ENGINEERING, BIT CAMPUS, ANNA UNIVERSITY,TIRUCHIRAPPALLI - 620024"
"FACULTY : Mr.C.Ramesh"
"CLASS : BIOTECH","SUBJECT : GE3251"
regno,name,ge3251_attendance,ge3251_mark
810023214001,"PREM PRADHYUSH B A",52,72
810023214002,"ABISHEK S",45,90
810023214003,"NATRAJ R",46,78
810023214004,"PRIYADHARSHINI P",54,97
810023214005,"SURYASELVAN E",47,88
810023214006,"RAYAN AFRIN S",54,88
810023214007,"PRIYADHARSHINI B",43,79
810023214008,"VENKATESHWARI S",46,91
810023214009,"KAMALIKA M",45,64
810023214010,"AAQIF ALI N R",48,44
810023214011,"PREETHI JESSICA K",45,80
810023214013,"DHANUJA SRI N",25,41
810023214014,"SRIDHAR M",39,56
810023214015,"GOPIKRISHNAN A",49,53
810023214016,"MOURIYA J",49,81
810023214017,"GUNA S",42,51
810023214018,"ARUNADEVI R",49,50
810023214019,"LOGESHWARI P",44,62
810023214020,"NAVEEN KARTHIKEYAN R",41,42
810023214021,"MATHIVATHANI U",49,53
810023214022,"MADHUSRI V",36,74
810023214023,"SANKARIYYA S",46,75
810023214024,"KIRUBASANKARI J",54,75
810023214025,"PRIYADHARSHINI A",49,78
810023214026,"SUBIKSHA J",54,53
810023214027,"FLORENCE HINRIKA B",36,100
810023214028,"DHANUSH J U",35,68
810023214029,"SOWMIYA S",47,71
810023214030,"ABIRAMI S",39,93
810023214031,"SANCHITHA R S",50,80
810023214032,"HEMA SHALINI S",40,77
810023214033,"PRIYADHARSHINI V",49,77
810023214034,"DHARANI M",52,80
810023214035,"MAHESHWARAN S",46,65
810023214036,"DIVAHAR S",52,45
810023214037,"DHANYA M",49,59
810023214038,"JASMINE SHARMILA S",49,76
810023214039,"NANDHINI S",47,77
810023214040,"BAVATHARANI S",50,75
810023214041,"SHREYA B",54,86
810023214042,"SHILVIYA R",47,82
810023214043,"LOGESHWARAN K",52,42
810023214044,"DARWIN NAAKENDIRAN D",38,44
810023214045,"SARANYAESHWARI S",54,78
810023214046,"ABARNA P S",47,64
810023214047,"KEERTHIKA R",54,86
810023214048,"DEEPIKA T",47,86
810023214049,"GLADSON RAJ I",39,60
810023214050,"MAHABUNISHA M",52,80
810023214051,"JANANI S",44,59
810023214053,"SELVAKUMAR S",48,42
810023214054,"SURUTHI M",41,65
"Total Attendance:54"
