"UNIVERSITY COLLEGE OF ENGINEERING, BIT CAMPUS, ANNA UNIVERSITY,TIRUCHIRAPPALLI - 620024"
"FACULTY : Dr.K.Kanimozhi"
"CLASS : BIOTECH","SUBJECT : BT3201"
regno,name,bt3201_attendance,bt3201_mark
810023214001,"PREM PRADHYUSH B A",26,77
810023214002,"ABISHEK S",27,96
810023214003,"NATRAJ R",25,79
810023214004,"PRIYADHARSHINI P",26,91
810023214005,"SURYASELVAN E",26,79
810023214006,"RAYAN AFRIN S",27,95
810023214007,"PRIYADHARSHINI B",27,92
810023214008,"VENKATESHWARI S",27,78
810023214009,"KAMALIKA M",26,80
810023214010,"AAQIF ALI N R",25,81
810023214011,"PREETHI JESSICA K",24,87
810023214013,"DHANUJA SRI N",25,67
810023214014,"SRIDHAR M",25,79
810023214015,"GOPIKRISHNAN A",27,76
810023214016,"MOURIYA J",26,78
810023214017,"GUNA S",26,74
810023214018,"ARUNADEVI R",26,71
810023214019,"LOGESHWARI P",24,75
810023214020,"NAVEEN KARTHIKEYAN R",24,70
810023214021,"MATHIVATHANI U",26,79
810023214022,"MADHUSRI V",26,90
810023214023,"SANKARIYYA S",24,76
810023214024,"KIRUBASANKARI J",23,86
810023214025,"PRIYADHARSHINI A",25,88
810023214026,"SUBIKSHA J",24,79
810023214027,"FLORENCE HINRIKA B",24,70
810023214028,"DHANUSH J U",23,81
810023214029,"SOWMIYA S",26,77
810023214030,"ABIRAMI S",25,88
810023214031,"SANCHITHA R S",25,85
810023214032,"HEMA SHALINI S",24,80
810023214033,"PRIYADHARSHINI V",27,74
810023214034,"DHARANI M",26,79
810023214035,"MAHESHWARAN S",27,80
810023214036,"DIVAHAR S",27,80
810023214037,"DHANYA M",26,79
810023214038,"JASMINE SHARMILA S",26,89
810023214039,"NANDHINI S",23,81
810023214040,"BAVATHARANI S",24,73
810023214041,"SHREYA B",27,89
810023214042,"SHILVIYA R",24,98
810023214043,"LOGESHWARAN K",27,81
810023214044,"DARWIN NAAKENDIRAN D",25,80
810023214045,"SARANYAESHWARI S",25,85
810023214046,"ABARNA P S",26,85
810023214047,"KEERTHIKA R",25,72
810023214048,"DEEPIKA T",25,88
810023214049,"GLADSON RAJ I",26,81
810023214050,"MAHABUNISHA M",25,80
810023214051,"JANANI S",24,79
810023214053,"SELVAKUMAR S",24,72
810023214054,"SURUTHI M",25,77
"Total Attendance:27"
