regno,name,bt3211_mark,bt3211_attendance
810023214001,"PREM PRADHYUSH B A",94,52
810023214002,"ABISHEK S",100,60
810023214003,"NATRAJ R",95,56
810023214004,"PRIYADHARSHINI P",100,56
810023214005,"SURYASELVAN E",90,56
810023214006,"RAYAN AFRIN S",100,60
810023214007,"PRIYADHARSHINI B",100,60
810023214008,"VENKATESHWARI S",94,60
810023214009,"KAMALIKA M",95,60
810023214010,"AAQIF ALI N R",90,52
810023214011,"PREETHI JESSICA K",98,56
810023214013,"DHANUJA SRI N",85,56
810023214014,"SRIDHAR M",89,56
810023214015,"GOPIKRISHNAN A",90,60
810023214016,"MOURIYA J",90,60
810023214017,"GUNA S",89,60
810023214018,"ARUNADEVI R",85,56
810023214019,"LOGESHWARI P",94,60
810023214020,"NAVEEN KARTHIKEYAN R",88,52
810023214021,"MATHIVATHANI U",92,60
810023214022,"MADHUSRI V",100,56
810023214023,"SANKARIYYA S",89,56
810023214024,"KIRUBASANKARI J",94,56
810023214025,"PRIYADHARSHINI A",90,56
810023214026,"SUBIKSHA J",94,56
810023214027,"FLORENCE HINRIKA B",90,56
810023214028,"DHANUSH J U",95,56
810023214029,"SOWMIYA S",95,56
810023214030,"ABIRAMI S",89,60
810023214031,"SANCHITHA R S",90,60
810023214032,"HEMA SHALINI S",90,56
810023214033,"PRIYADHARSHINI V",89,56
810023214034,"DHARANI M",90,56
810023214035,"MAHESHWARAN S",90,60
810023214036,"DIVAHAR S",90,60
810023214037,"DHANYA M",91,56
810023214038,"JASMINE SHARMILA S",91,56
810023214039,"NANDHINI S",90,56
810023214040,"BAVATHARANI S",86,60
810023214041,"SHREYA B",95,60
810023214042,"SHILVIYA R",100,56
810023214043,"LOGESHWARAN K",88,56
810023214044,"DARWIN NAAKENDIRAN D",90,56
810023214045,"SARANYAESHWARI S",90,60
810023214046,"ABARNA P S",100,60
810023214047,"KEERTHIKA R",90,60
810023214048,"DEEPIKA T",90,56
810023214049,"GLADSON RAJ I",100,60
810023214050,"MAHABUNISHA M",94,56
810023214051,"JANANI S",90,56
810023214053,"SELVAKUMAR S",85,56
810023214054,"SURUTHI M",85,56
"Total Attendance:60"
