"UNIVERSITY COLLEGE OF ENGINEERING, BIT CAMPUS, ANNA UNIVERSITY,TIRUCHIRAPPALLI - 620024"
"FACULTY : MR.M.Krishnakumar"
"CLASS : BIOTECH","SUBJECT : GE3171"
regno,name,ge3171_mark,ge3171_attendance
810023214001,"PREM PRADHYUSH B A",91,65
810023214002,"ABISHEK S",100,68
810023214003,"NATRAJ R",100,68
810023214004,"PRIYADHARSHINI P",100,65
810023214005,"SURYASELVAN E",100,65
810023214006,"RAYAN AFRIN S",100,68
810023214007,"PRIYADHARSHINI B",95,65
810023214008,"VENKATESHWARI S",92,68
810023214009,"KAMALIKA M",100,68
810023214010,"AAQIF ALI N R",100,62
810023214011,"PREETHI JESSICA K",90,68
810023214013,"DHANUJA SRI N",95,62
810023214014,"SRIDHAR M",90,68
810023214015,"GOPIKRISHNAN A",100,68
810023214016,"MOURIYA J",97,68
810023214017,"GUNA S",90,65
810023214018,"ARUNADEVI R",92,65
810023214019,"LOGESHWARI P",93,68
810023214020,"NAVEEN KARTHIKEYAN R",90,65
810023214021,"MATHIVATHANI U",93,53
810023214022,"MADHUSRI V",98,68
810023214023,"SANKARIYYA S",97,65
810023214024,"KIRUBASANKARI J",96,68
810023214025,"PRIYADHARSHINI A",91,62
810023214026,"SUBIKSHA J",92,68
810023214027,"FLORENCE HINRIKA B",100,62
810023214028,"DHANUSH J U",100,68
810023214029,"SOWMIYA S",100,62
810023214030,"ABIRAMI S",94,68
810023214031,"SANCHITHA R S",95,68
810023214032,"HEMA SHALINI S",96,68
810023214033,"PRIYADHARSHINI V",100,68
810023214034,"DHARANI M",93,68
810023214035,"MAHESHWARAN S",97,65
810023214036,"DIVAHAR S",90,65
810023214037,"DHANYA M",91,68
810023214038,"JASMINE SHARMILA S",94,65
810023214039,"NANDHINI S",92,65
810023214040,"BAVATHARANI S",93,68
810023214041,"SHREYA B",92,68
810023214042,"SHILVIYA R",100,62
810023214043,"LOGESHWARAN K",97,65
810023214044,"DARWIN NAAKENDIRAN D",100,68
810023214045,"SARANYAESHWARI S",90,68
810023214046,"ABARNA P S",100,62
810023214047,"KEERTHIKA R",91,65
810023214048,"DEEPIKA T",92,68
810023214049,"GLADSON RAJ I",100,65
810023214050,"MAHABUNISHA M",100,68
810023214051,"JANANI S",94,68
810023214053,"SELVAKUMAR S",95,68
810023214054,"SURUTHI M",90,65
"Total Attendance:68"
