"UNIVERSITY COLLEGE OF ENGINEERING, BIT CAMPUS, ANNA UNIVERSITY,TIRUCHIRAPPALLI - 620024"
"FACULTY : Mr.M. Vasantha Kumar"
"CLASS : BIOTECH","SUBJECT : BE3252"
regno,name,be3252_attendance,be3252_mark
810023214001,"PREM PRADHYUSH B A",28,70
810023214002,"ABISHEK S",21,100
810023214003,"NATRAJ R",20,75
810023214004,"PRIYADHARSHINI P",28,87
810023214005,"SURYASELVAN E",28,95
810023214006,"RAYAN AFRIN S",25,100
810023214007,"PRIYADHARSHINI B",22,96
810023214008,"VENKATESHWARI S",27,95
810023214009,"KAMALIKA M",24,97
810023214010,"AAQIF ALI N R",25,92
810023214011,"PREETHI JESSICA K",28,95
810023214013,"DHANUJA SRI N",24,75
810023214014,"SRIDHAR M",28,85
810023214015,"GOPIKRISHNAN A",22,85
810023214016,"MOURIYA J",23,92
810023214017,"GUNA S",22,70
810023214018,"ARUNADEVI R",28,75
810023214019,"LOGESHWARI P",28,87
810023214020,"NAVEEN KARTHIKEYAN R",22,70
810023214021,"MATHIVATHANI U",27,85
810023214022,"MADHUSRI V",21,100
810023214023,"SANKARIYYA S",22,80
810023214024,"KIRUBASANKARI J",25,95
810023214025,"PRIYADHARSHINI A",27,90
810023214026,"SUBIKSHA J",22,79
810023214027,"FLORENCE HINRIKA B",23,90
810023214028,"DHANUSH J U",25,100
810023214029,"SOWMIYA S",25,92
810023214030,"ABIRAMI S",28,85
810023214031,"SANCHITHA R S",20,92
810023214032,"HEMA SHALINI S",28,85
810023214033,"PRIYADHARSHINI V",24,80
810023214034,"DHARANI M",23,72
810023214035,"MAHESHWARAN S",28,80
810023214036,"DIVAHAR S",24,76
810023214037,"DHANYA M",27,70
810023214038,"JASMINE SHARMILA S",24,75
810023214039,"NANDHINI S",25,82
810023214040,"BAVATHARANI S",27,70
810023214041,"SHREYA B",27,83
810023214042,"SHILVIYA R",24,98
810023214043,"LOGESHWARAN K",28,70
810023214044,"DARWIN NAAKENDIRAN D",27,80
810023214045,"SARANYAESHWARI S",27,90
810023214046,"ABARNA P S",24,95
810023214047,"KEERTHIKA R",23,73
810023214048,"DEEPIKA T",28,91
810023214049,"GLADSON RAJ I",26,93
810023214050,"MAHABUNISHA M",24,90
810023214051,"JANANI S",24,90
810023214053,"SELVAKUMAR S",25,70
810023214054,"SURUTHI M",24,75
"Total Attendance:28"
