"UNIVERSITY COLLEGE OF ENGINEERING, BIT CAMPUS, ANNA UNIVERSITY,TIRUCHIRAPPALLI - 620024"
"FACULTY : Dr.K.Murugesan"
"CLASS : BIOTECH","SUBJECT : GE3252"
regno,name,ge3252_attendance,ge3252_mark
810023214001,"PREM PRADHYUSH B A",7,70
810023214002,"ABISHEK S",6,96
810023214003,"NATRAJ R",7,83
810023214004,"PRIYADHARSHINI P",8,83
810023214005,"SURYASELVAN E",8,90
810023214006,"RAYAN AFRIN S",8,94
810023214007,"PRIYADHARSHINI B",6,96
810023214008,"VENKATESHWARI S",8,95
810023214009,"KAMALIKA M",8,90
810023214010,"AAQIF ALI N R",6,84
810023214011,"PREETHI JESSICA K",8,91
810023214013,"DHANUJA SRI N",6,61
810023214014,"SRIDHAR M",8,77
810023214015,"GOPIKRISHNAN A",6,88
810023214016,"MOURIYA J",6,88
810023214017,"GUNA S",8,83
810023214018,"ARUNADEVI R",8,84
810023214019,"LOGESHWARI P",7,80
810023214020,"NAVEEN KARTHIKEYAN R",7,85
810023214021,"MATHIVATHANI U",8,91
810023214022,"MADHUSRI V",7,95
810023214023,"SANKARIYYA S",7,85
810023214024,"KIRUBASANKARI J",8,80
810023214025,"PRIYADHARSHINI A",7,95
810023214026,"SUBIKSHA J",8,78
810023214027,"FLORENCE HINRIKA B",6,81
810023214028,"DHANUSH J U",6,90
810023214029,"SOWMIYA S",6,83
810023214030,"ABIRAMI S",8,94
810023214031,"SANCHITHA R S",7,86
810023214032,"HEMA SHALINI S",7,95
810023214033,"PRIYADHARSHINI V",8,84
810023214034,"DHARANI M",7,78
810023214035,"MAHESHWARAN S",8,77
810023214036,"DIVAHAR S",6,77
810023214037,"DHANYA M",8,76
810023214038,"JASMINE SHARMILA S",8,94
810023214039,"NANDHINI S",7,94
810023214040,"BAVATHARANI S",8,69
810023214041,"SHREYA B",8,85
810023214042,"SHILVIYA R",6,95
810023214043,"LOGESHWARAN K",8,81
810023214044,"DARWIN NAAKENDIRAN D",8,75
810023214045,"SARANYAESHWARI S",8,95
810023214046,"ABARNA P S",8,77
810023214047,"KEERTHIKA R",7,94
810023214048,"DEEPIKA T",8,92
810023214049,"GLADSON RAJ I",7,83
810023214050,"MAHABUNISHA M",6,94
810023214051,"JANANI S",7,90
810023214053,"SELVAKUMAR S",6,77
810023214054,"SURUTHI M",7,77
"Total Attendance:7"
