"UNIVERSITY COLLEGE OF ENGINEERING, BIT CAMPUS, ANNA UNIVERSITY,TIRUCHIRAPPALLI - 620024"
"FACULTY : Dr.K.Kamaraj"
"CLASS : BIOTECH","SUBJECT : MA3251"
regno,name,ma3251_attendance,ma3251_mark
810023214001,"PREM PRADHYUSH B A",23,73
810023214002,"ABISHEK S",27,96
810023214003,"NATRAJ R",23,90
810023214004,"PRIYADHARSHINI P",31,92
810023214005,"SURYASELVAN E",25,89
810023214006,"RAYAN AFRIN S",29,94
810023214007,"PRIYADHARSHINI B",29,93
810023214008,"VENKATESHWARI S",31,90
810023214009,"KAMALIKA M",31,89
810023214010,"AAQIF ALI N R",29,88
810023214011,"PREETHI JESSICA K",31,85
810023214013,"DHANUJA SRI N",27,79
810023214014,"SRIDHAR M",29,81
810023214015,"GOPIKRISHNAN A",31,88
810023214016,"MOURIYA J",27,93
810023214017,"GUNA S",23,83
810023214018,"ARUNADEVI R",29,70
810023214019,"LOGESHWARI P",25,93
810023214020,"NAVEEN KARTHIKEYAN R",25,75
810023214021,"MATHIVATHANI U",25,86
810023214022,"MADHUSRI V",27,89
810023214023,"SANKARIYYA S",31,92
810023214024,"KIRUBASANKARI J",31,90
810023214025,"PRIYADHARSHINI A",25,92
810023214026,"SUBIKSHA J",31,84
810023214027,"FLORENCE HINRIKA B",21,96
810023214028,"DHANUSH J U",25,90
810023214029,"SOWMIYA S",23,89
810023214030,"ABIRAMI S",25,79
810023214031,"SANCHITHA R S",25,92
810023214032,"HEMA SHALINI S",29,93
810023214033,"PRIYADHARSHINI V",27,88
810023214034,"DHARANI M",31,92
810023214035,"MAHESHWARAN S",29,69
810023214036,"DIVAHAR S",27,83
810023214037,"DHANYA M",27,77
810023214038,"JASMINE SHARMILA S",31,94
810023214039,"NANDHINI S",31,91
810023214040,"BAVATHARANI S",27,85
810023214041,"SHREYA B",27,91
810023214042,"SHILVIYA R",25,92
810023214043,"LOGESHWARAN K",29,82
810023214044,"DARWIN NAAKENDIRAN D",23,66
810023214045,"SARANYAESHWARI S",29,90
810023214046,"ABARNA P S",25,94
810023214047,"KEERTHIKA R",29,85
810023214048,"DEEPIKA T",25,91
810023214049,"GLADSON RAJ I",24,88
810023214050,"MAHABUNISHA M",27,93
810023214051,"JANANI S",31,96
810023214053,"SELVAKUMAR S",25,76
810023214054,"SURUTHI M",31,75
"Total Attendance:31"
