"UNIVERSITY COLLEGE OF ENGINEERING, BIT CAMPUS, ANNA UNIVERSITY,TIRUCHIRAPPALLI - 620024"
"FACULTY : Dr.K.Renuka"
"CLASS : CIVIL-B","SUBJECT : GE3272"
regno,name,ge3272_mark,ge3272_attendance
810023103056,"KARTHICK S",75,27
810023103057,"GANGA K",85,48
810023103058,"SHAMUNDESHWARI T",80,48
810023103059,"DHANUSHA S",85,44
810023103060,"ARTHI S",85,52
810023103061,"DHIVYA DHARSHINI G",95,48
810023103062,"HARIHARAN N",80,40
810023103063,"ROHINI G K",100,60
810023103064,"DHEJESH KUMAR P",95,44
810023103065,"SUNITHA K",85,56
810023103066,"LINGESH KUMAR",80,46
810023103067,"MOHAMED ANIF S",90,40
810023103068,"LATCHATHAN T",80,40
810023103069,"THILAK S",75,32
810023103070,"AARTHI K",85,48
810023103071,"SASIKUMAR S",75,46
810023103072,"ABDUL AJEES M",75,36
810023103073,"BANU SRI VARTHANI V",100,60
810023103074,"SANTHOSH M",75,38
810023103075,"AATHISESAN S",75,23
810023103076,"ANBUMANI M",75,40
810023103077,"PRIYADHARSHINI M",85,36
810023103078,"KODESHWARI M",85,48
810023103079,"APOORVA N",100,52
810023103080,"SHANMUGA PRIYA K",95,52
810023103082,"JANANISRI G",85,44
810023103083,"SAMINATHAN M",75,28
810023103084,"PRAVEEN S",75,52
810023103085,"JEEVA M",75,40
810023103086,"YUVARAJ R",75,44
810023103087,"PRASANYA D",80,48
810023103088,"YUGANIKHI G",85,48
810023103089,"MARIA AKASH A",75,36
810023103090,"RESHIKA V",85,44
810023103091,"NIRANJAN S",80,26
810023103092,"GOKUL S",95,40
810023103093,"VINOTHA R",75,48
810023103094,"BALAMURUGAN S",75,28
810023103095,"HARIHARAN A",80,40
810023103096,"VINOCHAN M",75,32
810023103097,"AZHARUDEEN R",75,41
810023103098,"JEYAKISHORE S S",70,21
810023103099,"AYYAPPAN S",75,41
810023103100,"BASKAR A",70,25
810023103101,"KATHIRAVAN K",70,40
810023103102,"KAVIPRIYA R",85,44
810023103103,"PRAVINRAJ D",75,28
810023103104,"VASANTH A",75,38
810023103105,"PRIYA V",75,42
"Total Attendance:60"
