"UNIVERSITY COLLEGE OF ENGINEERING, BIT CAMPUS, ANNA UNIVERSITY,TIRUCHIRAPPALLI - 620024"
"FACULTY : Dr.R.Udhayakumar"
"CLASS : CIVIL-A","SUBJECT : CY3151"
regno,name,cy3151_mark,cy3151_attendance
810023103001,"JEEVA N",46,19
810023103002,"JAYASHREE N",53,20
810023103003,"NADHIYA T",61,21
810023103004,"YUVASHREE G",70,20
810023103005,"KAVIRAJAN K",54,15
810023103006,"RAGUL KANTH B",76,17
810023103007,"ABARNA A",88,20
810023103008,"BALAJI S",72,17
810023103010,"SIVABALAN G",55,17
810023103011,"KRITHIKRAJAN P",56,19
810023103012,"SHAHITHYA R",83,20
810023103013,"ARUL K",53,21
810023103014,"PARKAVI B",52,21
810023103015,"RITHICK P M",58,18
810023103016,"SRINESH S",62,19
810023103017,"SIVASANKARI V",49,20
810023103018,"ASWATHI G",54,21
810023103019,"HARINI M",48,19
810023103020,"NISHA A",61,21
810023103021,"PRADEEP N",58,17
810023103022,"RAJKUMAR S I",59,19
810023103023,"MONISHA S",56,21
810023103024,"RAMKUMAR R",47,21
810023103025,"HARISH R",48,20
810023103026,"MATHAN KUMAR A",62,20
810023103027,"SURYA DHARSHINI M",57,21
810023103028,"KABILAN S",49,17
810023103029,"KEERTHANA K",63,20
810023103030,"KESAVAKUMARI S",40,13
810023103031,"LOKESHWARAN V B",67,16
810023103032,"ABHISHEK R",60,17
810023103033,"DHARANI S",47,20
810023103034,"NITHINARVINTH A",66,21
810023103035,"BHARANIDHARAN V",57,20
810023103036,"NEELAVANNAN R",57,19
810023103037,"NISHANTH S",49,21
810023103038,"ARUN P",71,21
810023103039,"KALIVIGNESH G",49,19
810023103040,"MOHAMED HALITH A",62,19
810023103041,"ABDUL KALAM A",44,21
810023103042,"BHARATHI R K",47,20
810023103043,"JAGADESAN T",60,17
810023103044,"NITHIYASRI M",60,21
810023103045,"ABINAYA R",61,20
810023103046,"HAARINI S",52,20
810023103047,"SRIRAM NATTAR P",49,18
810023103048,"YOGESHWARAN V",54,16
810023103049,"VAISHNAVI T",66,19
810023103050,"KAMALNATH A",57,19
810023103051,"VIMAL KUMAR M",52,19
810023103052,"ARAVIND RAGHUNATHAN G",57,15
810023103053,"SRUTHI A",47,19
810023103054,"PRITHIKA R T",83,21
810023103055,"AJAY SUNDAR A",56,21
"Total Attendance:25"
