"UNIVERSITY COLLEGE OF ENGINEERING, BIT CAMPUS, ANNA UNIVERSITY,TIRUCHIRAPPALLI - 620024"
"FACULTY : Dr.K.Murugesan"
"CLASS : CIVIL-B","SUBJECT : GE3252"
regno,name,ge3252_attendance,ge3252_mark
810023103056,"KARTHICK S",4,58
810023103057,"GANGA K",9,79
810023103058,"SHAMUNDESHWARI T",9,86
810023103059,"DHANUSHA S",6,72
810023103060,"ARTHI S",8,67
810023103061,"DHIVYA DHARSHINI G",9,63
810023103062,"HARIHARAN N",7,58
810023103063,"ROHINI G K",9,76
810023103064,"DHEJESH KUMAR P",9,62
810023103065,"SUNITHA K",6,90
810023103066,"LINGESH KUMAR",8,60
810023103067,"MOHAMED ANIF S",6,75
810023103068,"LATCHATHAN T",9,65
810023103069,"THILAK S",8,62
810023103070,"AARTHI K",9,75
810023103071,"SASIKUMAR S",8,55
810023103072,"ABDUL AJEES M",8,80
810023103073,"BANU SRI VARTHANI V",9,77
810023103074,"SANTHOSH M",7,49
810023103075,"AATHISESAN S",7,63
810023103076,"ANBUMANI M",9,62
810023103077,"PRIYADHARSHINI M",7,46
810023103078,"KODESHWARI M",8,72
810023103079,"APOORVA N",9,76
810023103080,"SHANMUGA PRIYA K",8,70
810023103082,"JANANISRI G",8,83
810023103083,"SAMINATHAN M",6,74
810023103084,"PRAVEEN S",9,53
810023103085,"JEEVA M",7,82
810023103086,"YUVARAJ R",8,77
810023103087,"PRASANYA D",9,85
810023103088,"YUGANIKHI G",8,78
810023103089,"MARIA AKASH A",8,64
810023103090,"RESHIKA V",9,82
810023103091,"NIRANJAN S",8,40
810023103092,"GOKUL S",8,74
810023103093,"VINOTHA R",8,83
810023103094,"BALAMURUGAN S",6,84
810023103095,"HARIHARAN A",9,73
810023103096,"VINOCHAN M",8,84
810023103097,"AZHARUDEEN R",9,69
810023103098,"JEYAKISHORE S S",8,67
810023103099,"AYYAPPAN S",7,72
810023103100,"BASKAR A",7,77
810023103101,"KATHIRAVAN K",8,74
810023103102,"KAVIPRIYA R",7,77
810023103103,"PRAVINRAJ D",9,60
810023103104,"VASANTH A",8,61
810023103105,"PRIYA V",8,40
"Total Attendance:9"
