"UNIVERSITY COLLEGE OF ENGINEERING, BIT CAMPUS, ANNA UNIVERSITY,TIRUCHIRAPPALLI - 620024"
"FACULTY : Dr.S.Ramasubramanian"
"CLASS : CIVIL-A","SUBJECT : MA3251"
regno,name,ma3251_attendance,ma3251_mark
810023103001,"JEEVA N",27,50
810023103002,"JAYASHREE N",25,53
810023103003,"NADHIYA T",29,55
810023103004,"YUVASHREE G",27,75
810023103005,"KAVIRAJAN K",25,65
810023103006,"RAGUL KANTH B",31,88
810023103007,"ABARNA A",33,93
810023103008,"BALAJI S",33,90
810023103010,"SIVABALAN G",28,64
810023103011,"KRITHIKRAJAN P",25,60
810023103012,"SHAHITHYA R",33,73
810023103013,"ARUL K",26,58
810023103014,"PARKAVI B",31,54
810023103015,"RITHICK P M",23,40
810023103016,"SRINESH S",28,73
810023103017,"SIVASANKARI V",31,63
810023103018,"ASWATHI G",30,70
810023103019,"HARINI M",27,63
810023103020,"NISHA A",33,61
810023103021,"PRADEEP N",26,73
810023103022,"RAJKUMAR S I",28,61
810023103023,"MONISHA S",29,51
810023103024,"RAMKUMAR R",28,60
810023103025,"HARISH R",21,60
810023103026,"MATHAN KUMAR A",28,73
810023103027,"SURYA DHARSHINI M",33,73
810023103028,"KABILAN S",26,64
810023103029,"KEERTHANA K",23,66
810023103030,"KESAVAKUMARI S",0,0
810023103031,"LOKESHWARAN V B",24,59
810023103032,"ABHISHEK R",25,63
810023103033,"DHARANI S",32,66
810023103034,"NITHINARVINTH A",30,65
810023103035,"BHARANIDHARAN V",28,82
810023103036,"NEELAVANNAN R",22,70
810023103037,"NISHANTH S",23,60
810023103038,"ARUN P",21,70
810023103039,"KALIVIGNESH G",23,66
810023103040,"MOHAMED HALITH A",28,62
810023103041,"ABDUL KALAM A",21,55
810023103042,"BHARATHI R K",28,56
810023103043,"JAGADESAN T",22,59
810023103044,"NITHIYASRI M",33,56
810023103045,"ABINAYA R",31,58
810023103046,"HAARINI S",33,63
810023103047,"SRIRAM NATTAR P",21,40
810023103048,"YOGESHWARAN V",28,59
810023103049,"VAISHNAVI T",33,75
810023103050,"KAMALNATH A",25,58
810023103051,"VIMAL KUMAR M",21,52
810023103052,"ARAVIND RAGHUNATHAN G",21,52
810023103053,"SRUTHI A",33,58
810023103054,"PRITHIKA R T",33,86
810023103055,"AJAY SUNDAR A",21,55
"Total Attendance:33"
