"UNIVERSITY COLLEGE OF ENGINEERING, BIT CAMPUS, ANNA UNIVERSITY,TIRUCHIRAPPALLI - 620024"
"FACULTY : Dr.C.Sharmila Devi"
"CLASS : CIVIL-TM","SUBJECT : MA3251"
regno,name,ma3251_attendance,ma3251_mark
810023126001,"TAMILSELVAN M",30,85
810023126002,"MUTHULAKSHMI G",30,98
810023126003,"NANDHINI K",30,98
810023126004,"SRIPRIYA B",30,95
810023126005,"KIRUTHIGA S",30,94
810023126006,"DINESH P",30,78
810023126007,"KAVI ARASU C",26,97
810023126008,"SARANYA S",29,94
810023126009,"JANANI K",26,90
810023126010,"RUBASRI M",30,95
810023126011,"MADHUMITHA S",22,85
810023126012,"GANGANADHI P",29,96
810023126013,"SUVETHA V",30,97
810023126014,"ABIRAMI A",30,94
810023126015,"GOWTHAM V",26,92
810023126016,"GOKULA VASUNDHARA SRI R",21,75
810023126017,"KRISHNAVENI R",22,78
810023126018,"KARTHIKEYAN S",30,74
810023126019,"BUVANESH C",30,80
810023126020,"PATHMAVATHI L",28,94
810023126021,"MOHANA DEVI S",28,90
810023126022,"DHANUSHRAJAN K",30,90
810023126023,"PRADEEP V",25,72
810023126024,"AARTHY K",28,97
810023126025,"SELVAPRIYA P",30,98
810023126026,"PRABHA P",29,85
810023126027,"THIRUPATHI N",27,84
810023126028,"PRAVEENKUMAR S",26,74
810023126029,"AAKASH P",30,75
810023126030,"ABIRAMI B",30,96
810023126031,"HEMALATHA P",30,70
810023126032,"GUNA R",28,74
810023126033,"SHARUKHAN M",25,79
810023126034,"MATHIBALAN P",26,82
810023126036,"AJAY N",22,90
810023126037,"NAVEEN KUMAR S",28,89
810023126038,"PACHAIYAPPAN P",30,70
810023126039,"DHARNISH K",30,72
810023126040,"KANSHIYA S",29,78
810023126041,"KAVITHASAN M",30,80
810023126042,"SHARMILI M",24,75
810023126043,"VANISRI R",24,74
810023126044,"YOGESH J",26,78
810023126045,"PRAVEEN KUMAR M",25,83
810023126046,"KIRAN SANKAR R",26,84
810023126047,"ABINAYA A",30,98
810023126048,"HARISH R V",20,74
810023126049,"ADHITHYA A",28,70
"Total Attendance:30"
