regno,name,ph3201_attendance,ph3201_mark
810023103001,"JEEVA N",21,63
810023103002,"JAYASHREE N",16,66
810023103003,"NADHIYA T",22,76
810023103004,"YUVASHREE G",20,73
810023103005,"KAVIRAJAN K",22,76
810023103006,"RAGUL KANTH B",23,99
810023103007,"ABARNA A",25,99
810023103008,"BALAJI S",23,94
810023103010,"SIVABALAN G",21,66
810023103011,"KRITHIKRAJAN P",19,71
810023103012,"SHAHITHYA R",24,96
810023103013,"ARUL K",20,52
810023103014,"PARKAVI B",23,74
810023103015,"RITHICK P M",15,60
810023103016,"SRINESH S",18,79
810023103017,"SIVASANKARI V",23,78
810023103018,"ASWATHI G",22,68
810023103019,"HARINI M",21,77
810023103020,"NISHA A",23,88
810023103021,"PRADEEP N",23,55
810023103022,"RAJKUMAR S I",20,77
810023103023,"MONISHA S",21,75
810023103024,"RAMKUMAR R",20,73
810023103025,"HARISH R",21,66
810023103026,"MATHAN KUMAR A",24,64
810023103027,"SURYA DHARSHINI M",25,84
810023103028,"KABILAN S",18,75
810023103029,"KEERTHANA K",16,59
810023103030,"KESAVAKUMARI S",0,0
810023103031,"LOKESHWARAN V B",18,59
810023103032,"ABHISHEK R",23,80
810023103033,"DHARANI S",22,70
810023103034,"NITHINARVINTH A",19,64
810023103035,"BHARANIDHARAN V",24,82
810023103036,"NEELAVANNAN R",22,71
810023103037,"NISHANTH S",21,44
810023103038,"ARUN P",23,64
810023103039,"KALIVIGNESH G",19,42
810023103040,"MOHAMED HALITH A",24,72
810023103041,"ABDUL KALAM A",20,69
810023103042,"BHARATHI R K",23,43
810023103043,"JAGADESAN T",21,72
810023103044,"NITHIYASRI M",22,75
810023103045,"ABINAYA R",71,69
810023103046,"HAARINI S",20,81
810023103047,"SRIRAM NATTAR P",19,40
810023103048,"YOGESHWARAN V",19,80
810023103049,"VAISHNAVI T",25,90
810023103050,"KAMALNATH A",23,83
810023103051,"VIMAL KUMAR M",18,50
810023103052,"ARAVIND RAGHUNATHAN G",20,45
810023103053,"SRUTHI A",26,55
810023103054,"PRITHIKA R T",24,99
810023103055,"AJAY SUNDAR A",21,51
"Total Attendance:26"
