"UNIVERSITY COLLEGE OF ENGINEERING, BIT CAMPUS, ANNA UNIVERSITY,TIRUCHIRAPPALLI - 620024"
"FACULTY : Mrs.N.Shanmuga Priya"
"CLASS : CIVILMECHANICAL-TM","SUBJECT : GE3151"
regno,name,ge3151_mark,ge3151_attendance
810023126001,"TAMILSELVAN M",81,20
810023126002,"MUTHULAKSHMI G",80,18
810023126003,"NANDHINI K",93,22
810023126004,"SRIPRIYA B",92,20
810023126005,"KIRUTHIGA S",80,23
810023126006,"DINESH P",76,23
810023126007,"KAVI ARASU C",84,21
810023126008,"SARANYA S",92,21
810023126009,"JANANI K",82,20
810023126010,"RUBASRI M",86,23
810023126011,"MADHUMITHA S",84,23
810023126012,"GANGANADHI P",82,23
810023126013,"SUVETHA V",90,21
810023126014,"ABIRAMI A",94,21
810023126015,"GOWTHAM V",77,21
810023126016,"GOKULA VASUNDHARA SRI R",90,22
810023126017,"KRISHNAVENI R",78,22
810023126018,"KARTHIKEYAN S",50,16
810023126019,"BUVANESH C",80,18
810023126020,"PATHMAVATHI L",90,21
810023126021,"MOHANA DEVI S",88,17
810023126022,"DHANUSHRAJAN K",83,21
810023126023,"PRADEEP V",77,18
810023126024,"AARTHY K",85,21
810023126025,"SELVAPRIYA P",86,21
810023126026,"PRABHA P",87,20
810023126027,"THIRUPATHI N",56,22
810023126028,"PRAVEENKUMAR S",70,21
810023126029,"AAKASH P",57,22
810023126030,"ABIRAMI B",70,22
810023126031,"HEMALATHA P",54,21
810023126032,"GUNA R",70,23
810023126033,"SHARUKHAN M",56,21
810023126034,"MATHIBALAN P",51,23
810023126036,"AJAY N",74,23
810023126037,"NAVEEN KUMAR S",74,23
810023126038,"PACHAIYAPPAN P",70,23
810023126039,"DHARNISH K",70,21
810023126040,"KANSHIYA S",81,22
810023126041,"KAVITHASAN M",71,21
810023126042,"SHARMILI M",50,23
810023126043,"VANISRI R",70,23
810023126044,"YOGESH J",56,23
810023126045,"PRAVEEN KUMAR M",79,23
810023126046,"KIRAN SANKAR R",73,21
810023126047,"ABINAYA A",94,21
810023126048,"HARISH R V",83,23
810023126049,"ADHITHYA A",55,21
810023127001,"AMUDHAN S",54,21
810023127002,"SEVVELJAYAM S",52,22
810023127003,"ANDAVAR K",0,10
810023127004,"ASHWIN G",76,20
810023127005,"NAWINKUMAAR V",54,23
810023127006,"XAVIER AKASH A",70,22
810023127007,"KAVEENA M",71,22
810023127008,"NAVEEN S",74,23
810023127009,"BALAKRISHNAN R",71,22
810023127010,"MOHAN PANDI D",52,23
810023127011,"DHANARANGAN R",54,21
810023127012,"SAKTHIVEL P",73,22
810023127013,"PUNITH S",52,22
810023127014,"SRIDHAR T",0,9
810023127015,"VENKATARAJ V",56,22
810023127016,"SHAMEER AKTHAR S",53,21
810023127017,"GOWSHIKKUMAR S",55,21
"Total Attendance:23"
