regno,name,ge3251_attendance,ge3251_mark
810023103001,"JEEVA N",32,60
810023103002,"JAYASHREE N",44,50
810023103003,"NADHIYA T",44,70
810023103004,"YUVASHREE G",44,70
810023103005,"KAVIRAJAN K",36,56
810023103006,"RAGUL KANTH B",30,70
810023103007,"ABARNA A",50,100
810023103008,"BALAJI S",46,90
810023103010,"SIVABALAN G",34,52
810023103011,"KRITHIKRAJAN P",50,88
810023103012,"SHAHITHYA R",36,50
810023103013,"ARUL K",36,50
810023103014,"PARKAVI B",44,65
810023103015,"RITHICK P M",36,40
810023103016,"SRINESH S",40,52
810023103017,"SIVASANKARI V",44,84
810023103018,"ASWATHI G",40,63
810023103019,"HARINI M",48,80
810023103020,"NISHA A",48,84
810023103021,"PRADEEP N",35,80
810023103022,"RAJKUMAR S I",40,45
810023103023,"MONISHA S",46,83
810023103024,"RAMKUMAR R",38,50
810023103025,"HARISH R",40,55
810023103026,"MATHAN KUMAR A",42,86
810023103027,"SURYA DHARSHINI M",50,73
810023103028,"KABILAN S",40,80
810023103029,"KEERTHANA K",40,50
810023103030,"KESAVAKUMARI S",0,00
810023103031,"LOKESHWARAN V B",42,50
810023103032,"ABHISHEK R",38,65
810023103033,"DHARANI S",46,65
810023103034,"NITHINARVINTH A",40,60
810023103035,"BHARANIDHARAN V",50,80
810023103036,"NEELAVANNAN R",38,50
810023103037,"NISHANTH S",36,55
810023103038,"ARUN P",38,75
810023103039,"KALIVIGNESH G",35,50
810023103040,"MOHAMED HALITH A",38,60
810023103041,"ABDUL KALAM A",42,85
810023103042,"BHARATHI R K",40,55
810023103043,"JAGADESAN T",38,50
810023103044,"NITHIYASRI M",48,80
810023103045,"ABINAYA R",48,80
810023103046,"HAARINI S",50,75
810023103047,"SRIRAM NATTAR P",32,40
810023103048,"YOGESHWARAN V",36,60
810023103049,"VAISHNAVI T",50,100
810023103050,"KAMALNATH A",36,50
810023103051,"VIMAL KUMAR M",36,55
810023103052,"ARAVIND RAGHUNATHAN G",40,50
810023103053,"SRUTHI A",50,80
810023103054,"PRITHIKA R T",50,90
810023103055,"AJAY SUNDAR A",36,61
"Total Attendance:50"
