"UNIVERSITY COLLEGE OF ENGINEERING, BIT CAMPUS, ANNA UNIVERSITY,TIRUCHIRAPPALLI - 620024"
"FACULTY : Mr.R.Shanmugavel"
"CLASS : CIVILMECHANICAL-TM","SUBJECT : HS3152"
regno,name,hs3152_mark,hs3152_attendance
810023126001,"TAMILSELVAN M",81,24
810023126002,"MUTHULAKSHMI G",84,25
810023126003,"NANDHINI K",90,25
810023126004,"SRIPRIYA B",91,22
810023126005,"KIRUTHIGA S",81,25
810023126006,"DINESH P",74,25
810023126007,"KAVI ARASU C",77,23
810023126008,"SARANYA S",90,24
810023126009,"JANANI K",88,25
810023126010,"RUBASRI M",93,24
810023126011,"MADHUMITHA S",82,25
810023126012,"GANGANADHI P",90,23
810023126013,"SUVETHA V",91,24
810023126014,"ABIRAMI A",86,25
810023126015,"GOWTHAM V",84,22
810023126016,"GOKULA VASUNDHARA SRI R",85,19
810023126017,"KRISHNAVENI R",85,25
810023126018,"KARTHIKEYAN S",65,19
810023126019,"BUVANESH C",76,22
810023126020,"PATHMAVATHI L",78,25
810023126021,"MOHANA DEVI S",93,25
810023126022,"DHANUSHRAJAN K",83,24
810023126023,"PRADEEP V",65,25
810023126024,"AARTHY K",89,22
810023126025,"SELVAPRIYA P",90,23
810023126026,"PRABHA P",82,22
810023126027,"THIRUPATHI N",86,25
810023126028,"PRAVEENKUMAR S",72,24
810023126029,"AAKASH P",67,25
810023126030,"ABIRAMI B",84,24
810023126031,"HEMALATHA P",82,25
810023126032,"GUNA R",78,22
810023126033,"SHARUKHAN M",65,21
810023126034,"MATHIBALAN P",75,17
810023126036,"AJAY N",79,18
810023126037,"NAVEEN KUMAR S",79,24
810023126038,"PACHAIYAPPAN P",80,22
810023126039,"DHARNISH K",75,21
810023126040,"KANSHIYA S",83,23
810023126041,"KAVITHASAN M",83,25
810023126042,"SHARMILI M",77,25
810023126043,"VANISRI R",79,24
810023126044,"YOGESH J",80,23
810023126045,"PRAVEEN KUMAR M",80,23
810023126046,"KIRAN SANKAR R",90,25
810023126047,"ABINAYA A",91,25
810023126048,"HARISH R V",75,20
810023126049,"ADHITHYA A",76,19
810023127001,"AMUDHAN S",70,20
810023127002,"SEVVELJAYAM S",65,23
810023127003,"ANDAVAR K",0,0
810023127004,"ASHWIN G",78,23
810023127005,"NAWINKUMAAR V",71,25
810023127006,"XAVIER AKASH A",73,24
810023127007,"KAVEENA M",83,25
810023127008,"NAVEEN S",81,23
810023127009,"BALAKRISHNAN R",81,25
810023127010,"MOHAN PANDI D",0,7
810023127011,"DHANARANGAN R",72,18
810023127012,"SAKTHIVEL P",80,24
810023127013,"PUNITH S",75,22
810023127014,"SRIDHAR T",0,0
810023127015,"VENKATARAJ V",0,11
810023127016,"SHAMEER AKTHAR S",66,14
810023127017,"GOWSHIKKUMAR S",0,11
"Total Attendance:25"
