"UNIVERSITY COLLEGE OF ENGINEERING, BIT CAMPUS, ANNA UNIVERSITY,TIRUCHIRAPPALLI - 620024"
"FACULTY : Mrs.N.Shanmuga Priya"
"CLASS : CIVIL-A","SUBJECT : GE3151"
regno,name,ge3151_mark,ge3151_attendance
810023103001,"JEEVA N",86,21
810023103002,"JAYASHREE N",94,21
810023103003,"NADHIYA T",95,23
810023103004,"YUVASHREE G",96,22
810023103005,"KAVIRAJAN K",91,22
810023103006,"RAGUL KANTH B",92,23
810023103007,"ABARNA A",99,22
810023103008,"BALAJI S",98,22
810023103010,"SIVABALAN G",90,23
810023103011,"KRITHIKRAJAN P",84,21
810023103012,"SHAHITHYA R",98,21
810023103013,"ARUL K",83,23
810023103014,"PARKAVI B",81,23
810023103015,"RITHICK P M",82,22
810023103016,"SRINESH S",86,21
810023103017,"SIVASANKARI V",84,23
810023103018,"ASWATHI G",93,23
810023103019,"HARINI M",94,22
810023103020,"NISHA A",95,23
810023103021,"PRADEEP N",93,17
810023103022,"RAJKUMAR S I",86,22
810023103023,"MONISHA S",87,22
810023103024,"RAMKUMAR R",83,21
810023103025,"HARISH R",84,21
810023103026,"MATHAN KUMAR A",85,22
810023103027,"SURYA DHARSHINI M",93,22
810023103028,"KABILAN S",94,20
810023103029,"KEERTHANA K",86,19
810023103030,"KESAVAKUMARI S",14,8
810023103031,"LOKESHWARAN V B",93,20
810023103032,"ABHISHEK R",94,21
810023103033,"DHARANI S",95,22
810023103034,"NITHINARVINTH A",86,20
810023103035,"BHARANIDHARAN V",87,22
810023103036,"NEELAVANNAN R",81,21
810023103037,"NISHANTH S",90,20
810023103038,"ARUN P",91,20
810023103039,"KALIVIGNESH G",83,20
810023103040,"MOHAMED HALITH A",84,23
810023103041,"ABDUL KALAM A",83,21
810023103042,"BHARATHI R K",88,20
810023103043,"JAGADESAN T",81,21
810023103044,"NITHIYASRI M",84,22
810023103045,"ABINAYA R",88,22
810023103046,"HAARINI S",91,23
810023103047,"SRIRAM NATTAR P",83,19
810023103048,"YOGESHWARAN V",84,21
810023103049,"VAISHNAVI T",93,23
810023103050,"KAMALNATH A",83,20
810023103051,"VIMAL KUMAR M",82,19
810023103052,"ARAVIND RAGHUNATHAN G",81,23
810023103053,"SRUTHI A",86,21
810023103054,"PRITHIKA R T",96,23
810023103055,"AJAY SUNDAR A",83,21
"Total Attendance:23"
