"UNIVERSITY COLLEGE OF ENGINEERING, BIT CAMPUS, ANNA UNIVERSITY,TIRUCHIRAPPALLI - 620024"
"FACULTY : Dr.M.Chandrasekaran"
"CLASS : CIVIL-A","SUBJECT : GE3252"
regno,name,ge3252_attendance,ge3252_mark
810023103001,"JEEVA N",8,51
810023103002,"JAYASHREE N",8,63
810023103003,"NADHIYA T",9,64
810023103004,"YUVASHREE G",9,63
810023103005,"KAVIRAJAN K",7,43
810023103006,"RAGUL KANTH B",9,66
810023103007,"ABARNA A",9,85
810023103008,"BALAJI S",8,63
810023103010,"SIVABALAN G",7,70
810023103011,"KRITHIKRAJAN P",7,63
810023103012,"SHAHITHYA R",9,92
810023103013,"ARUL K",8,58
810023103014,"PARKAVI B",9,74
810023103015,"RITHICK P M",6,40
810023103016,"SRINESH S",7,64
810023103017,"SIVASANKARI V",9,80
810023103018,"ASWATHI G",9,65
810023103019,"HARINI M",9,62
810023103020,"NISHA A",8,75
810023103021,"PRADEEP N",9,46
810023103022,"RAJKUMAR S I",8,58
810023103023,"MONISHA S",8,64
810023103024,"RAMKUMAR R",7,62
810023103025,"HARISH R",9,66
810023103026,"MATHAN KUMAR A",8,70
810023103027,"SURYA DHARSHINI M",9,63
810023103028,"KABILAN S",5,81
810023103029,"KEERTHANA K",6,67
810023103030,"KESAVAKUMARI S",0,AB
810023103031,"LOKESHWARAN V B",7,60
810023103032,"ABHISHEK R",7,56
810023103033,"DHARANI S",8,52
810023103034,"NITHINARVINTH A",8,56
810023103035,"BHARANIDHARAN V",9,60
810023103036,"NEELAVANNAN R",8,50
810023103037,"NISHANTH S",8,46
810023103038,"ARUN P",9,60
810023103039,"KALIVIGNESH G",6,57
810023103040,"MOHAMED HALITH A",9,56
810023103041,"ABDUL KALAM A",8,55
810023103042,"BHARATHI R K",9,51
810023103043,"JAGADESAN T",8,53
810023103044,"NITHIYASRI M",9,60
810023103045,"ABINAYA R",8,70
810023103046,"HAARINI S",7,70
810023103047,"SRIRAM NATTAR P",6,40
810023103048,"YOGESHWARAN V",7,52
810023103049,"VAISHNAVI T",9,62
810023103050,"KAMALNATH A",9,48
810023103051,"VIMAL KUMAR M",9,47
810023103052,"ARAVIND RAGHUNATHAN G",6,45
810023103053,"SRUTHI A",9,61
810023103054,"PRITHIKA R T",9,54
810023103055,"AJAY SUNDAR A",9,51
"Total Attendance:9"
