"UNIVERSITY COLLEGE OF ENGINEERING, BIT CAMPUS, ANNA UNIVERSITY,TIRUCHIRAPPALLI - 620024"
"FACULTY : Mrs.N.Shanmuga Priya"
"CLASS : CIVIL-b","SUBJECT : GE3151"
regno,name,ge3151_mark,ge3151_attendance
810023103056,"KARTHICK S",83,22
810023103057,"GANGA K",90,24
810023103058,"SHAMUNDESHWARI T",95,24
810023103059,"DHANUSHA S",80,24
810023103060,"ARTHI S",88,24
810023103061,"DHIVYA DHARSHINI G",64,24
810023103062,"HARIHARAN N",70,22
810023103063,"ROHINI G K",88,23
810023103064,"DHEJESH KUMAR P",94,22
810023103065,"SUNITHA K",100,24
810023103066,"LINGESH KUMAR",88,24
810023103067,"MOHAMED ANIF S",88,25
810023103068,"LATCHATHAN T",67,23
810023103069,"THILAK S",88,24
810023103070,"AARTHI K",89,23
810023103071,"SASIKUMAR S",90,25
810023103072,"ABDUL AJEES M",80,23
810023103073,"BANU SRI VARTHANI V",96,24
810023103074,"SANTHOSH M",86,22
810023103075,"AATHISESAN S",80,18
810023103076,"ANBUMANI M",52,20
810023103077,"PRIYADHARSHINI M",88,22
810023103078,"KODESHWARI M",77,25
810023103079,"APOORVA N",99,25
810023103080,"SHANMUGA PRIYA K",82,24
810023103082,"JANANISRI G",88,22
810023103083,"SAMINATHAN M",78,24
810023103084,"PRAVEEN S",58,21
810023103085,"JEEVA M",56,24
810023103086,"YUVARAJ R",72,23
810023103087,"PRASANYA D",96,25
810023103088,"YUGANIKHI G",96,23
810023103089,"MARIA AKASH A",80,20
810023103090,"RESHIKA V",97,24
810023103091,"NIRANJAN S",74,21
810023103092,"GOKUL S",56,22
810023103093,"VINOTHA R",86,24
810023103094,"BALAMURUGAN S",62,23
810023103095,"HARIHARAN A",92,22
810023103096,"VINOCHAN M",80,22
810023103097,"AZHARUDEEN R",60,23
810023103098,"JEYAKISHORE S S",46,23
810023103099,"AYYAPPAN S",66,21
810023103100,"BASKAR A",80,22
810023103101,"KATHIRAVAN K",68,20
810023103102,"KAVIPRIYA R",94,23
810023103103,"PRAVINRAJ D",80,23
810023103104,"VASANTH A",74,22
810023103105,"PRIYA V",76,24
"Total Attendance:25"
