"UNIVERSITY COLLEGE OF ENGINEERING, BIT CAMPUS, ANNA UNIVERSITY,TIRUCHIRAPPALLI - 620024"
"FACULTY : Dr.S.Mahendran"
"CLASS : CIVIL-B","SUBJECT : GE3271"
regno,name,ge3271_mark,ge3271_attendance
810023103056,"KARTHICK S",95,56
810023103057,"GANGA K",96,57
810023103058,"SHAMUNDESHWARI T",95,57
810023103059,"DHANUSHA S",71,54
810023103060,"ARTHI S",98,58
810023103061,"DHIVYA DHARSHINI G",97,57
810023103062,"HARIHARAN N",95,53
810023103063,"ROHINI G K",94,52
810023103064,"DHEJESH KUMAR P",96,53
810023103065,"SUNITHA K",94,54
810023103066,"LINGESH KUMAR",95,55
810023103067,"MOHAMED ANIF S","95 ",53
810023103068,"LATCHATHAN T",95,56
810023103069,"THILAK S",97,55
810023103070,"AARTHI K",96,58
810023103071,"SASIKUMAR S",96,54
810023103072,"ABDUL AJEES M",95,55
810023103073,"BANU SRI VARTHANI V",98,58
810023103074,"SANTHOSH M",97,56
810023103075,"AATHISESAN S",89,51
810023103076,"ANBUMANI M",95,53
810023103077,"PRIYADHARSHINI M",97,54
810023103078,"KODESHWARI M",94,54
810023103079,"APOORVA N",96,53
810023103080,"SHANMUGA PRIYA K",96,57
810023103082,"JANANISRI G",98,54
810023103083,"SAMINATHAN M",95,53
810023103084,"PRAVEEN S",96,52
810023103085,"JEEVA M",94,52
810023103086,"YUVARAJ R",97,56
810023103087,"PRASANYA D",96,57
810023103088,"YUGANIKHI G",96,56
810023103089,"MARIA AKASH A",95,56
810023103090,"RESHIKA V",95,53
810023103091,"NIRANJAN S",92,53
810023103092,"GOKUL S",96,54
810023103093,"VINOTHA R",96,54
810023103094,"BALAMURUGAN S",93,50
810023103095,"HARIHARAN A",94,56
810023103096,"VINOCHAN M",96,53
810023103097,"AZHARUDEEN R",90,49
810023103098,"JEYAKISHORE S S",92,50
810023103099,"AYYAPPAN S",89,50
810023103100,"BASKAR A",96,54
810023103101,"KATHIRAVAN K",94,56
810023103102,"KAVIPRIYA R",96,57
810023103103,"PRAVINRAJ D",96,54
810023103104,"VASANTH A",94,52
810023103105,"PRIYA V",96,55
"Total Attendance:60"
