"UNIVERSITY COLLEGE OF ENGINEERING, BIT CAMPUS, ANNA UNIVERSITY,TIRUCHIRAPPALLI - 620024"
"FACULTY : Dr.J.Jayachandran"
"CLASS : CIVIL-A","SUBJECT : GE3172"
regno,name,ge3172_mark,ge3172_attendance
810023103001,"JEEVA N",90,30
810023103001,"JEEVA N",90,30
810023103002,"JAYASHREE N",92,30
810023103002,"JAYASHREE N",92,30
810023103003,"NADHIYA T",92,30
810023103003,"NADHIYA T",92,30
810023103004,"YUVASHREE G",92,30
810023103004,"YUVASHREE G",92,30
810023103005,"KAVIRAJAN K",94,30
810023103005,"KAVIRAJAN K",94,30
810023103006,"RAGUL KANTH B",100,30
810023103006,"RAGUL KANTH B",100,30
810023103007,"ABARNA A",100,30
810023103007,"ABARNA A",100,30
810023103008,"BALAJI S",100,30
810023103008,"BALAJI S",100,30
810023103010,"SIVABALAN G",80,30
810023103010,"SIVABALAN G",80,30
810023103011,"KRITHIKRAJAN P",92,30
810023103011,"KRITHIKRAJAN P",92,30
810023103012,"SHAHITHYA R",100,27
810023103012,"SHAHITHYA R",100,27
810023103013,"ARUL K",94,27
810023103013,"ARUL K",94,27
810023103014,"PARKAVI B",94,30
810023103014,"PARKAVI B",94,30
810023103015,"RITHICK P M",92,30
810023103015,"RITHICK P M",92,30
810023103016,"SRINESH S",100,30
810023103016,"SRINESH S",100,30
810023103017,"SIVASANKARI V",96,30
810023103017,"SIVASANKARI V",96,30
810023103018,"ASWATHI G",100,30
810023103018,"ASWATHI G",100,30
810023103019,"HARINI M",100,30
810023103019,"HARINI M",100,30
810023103020,"NISHA A",96,30
810023103020,"NISHA A",96,30
810023103021,"PRADEEP N",92,30
810023103021,"PRADEEP N",92,30
810023103022,"RAJKUMAR S I",90,30
810023103022,"RAJKUMAR S I",90,30
810023103023,"MONISHA S",100,30
810023103023,"MONISHA S",100,30
810023103024,"RAMKUMAR R",82,30
810023103024,"RAMKUMAR R",82,30
810023103025,"HARISH R",88,30
810023103025,"HARISH R",88,30
810023103026,"MATHAN KUMAR A",88,30
810023103026,"MATHAN KUMAR A",88,30
810023103027,"SURYA DHARSHINI M",100,30
810023103027,"SURYA DHARSHINI M",100,30
810023103028,"KABILAN S",92,30
810023103028,"KABILAN S",92,30
810023103029,"KEERTHANA K",92,30
810023103029,"KEERTHANA K",92,30
810023103030,"KESAVAKUMARI S",58,15
810023103030,"KESAVAKUMARI S",58,15
810023103031,"LOKESHWARAN V B",100,30
810023103031,"LOKESHWARAN V B",100,30
810023103032,"ABHISHEK R",100,30
810023103032,"ABHISHEK R",100,30
810023103033,"DHARANI S",96,30
810023103033,"DHARANI S",96,30
810023103034,"NITHINARVINTH A",84,30
810023103034,"NITHINARVINTH A",84,30
810023103035,"BHARANIDHARAN V",78,30
810023103035,"BHARANIDHARAN V",78,30
810023103036,"NEELAVANNAN R",92,30
810023103036,"NEELAVANNAN R",92,30
810023103037,"NISHANTH S",88,30
810023103037,"NISHANTH S",88,30
810023103038,"ARUN P",96,30
810023103038,"ARUN P",96,30
810023103039,"KALIVIGNESH G",86,30
810023103039,"KALIVIGNESH G",86,30
810023103040,"MOHAMED HALITH A",86,30
810023103040,"MOHAMED HALITH A",86,30
810023103041,"ABDUL KALAM A",90,30
810023103041,"ABDUL KALAM A",90,30
810023103042,"BHARATHI R K",82,30
810023103042,"BHARATHI R K",82,30
810023103043,"JAGADESAN T",86,30
810023103043,"JAGADESAN T",86,30
810023103044,"NITHIYASRI M",100,30
810023103044,"NITHIYASRI M",100,30
810023103045,"ABINAYA R",100,30
810023103045,"ABINAYA R",100,30
810023103046,"HAARINI S",100,30
810023103046,"HAARINI S",100,30
810023103047,"SRIRAM NATTAR P",78,24
810023103047,"SRIRAM NATTAR P",78,24
810023103048,"YOGESHWARAN V",88,30
810023103048,"YOGESHWARAN V",88,30
810023103049,"VAISHNAVI T",100,30
810023103049,"VAISHNAVI T",100,30
810023103050,"KAMALNATH A",86,27
810023103050,"KAMALNATH A",86,27
810023103051,"VIMAL KUMAR M",84,27
810023103051,"VIMAL KUMAR M",84,27
810023103052,"ARAVIND RAGHUNATHAN G",80,27
810023103052,"ARAVIND RAGHUNATHAN G",80,27
810023103053,"SRUTHI A",96,30
810023103053,"SRUTHI A",96,30
810023103054,"PRITHIKA R T",100,30
810023103054,"PRITHIKA R T",100,30
810023103055,"AJAY SUNDAR A",100,30
810023103055,"AJAY SUNDAR A",100,30
"Total Attendance:30"
