"UNIVERSITY COLLEGE OF ENGINEERING, BIT CAMPUS, ANNA UNIVERSITY,TIRUCHIRAPPALLI - 620024"
"FACULTY : Dr.V.Thangaraj"
"CLASS : CIVIL-B","SUBJECT : BS3171"
regno,name,bs3171_mark,bs3171_attendance
810023103056,"KARTHICK S",70,58
810023103057,"GANGA K",80,58
810023103058,"SHAMUNDESHWARI T",80,58
810023103059,"DHANUSHA S",70,58
810023103060,"ARTHI S",70,60
810023103061,"DHIVYA DHARSHINI G",70,54
810023103062,"HARIHARAN N",60,48
810023103063,"ROHINI G K",80,54
810023103064,"DHEJESH KUMAR P",80,58
810023103065,"SUNITHA K",80,56
810023103066,"LINGESH KUMAR",70,56
810023103067,"MOHAMED ANIF S",60,46
810023103068,"LATCHATHAN T",60,46
810023103069,"THILAK S",60,56
810023103070,"AARTHI K",70,56
810023103071,"SASIKUMAR S",70,58
810023103072,"ABDUL AJEES M",70,58
810023103073,"BANU SRI VARTHANI V",80,60
810023103074,"SANTHOSH M",70,58
810023103075,"AATHISESAN S",60,46
810023103076,"ANBUMANI M",70,56
810023103077,"PRIYADHARSHINI M",70,58
810023103078,"KODESHWARI M",70,58
810023103079,"APOORVA N",80,60
810023103080,"SHANMUGA PRIYA K",80,60
810023103082,"JANANISRI G",70,56
810023103083,"SAMINATHAN M",70,54
810023103084,"PRAVEEN S",70,58
810023103085,"JEEVA M",70,58
810023103086,"YUVARAJ R",70,58
810023103087,"PRASANYA D",80,60
810023103088,"YUGANIKHI G",80,58
810023103089,"MARIA AKASH A",70,54
810023103090,"RESHIKA V",70,58
810023103091,"NIRANJAN S",70,60
810023103092,"GOKUL S",70,60
810023103093,"VINOTHA R",70,60
810023103094,"BALAMURUGAN S",70,56
810023103095,"HARIHARAN A",70,58
810023103096,"VINOCHAN M",70,60
810023103097,"AZHARUDEEN R",70,58
810023103098,"JEYAKISHORE S S",70,52
810023103099,"AYYAPPAN S",70,58
810023103100,"BASKAR A",70,56
810023103101,"KATHIRAVAN K",70,54
810023103102,"KAVIPRIYA R",70,54
810023103103,"PRAVINRAJ D",70,56
810023103104,"VASANTH A",70,56
810023103105,"PRIYA V",70,56
"Total Attendance:60"
