"UNIVERSITY COLLEGE OF ENGINEERING, BIT CAMPUS, ANNA UNIVERSITY,TIRUCHIRAPPALLI - 620024"
"FACULTY : Dr.K.Murugesan"
"CLASS : CIVIL-TM","SUBJECT : GE3252"
regno,name,ge3252_attendance,ge3252_mark
810023126001,"TAMILSELVAN M",10,83
810023126002,"MUTHULAKSHMI G",10,83
810023126003,"NANDHINI K",10,95
810023126004,"SRIPRIYA B",9,95
810023126005,"KIRUTHIGA S",8,90
810023126006,"DINESH P",10,69
810023126007,"KAVI ARASU C",9,82
810023126008,"SARANYA S",9,94
810023126009,"JANANI K",10,88
810023126010,"RUBASRI M",9,90
810023126011,"MADHUMITHA S",9,78
810023126012,"GANGANADHI P",8,91
810023126013,"SUVETHA V",10,91
810023126014,"ABIRAMI A",10,81
810023126015,"GOWTHAM V",9,84
810023126016,"GOKULA VASUNDHARA SRI R",7,90
810023126017,"KRISHNAVENI R",8,93
810023126018,"KARTHIKEYAN S",10,55
810023126019,"BUVANESH C",10,84
810023126020,"PATHMAVATHI L",10,80
810023126021,"MOHANA DEVI S",10,88
810023126022,"DHANUSHRAJAN K",10,80
810023126023,"PRADEEP V",9,56
810023126024,"AARTHY K",10,96
810023126025,"SELVAPRIYA P",10,93
810023126026,"PRABHA P",9,92
810023126027,"THIRUPATHI N",10,76
810023126028,"PRAVEENKUMAR S",10,74
810023126029,"AAKASH P",10,64
810023126030,"ABIRAMI B",8,84
810023126031,"HEMALATHA P",10,77
810023126032,"GUNA R",10,61
810023126033,"SHARUKHAN M",10,64
810023126034,"MATHIBALAN P",9,76
810023126036,"AJAY N",8,79
810023126037,"NAVEEN KUMAR S",10,72
810023126038,"PACHAIYAPPAN P",8,85
810023126039,"DHARNISH K",10,77
810023126040,"KANSHIYA S",9,85
810023126041,"KAVITHASAN M",9,75
810023126042,"SHARMILI M",10,73
810023126043,"VANISRI R",10,76
810023126044,"YOGESH J",8,82
810023126045,"PRAVEEN KUMAR M",10,66
810023126046,"KIRAN SANKAR R",10,73
810023126047,"ABINAYA A",10,99
810023126048,"HARISH R V",8,62
810023126049,"ADHITHYA A",9,61
"Total Attendance:10"
