"UNIVERSITY COLLEGE OF ENGINEERING, BIT CAMPUS, ANNA UNIVERSITY,TIRUCHIRAPPALLI - 620024"
"FACULTY : Dr.M.Chandrasekaran"
"CLASS : CIVILMECHANICAL-TM","SUBJECT : GE3152"
regno,name,ge3152_mark,ge3152_attendance
810023126001,"TAMILSELVAN M",80,9
810023126002,"MUTHULAKSHMI G",71,9
810023126003,"NANDHINI K",85,9
810023126004,"SRIPRIYA B",77,9
810023126005,"KIRUTHIGA S",80,9
810023126006,"DINESH P",67,9
810023126007,"KAVI ARASU C",81,9
810023126008,"SARANYA S",86,9
810023126009,"JANANI K",81,9
810023126010,"RUBASRI M",86,8
810023126011,"MADHUMITHA S",78,9
810023126012,"GANGANADHI P",80,9
810023126013,"SUVETHA V",75,9
810023126014,"ABIRAMI A",80,9
810023126015,"GOWTHAM V",80,9
810023126016,"GOKULA VASUNDHARA SRI R",67,9
810023126017,"KRISHNAVENI R",72,9
810023126018,"KARTHIKEYAN S",52,7
810023126019,"BUVANESH C",72,9
810023126020,"PATHMAVATHI L",68,9
810023126021,"MOHANA DEVI S",77,9
810023126022,"DHANUSHRAJAN K",74,9
810023126023,"PRADEEP V",73,9
810023126024,"AARTHY K",81,9
810023126025,"SELVAPRIYA P",80,9
810023126026,"PRABHA P",83,9
810023126027,"THIRUPATHI N",78,9
810023126028,"PRAVEENKUMAR S",67,9
810023126029,"AAKASH P",57,9
810023126030,"ABIRAMI B",77,9
810023126031,"HEMALATHA P",64,9
810023126032,"GUNA R",68,9
810023126033,"SHARUKHAN M",56,9
810023126034,"MATHIBALAN P",66,9
810023126036,"AJAY N",64,8
810023126037,"NAVEEN KUMAR S",68,9
810023126038,"PACHAIYAPPAN P",72,9
810023126039,"DHARNISH K",65,8
810023126040,"KANSHIYA S",75,9
810023126041,"KAVITHASAN M",63,9
810023126042,"SHARMILI M",60,9
810023126043,"VANISRI R",67,9
810023126044,"YOGESH J",75,7
810023126045,"PRAVEEN KUMAR M",66,9
810023126046,"KIRAN SANKAR R",71,9
810023126047,"ABINAYA A",86,9
810023126048,"HARISH R V",62,8
810023126049,"ADHITHYA A",55,7
810023127001,"AMUDHAN S",55,8
810023127002,"SEVVELJAYAM S",55,9
810023127003,"ANDAVAR K",AB,0
810023127004,"ASHWIN G",57,9
810023127005,"NAWINKUMAAR V",61,9
810023127006,"XAVIER AKASH A",68,9
810023127007,"KAVEENA M",63,9
810023127008,"NAVEEN S",56,9
810023127009,"BALAKRISHNAN R",77,9
810023127010,"MOHAN PANDI D",AB,3
810023127011,"DHANARANGAN R",60,9
810023127012,"SAKTHIVEL P",67,7
810023127013,"PUNITH S",45,8
810023127014,"SRIDHAR T",AB,0
810023127015,"VENKATARAJ V",AB,3
810023127016,"SHAMEER AKTHAR S",45,4
810023127017,"GOWSHIKKUMAR S",AB,5
"Total Attendance:9"
