"UNIVERSITY COLLEGE OF ENGINEERING, BIT CAMPUS, ANNA UNIVERSITY,TIRUCHIRAPPALLI - 620024"
"FACULTY : Dr.M.Illaya Kanmani Nanmozhi"
"CLASS : CIVIL-A","SUBJECT : HS3252"
regno,name,hs3252_attendance,hs3252_mark
810023103001,"JEEVA N",18,56
810023103002,"JAYASHREE N",17,74
810023103003,"NADHIYA T",18,87
810023103004,"YUVASHREE G",17,87
810023103005,"KAVIRAJAN K",17,77
810023103006,"RAGUL KANTH B",18,88
810023103007,"ABARNA A",17,94
810023103008,"BALAJI S",18,84
810023103010,"SIVABALAN G",17,81
810023103011,"KRITHIKRAJAN P",18,71
810023103012,"SHAHITHYA R",18,94
810023103013,"ARUL K",18,69
810023103014,"PARKAVI B",18,75
810023103015,"RITHICK P M",17,40
810023103016,"SRINESH S",17,66
810023103017,"SIVASANKARI V",18,77
810023103018,"ASWATHI G",16,73
810023103019,"HARINI M",17,79
810023103020,"NISHA A",18,80
810023103021,"PRADEEP N",17,71
810023103022,"RAJKUMAR S I",18,62
810023103023,"MONISHA S",18,87
810023103024,"RAMKUMAR R",17,63
810023103025,"HARISH R",16,65
810023103026,"MATHAN KUMAR A",17,72
810023103027,"SURYA DHARSHINI M",18,78
810023103028,"KABILAN S",18,75
810023103029,"KEERTHANA K",18,81
810023103030,"KESAVAKUMARI S",0,AB
810023103031,"LOKESHWARAN V B",15,66
810023103032,"ABHISHEK R",17,65
810023103033,"DHARANI S",17,71
810023103034,"NITHINARVINTH A",17,76
810023103035,"BHARANIDHARAN V",18,71
810023103036,"NEELAVANNAN R",17,63
810023103037,"NISHANTH S",18,83
810023103038,"ARUN P",18,74
810023103039,"KALIVIGNESH G",18,65
810023103040,"MOHAMED HALITH A",18,69
810023103041,"ABDUL KALAM A",17,58
810023103042,"BHARATHI R K",18,63
810023103043,"JAGADESAN T",18,63
810023103044,"NITHIYASRI M",18,77
810023103045,"ABINAYA R",18,82
810023103046,"HAARINI S",16,90
810023103047,"SRIRAM NATTAR P",16,40
810023103048,"YOGESHWARAN V",18,69
810023103049,"VAISHNAVI T",18,88
810023103050,"KAMALNATH A",17,51
810023103051,"VIMAL KUMAR M",17,75
810023103052,"ARAVIND RAGHUNATHAN G",16,54
810023103053,"SRUTHI A",18,83
810023103054,"PRITHIKA R T",18,90
810023103055,"AJAY SUNDAR A",17,60
"Total Attendance:18"
