"UNIVERSITY COLLEGE OF ENGINEERING, BIT CAMPUS, ANNA UNIVERSITY,TIRUCHIRAPPALLI - 620024"
"FACULTY : Dr.J.Jayachandran"
"CLASS : CIVIL-A","SUBJECT : HS3152"
regno,name,hs3152_mark,hs3152_attendance
810023103001,"JEEVA N",56,25
810023103002,"JAYASHREE N",80,25
810023103003,"NADHIYA T",82,25
810023103004,"YUVASHREE G",80,25
810023103005,"KAVIRAJAN K",76,25
810023103006,"RAGUL KANTH B",96,25
810023103007,"ABARNA A",96,25
810023103008,"BALAJI S",94,25
810023103010,"SIVABALAN G",36,22
810023103011,"KRITHIKRAJAN P",71,25
810023103012,"SHAHITHYA R",96,25
810023103013,"ARUL K",64,25
810023103014,"PARKAVI B",74,25
810023103015,"RITHICK P M",75,25
810023103016,"SRINESH S",70,24
810023103017,"SIVASANKARI V",75,25
810023103018,"ASWATHI G",83,25
810023103019,"HARINI M",98,25
810023103020,"NISHA A",84,25
810023103021,"PRADEEP N",83,25
810023103022,"RAJKUMAR S I",61,22
810023103023,"MONISHA S",90,23
810023103024,"RAMKUMAR R",68,25
810023103025,"HARISH R",78,25
810023103026,"MATHAN KUMAR A",52,25
810023103027,"SURYA DHARSHINI M",98,25
810023103028,"KABILAN S",74,25
810023103029,"KEERTHANA K",72,25
810023103030,"KESAVAKUMARI S",71,18
810023103031,"LOKESHWARAN V B",84,25
810023103032,"ABHISHEK R",79,25
810023103033,"DHARANI S",80,25
810023103034,"NITHINARVINTH A",77,25
810023103035,"BHARANIDHARAN V",67,25
810023103036,"NEELAVANNAN R",76,25
810023103037,"NISHANTH S",74,25
810023103038,"ARUN P",74,25
810023103039,"KALIVIGNESH G",60,22
810023103040,"MOHAMED HALITH A",68,24
810023103041,"ABDUL KALAM A",71,25
810023103042,"BHARATHI R K",57,25
810023103043,"JAGADESAN T",66,25
810023103044,"NITHIYASRI M",94,25
810023103045,"ABINAYA R",96,25
810023103046,"HAARINI S",95,25
810023103047,"SRIRAM NATTAR P",55,22
810023103048,"YOGESHWARAN V",69,25
810023103049,"VAISHNAVI T",98,25
810023103050,"KAMALNATH A",60,25
810023103051,"VIMAL KUMAR M",62,25
810023103052,"ARAVIND RAGHUNATHAN G",49,25
810023103053,"SRUTHI A",78,25
810023103054,"PRITHIKA R T",98,25
810023103055,"AJAY SUNDAR A",67,25
"Total Attendance:25"
