"UNIVERSITY COLLEGE OF ENGINEERING, BIT CAMPUS, ANNA UNIVERSITY,TIRUCHIRAPPALLI - 620024"
"FACULTY : Dr.R.Thiruneelakandan"
"CLASS : CIVILMECHANICAL-TM","SUBJECT : CY3151"
regno,name,cy3151_mark,cy3151_attendance
810023126001,"TAMILSELVAN M",70,22
810023126002,"MUTHULAKSHMI G",68,24
810023126003,"NANDHINI K",75,22
810023126004,"SRIPRIYA B",86,22
810023126005,"KIRUTHIGA S",75,24
810023126006,"DINESH P",70,24
810023126007,"KAVI ARASU C",71,22
810023126008,"SARANYA S",77,22
810023126009,"JANANI K",75,24
810023126010,"RUBASRI M",85,22
810023126011,"MADHUMITHA S",79,24
810023126012,"GANGANADHI P",80,23
810023126013,"SUVETHA V",78,21
810023126014,"ABIRAMI A",75,23
810023126015,"GOWTHAM V",77,23
810023126016,"GOKULA VASUNDHARA SRI R",66,22
810023126017,"KRISHNAVENI R",65,23
810023126018,"KARTHIKEYAN S",54,21
810023126019,"BUVANESH C",68,24
810023126020,"PATHMAVATHI L",60,24
810023126021,"MOHANA DEVI S",77,24
810023126022,"DHANUSHRAJAN K",73,23
810023126023,"PRADEEP V",60,22
810023126024,"AARTHY K",76,22
810023126025,"SELVAPRIYA P",79,24
810023126026,"PRABHA P",80,22
810023126027,"THIRUPATHI N",69,22
810023126028,"PRAVEENKUMAR S",51,21
810023126029,"AAKASH P",57,21
810023126030,"ABIRAMI B",75,24
810023126031,"HEMALATHA P",60,24
810023126032,"GUNA R",66,24
810023126033,"SHARUKHAN M",50,21
810023126034,"MATHIBALAN P",62,21
810023126036,"AJAY N",55,20
810023126037,"NAVEEN KUMAR S",64,24
810023126038,"PACHAIYAPPAN P",60,23
810023126039,"DHARNISH K",52,22
810023126040,"KANSHIYA S",65,22
810023126041,"KAVITHASAN M",54,24
810023126042,"SHARMILI M",58,21
810023126043,"VANISRI R",60,24
810023126044,"YOGESH J",56,22
810023126045,"PRAVEEN KUMAR M",53,22
810023126046,"KIRAN SANKAR R",68,23
810023126047,"ABINAYA A",92,24
810023126048,"HARISH R V",50,20
810023126049,"ADHITHYA A",52,22
810023127001,"AMUDHAN S",51,23
810023127002,"SEVVELJAYAM S",44,22
810023127003,"ANDAVAR K",0,0
810023127004,"ASHWIN G",47,22
810023127005,"NAWINKUMAAR V",52,22
810023127006,"XAVIER AKASH A",48,24
810023127007,"KAVEENA M",70,24
810023127008,"NAVEEN S",50,23
810023127009,"BALAKRISHNAN R",65,22
810023127010,"MOHAN PANDI D",40,14
810023127011,"DHANARANGAN R",48,19
810023127012,"SAKTHIVEL P",62,21
810023127013,"PUNITH S",47,22
810023127014,"SRIDHAR T",0,0
810023127015,"VENKATARAJ V",40,17
810023127016,"SHAMEER AKTHAR S",48,19
810023127017,"GOWSHIKKUMAR S",40,21
"Total Attendance:24"
