"UNIVERSITY COLLEGE OF ENGINEERING, BIT CAMPUS, ANNA UNIVERSITY,TIRUCHIRAPPALLI - 620024"
"FACULTY : Dr.V.Thangaraj"
"CLASS : CIVIL-B","SUBJECT : CY3151"
regno,name,cy3151_mark,cy3151_attendance
810023103056,"KARTHICK S",75,25
810023103057,"GANGA K",98,26
810023103058,"SHAMUNDESHWARI T",91,27
810023103059,"DHANUSHA S",66,26
810023103060,"ARTHI S",70,26
810023103061,"DHIVYA DHARSHINI G",70,26
810023103062,"HARIHARAN N",59,26
810023103063,"ROHINI G K",81,24
810023103064,"DHEJESH KUMAR P",96,24
810023103065,"SUNITHA K",76,27
810023103066,"LINGESH KUMAR",68,27
810023103067,"MOHAMED ANIF S",65,23
810023103068,"LATCHATHAN T",50,23
810023103069,"THILAK S",65,27
810023103070,"AARTHI K",93,27
810023103071,"SASIKUMAR S",76,27
810023103072,"ABDUL AJEES M",65,26
810023103073,"BANU SRI VARTHANI V",87,26
810023103074,"SANTHOSH M",65,26
810023103075,"AATHISESAN S",52,22
810023103076,"ANBUMANI M",52,18
810023103077,"PRIYADHARSHINI M",65,27
810023103078,"KODESHWARI M",57,27
810023103079,"APOORVA N",94,26
810023103080,"SHANMUGA PRIYA K",65,27
810023103082,"JANANISRI G",50,25
810023103083,"SAMINATHAN M",50,26
810023103084,"PRAVEEN S",53,21
810023103085,"JEEVA M",53,26
810023103086,"YUVARAJ R",74,26
810023103087,"PRASANYA D",65,27
810023103088,"YUGANIKHI G",89,26
810023103089,"MARIA AKASH A",65,27
810023103090,"RESHIKA V",65,25
810023103091,"NIRANJAN S",50,26
810023103092,"GOKUL S",56,27
810023103093,"VINOTHA R",58,25
810023103094,"BALAMURUGAN S",50,27
810023103095,"HARIHARAN A",70,24
810023103096,"VINOCHAN M",65,26
810023103097,"AZHARUDEEN R",50,23
810023103098,"JEYAKISHORE S S",51,25
810023103099,"AYYAPPAN S",65,26
810023103100,"BASKAR A",50,25
810023103101,"KATHIRAVAN K",56,25
810023103102,"KAVIPRIYA R",58,27
810023103103,"PRAVINRAJ D",51,26
810023103104,"VASANTH A",50,21
810023103105,"PRIYA V",65,25
"Total Attendance:27"
