regno,name,be3272_mark,be3272_attendance
810023103001,"JEEVA N",65,48
810023103002,"JAYASHREE N",85,48
810023103003,"NADHIYA T",90,60
810023103004,"YUVASHREE G",89,52
810023103005,"KAVIRAJAN K",65,52
810023103006,"RAGUL KANTH B",89,60
810023103007,"ABARNA A",98,56
810023103008,"BALAJI S",91,60
810023103010,"SIVABALAN G",80,56
810023103011,"KRITHIKRAJAN P",75,52
810023103012,"SHAHITHYA R",94,52
810023103013,"ARUL K",82,60
810023103014,"PARKAVI B",90,60
810023103015,"RITHICK P M",65,40
810023103016,"SRINESH S",75,52
810023103017,"SIVASANKARI V",85,60
810023103018,"ASWATHI G",86,60
810023103019,"HARINI M",94,60
810023103020,"NISHA A",93,56
810023103021,"PRADEEP N",65,48
810023103022,"RAJKUMAR S I",75,56
810023103023,"MONISHA S",90,60
810023103024,"RAMKUMAR R",80,52
810023103025,"HARISH R",78,56
810023103026,"MATHAN KUMAR A",80,56
810023103027,"SURYA DHARSHINI M",97,60
810023103028,"KABILAN S",75,44
810023103029,"KEERTHANA K",80,48
810023103030,"KESAVAKUMARI S",00,0
810023103031,"LOKESHWARAN V B",65,52
810023103032,"ABHISHEK R",75,52
810023103033,"DHARANI S",75,56
810023103034,"NITHINARVINTH A",65,44
810023103035,"BHARANIDHARAN V",88,56
810023103036,"NEELAVANNAN R",65,52
810023103037,"NISHANTH S",87,60
810023103038,"ARUN P",75,56
810023103039,"KALIVIGNESH G",75,44
810023103040,"MOHAMED HALITH A",86,52
810023103041,"ABDUL KALAM A",88,60
810023103042,"BHARATHI R K",65,52
810023103043,"JAGADESAN T",82,52
810023103044,"NITHIYASRI M",84,60
810023103045,"ABINAYA R",86,60
810023103046,"HAARINI S",94,56
810023103047,"SRIRAM NATTAR P",75,52
810023103048,"YOGESHWARAN V",78,52
810023103049,"VAISHNAVI T",96,60
810023103050,"KAMALNATH A",85,60
810023103051,"VIMAL KUMAR M",65,52
810023103052,"ARAVIND RAGHUNATHAN G",65,52
810023103053,"SRUTHI A",90,52
810023103054,"PRITHIKA R T",94,60
810023103055,"AJAY SUNDAR A",65,52
"Total Attendance:60"
