"UNIVERSITY COLLEGE OF ENGINEERING, BIT CAMPUS, ANNA UNIVERSITY,TIRUCHIRAPPALLI - 620024"
"FACULTY : Mr.R.Shanmugavel"
"CLASS : CIVILMECHANICAL-TM","SUBJECT : GE3172"
regno,name,ge3172_mark,ge3172_attendance
810023126001,"TAMILSELVAN M",95,24
810023126002,"MUTHULAKSHMI G",95,30
810023126003,"NANDHINI K",95,30
810023126004,"SRIPRIYA B",95,30
810023126005,"KIRUTHIGA S",95,30
810023126006,"DINESH P",95,25
810023126007,"KAVI ARASU C",95,22
810023126008,"SARANYA S",95,28
810023126009,"JANANI K",95,28
810023126010,"RUBASRI M",95,30
810023126011,"MADHUMITHA S",95,30
810023126012,"GANGANADHI P",95,26
810023126013,"SUVETHA V",95,30
810023126014,"ABIRAMI A",95,27
810023126015,"GOWTHAM V",85,22
810023126016,"GOKULA VASUNDHARA SRI R",85,23
810023126017,"KRISHNAVENI R",85,27
810023126018,"KARTHIKEYAN S",85,22
810023126019,"BUVANESH C",95,30
810023126020,"PATHMAVATHI L",95,26
810023126021,"MOHANA DEVI S",95,26
810023126022,"DHANUSHRAJAN K",95,30
810023126023,"PRADEEP V",85,18
810023126024,"AARTHY K",95,26
810023126025,"SELVAPRIYA P",95,30
810023126026,"PRABHA P",95,28
810023126027,"THIRUPATHI N",85,26
810023126028,"PRAVEENKUMAR S",85,25
810023126029,"AAKASH P",85,24
810023126030,"ABIRAMI B",95,28
810023126031,"HEMALATHA P",85,27
810023126032,"GUNA R",85,30
810023126033,"SHARUKHAN M",85,24
810023126034,"MATHIBALAN P",85,18
810023126036,"AJAY N",85,20
810023126037,"NAVEEN KUMAR S",85,24
810023126038,"PACHAIYAPPAN P",85,27
810023126039,"DHARNISH K",85,27
810023126040,"KANSHIYA S",95,27
810023126041,"KAVITHASAN M",95,26
810023126042,"SHARMILI M",95,25
810023126043,"VANISRI R",85,30
810023126044,"YOGESH J",95,28
810023126045,"PRAVEEN KUMAR M",95,25
810023126046,"KIRAN SANKAR R",95,32
810023126047,"ABINAYA A",95,30
810023126048,"HARISH R V",95,21
810023126049,"ADHITHYA A",95,25
810023127001,"AMUDHAN S",95,22
810023127002,"SEVVELJAYAM S",85,21
810023127003,"ANDAVAR K",AB,0
810023127004,"ASHWIN G",85,23
810023127005,"NAWINKUMAAR V",85,25
810023127006,"XAVIER AKASH A",85,25
810023127007,"KAVEENA M",95,30
810023127008,"NAVEEN S",85,18
810023127009,"BALAKRISHNAN R",85,25
810023127010,"MOHAN PANDI D",AB,13
810023127011,"DHANARANGAN R",85,16
810023127012,"SAKTHIVEL P",85,22
810023127013,"PUNITH S",85,23
810023127014,"SRIDHAR T",AB,0
810023127015,"VENKATARAJ V",AB,0
810023127016,"SHAMEER AKTHAR S",85,21
810023127017,"GOWSHIKKUMAR S",AB,20
"Total Attendance:30"
