"UNIVERSITY COLLEGE OF ENGINEERING, BIT CAMPUS, ANNA UNIVERSITY,TIRUCHIRAPPALLI - 620024"
"FACULTY : Dr.A.Puvaneswari"
"CLASS : CIVIL-A","SUBJECT : MA3151"
regno,name,ma3151_mark,ma3151_attendance
810023103001,"JEEVA N",50,28
810023103002,"JAYASHREE N",59,25
810023103003,"NADHIYA T",62,32
810023103004,"YUVASHREE G",63,27
810023103005,"KAVIRAJAN K",63,30
810023103006,"RAGUL KANTH B",62,29
810023103007,"ABARNA A",99,31
810023103008,"BALAJI S",96,30
810023103010,"SIVABALAN G",57,27
810023103011,"KRITHIKRAJAN P",53,27
810023103012,"SHAHITHYA R",70,32
810023103013,"ARUL K",64,26
810023103014,"PARKAVI B",61,32
810023103015,"RITHICK P M",73,25
810023103016,"SRINESH S",73,25
810023103017,"SIVASANKARI V",59,31
810023103018,"ASWATHI G",71,31
810023103019,"HARINI M",62,29
810023103020,"NISHA A",67,29
810023103021,"PRADEEP N",79,25
810023103022,"RAJKUMAR S I",50,29
810023103023,"MONISHA S",52,28
810023103024,"RAMKUMAR R",58,27
810023103025,"HARISH R",74,27
810023103026,"MATHAN KUMAR A",74,25
810023103027,"SURYA DHARSHINI M",73,32
810023103028,"KABILAN S",66,28
810023103029,"KEERTHANA K",67,24
810023103030,"KESAVAKUMARI S",33,5
810023103031,"LOKESHWARAN V B",55,27
810023103032,"ABHISHEK R",59,30
810023103033,"DHARANI S",56,31
810023103034,"NITHINARVINTH A",74,25
810023103035,"BHARANIDHARAN V",87,31
810023103036,"NEELAVANNAN R",80,24
810023103037,"NISHANTH S",51,28
810023103038,"ARUN P",72,29
810023103039,"KALIVIGNESH G",50,28
810023103040,"MOHAMED HALITH A",51,31
810023103041,"ABDUL KALAM A",61,29
810023103042,"BHARATHI R K",50,27
810023103043,"JAGADESAN T",50,25
810023103044,"NITHIYASRI M",65,30
810023103045,"ABINAYA R",66,29
810023103046,"HAARINI S",65,29
810023103047,"SRIRAM NATTAR P",56,25
810023103048,"YOGESHWARAN V",63,23
810023103049,"VAISHNAVI T",70,31
810023103050,"KAMALNATH A",63,25
810023103051,"VIMAL KUMAR M",62,28
810023103052,"ARAVIND RAGHUNATHAN G",75,27
810023103053,"SRUTHI A",58,27
810023103054,"PRITHIKA R T",84,32
810023103055,"AJAY SUNDAR A",50,29
"Total Attendance:32"
