"UNIVERSITY COLLEGE OF ENGINEERING, BIT CAMPUS, ANNA UNIVERSITY,TIRUCHIRAPPALLI - 620024"
"FACULTY : Dr.M.Chandrasekaran"
"CLASS : CIVIL-A","SUBJECT : GE3152"
regno,name,ge3152_mark,ge3152_attendance
810023103001,"JEEVA N",56,9
810023103002,"JAYASHREE N",73,8
810023103003,"NADHIYA T",69,9
810023103004,"YUVASHREE G",68,9
810023103005,"KAVIRAJAN K",52,8
810023103006,"RAGUL KANTH B",65,9
810023103007,"ABARNA A",78,8
810023103008,"BALAJI S",75,9
810023103010,"SIVABALAN G",57,9
810023103011,"KRITHIKRAJAN P",63,7
810023103012,"SHAHITHYA R",87,9
810023103013,"ARUL K",57,9
810023103014,"PARKAVI B",81,9
810023103015,"RITHICK P M",58,8
810023103016,"SRINESH S",71,9
810023103017,"SIVASANKARI V",83,9
810023103018,"ASWATHI G",70,9
810023103019,"HARINI M",70,8
810023103020,"NISHA A",84,9
810023103021,"PRADEEP N",62,6
810023103022,"RAJKUMAR S I",54,8
810023103023,"MONISHA S",75,8
810023103024,"RAMKUMAR R",62,8
810023103025,"HARISH R",69,9
810023103026,"MATHAN KUMAR A",73,9
810023103027,"SURYA DHARSHINI M",72,9
810023103028,"KABILAN S",76,8
810023103029,"KEERTHANA K",84,8
810023103030,"KESAVAKUMARI S",25,4
810023103031,"LOKESHWARAN V B",74,9
810023103032,"ABHISHEK R",70,9
810023103033,"DHARANI S",71,8
810023103034,"NITHINARVINTH A",78,6
810023103035,"BHARANIDHARAN V",82,9
810023103036,"NEELAVANNAN R",62,8
810023103037,"NISHANTH S",73,9
810023103038,"ARUN P",71,9
810023103039,"KALIVIGNESH G",67,8
810023103040,"MOHAMED HALITH A",78,8
810023103041,"ABDUL KALAM A",61,8
810023103042,"BHARATHI R K",70,9
810023103043,"JAGADESAN T",69,8
810023103044,"NITHIYASRI M",77,9
810023103045,"ABINAYA R",75,8
810023103046,"HAARINI S",71,9
810023103047,"SRIRAM NATTAR P",64,9
810023103048,"YOGESHWARAN V",77,9
810023103049,"VAISHNAVI T",70,9
810023103050,"KAMALNATH A",64,9
810023103051,"VIMAL KUMAR M",66,8
810023103052,"ARAVIND RAGHUNATHAN G",46,8
810023103053,"SRUTHI A",74,9
810023103054,"PRITHIKA R T",71,8
810023103055,"AJAY SUNDAR A",66,9
"Total Attendance:9"
