"UNIVERSITY COLLEGE OF ENGINEERING, BIT CAMPUS, ANNA UNIVERSITY,TIRUCHIRAPPALLI - 620024"
"FACULTY : Mr.K.Rajesh"
"CLASS : CIVIL-A","SUBJECT : BE3252"
regno,name,be3252_attendance,be3252_mark
810023103001,"JEEVA N",29,80
810023103002,"JAYASHREE N",29,82
810023103003,"NADHIYA T",29,83
810023103004,"YUVASHREE G",29,84
810023103005,"KAVIRAJAN K",31,88
810023103006,"RAGUL KANTH B",27,84
810023103007,"ABARNA A",29,95
810023103008,"BALAJI S",29,92
810023103010,"SIVABALAN G",27,82
810023103011,"KRITHIKRAJAN P",26,83
810023103012,"SHAHITHYA R",29,80
810023103013,"ARUL K",29,82
810023103014,"PARKAVI B",24,82
810023103015,"RITHICK P M",29,50
810023103016,"SRINESH S",31,81
810023103017,"SIVASANKARI V",31,82
810023103018,"ASWATHI G",31,81
810023103019,"HARINI M",28,80
810023103020,"NISHA A",31,81
810023103021,"PRADEEP N",31,88
810023103022,"RAJKUMAR S I",29,85
810023103023,"MONISHA S",25,85
810023103024,"RAMKUMAR R",28,85
810023103025,"HARISH R",28,84
810023103026,"MATHAN KUMAR A",27,84
810023103027,"SURYA DHARSHINI M",27,87
810023103028,"KABILAN S",29,87
810023103029,"KEERTHANA K",28,89
810023103030,"KESAVAKUMARI S",0,00
810023103031,"LOKESHWARAN V B",29,88
810023103032,"ABHISHEK R",27,88
810023103033,"DHARANI S",29,88
810023103034,"NITHINARVINTH A",29,88
810023103035,"BHARANIDHARAN V",30,88
810023103036,"NEELAVANNAN R",31,80
810023103037,"NISHANTH S",29,89
810023103038,"ARUN P",29,80
810023103039,"KALIVIGNESH G",31,88
810023103040,"MOHAMED HALITH A",29,92
810023103041,"ABDUL KALAM A",29,88
810023103042,"BHARATHI R K",29,88
810023103043,"JAGADESAN T",28,85
810023103044,"NITHIYASRI M",29,88
810023103045,"ABINAYA R",27,81
810023103046,"HAARINI S",31,85
810023103047,"SRIRAM NATTAR P",24,50
810023103048,"YOGESHWARAN V",28,81
810023103049,"VAISHNAVI T",27,81
810023103050,"KAMALNATH A",29,83
810023103051,"VIMAL KUMAR M",28,82
810023103052,"ARAVIND RAGHUNATHAN G",26,80
810023103053,"SRUTHI A",27,80
810023103054,"PRITHIKA R T",27,80
810023103055,"AJAY SUNDAR A",31,85
"Total Attendance:31"
