"UNIVERSITY COLLEGE OF ENGINEERING, BIT CAMPUS, ANNA UNIVERSITY,TIRUCHIRAPPALLI - 620024"
"FACULTY : Dr.J.Jayachandran"
"CLASS : CIVIL-B","SUBJECT : HS3152"
regno,name,hs3152_mark,hs3152_attendance
810023103056,"KARTHICK S",63,22
810023103057,"GANGA K",96,22
810023103058,"SHAMUNDESHWARI T",94,22
810023103059,"DHANUSHA S",90,22
810023103060,"ARTHI S",94,22
810023103061,"DHIVYA DHARSHINI G",88,22
810023103062,"HARIHARAN N",88,22
810023103063,"ROHINI G K",98,22
810023103064,"DHEJESH KUMAR P",96,22
810023103065,"SUNITHA K",93,22
810023103066,"LINGESH KUMAR",88,22
810023103067,"MOHAMED ANIF S",92,22
810023103068,"LATCHATHAN T",90,22
810023103069,"THILAK S",87,22
810023103070,"AARTHI K",84,22
810023103071,"SASIKUMAR S",84,22
810023103072,"ABDUL AJEES M",92,22
810023103073,"BANU SRI VARTHANI V",99,22
810023103074,"SANTHOSH M",81,22
810023103075,"AATHISESAN S",80,20
810023103076,"ANBUMANI M",64,22
810023103077,"PRIYADHARSHINI M",72,22
810023103078,"KODESHWARI M",77,22
810023103079,"APOORVA N",96,22
810023103080,"SHANMUGA PRIYA K",86,22
810023103082,"JANANISRI G",74,22
810023103083,"SAMINATHAN M",82,22
810023103084,"PRAVEEN S",75,22
810023103085,"JEEVA M",73,22
810023103086,"YUVARAJ R",74,22
810023103087,"PRASANYA D",74,22
810023103088,"YUGANIKHI G",82,22
810023103089,"MARIA AKASH A",78,22
810023103090,"RESHIKA V",82,22
810023103091,"NIRANJAN S",76,22
810023103092,"GOKUL S",91,22
810023103093,"VINOTHA R",84,22
810023103094,"BALAMURUGAN S",84,22
810023103095,"HARIHARAN A",86,22
810023103096,"VINOCHAN M",92,22
810023103097,"AZHARUDEEN R",92,22
810023103098,"JEYAKISHORE S S",81,20
810023103099,"AYYAPPAN S",84,22
810023103100,"BASKAR A",79,22
810023103101,"KATHIRAVAN K",68,22
810023103102,"KAVIPRIYA R",96,22
810023103103,"PRAVINRAJ D",81,22
810023103104,"VASANTH A",76,22
810023103105,"PRIYA V",82,22
"Total Attendance:22"
