"UNIVERSITY COLLEGE OF ENGINEERING, BIT CAMPUS, ANNA UNIVERSITY,TIRUCHIRAPPALLI - 620024"
"FACULTY : Mr.M.Muthusamy"
"CLASS : CIVIL-TM","SUBJECT : GE3251"
regno,name,ge3251_mark,ge3251_attendance
810023126001,"TAMILSELVAN M",99,26
810023126002,"MUTHULAKSHMI G",91,30
810023126003,"NANDHINI K",99,28
810023126004,"SRIPRIYA B",100,32
810023126005,"KIRUTHIGA S",95,30
810023126006,"DINESH P",67,28
810023126007,"KAVI ARASU C",97,30
810023126008,"SARANYA S",95,30
810023126009,"JANANI K",92,28
810023126010,"RUBASRI M",96,28
810023126011,"MADHUMITHA S",99,30
810023126012,"GANGANADHI P",92,30
810023126013,"SUVETHA V",99,34
810023126014,"ABIRAMI A",94,34
810023126015,"GOWTHAM V",99,26
810023126016,"GOKULA VASUNDHARA SRI R",54,28
810023126017,"KRISHNAVENI R",70,28
810023126018,"KARTHIKEYAN S",42,16
810023126019,"BUVANESH C",76,26
810023126020,"PATHMAVATHI L",70,22
810023126021,"MOHANA DEVI S",98,26
810023126022,"DHANUSHRAJAN K",80,34
810023126023,"PRADEEP V",78,28
810023126024,"AARTHY K",95,30
810023126025,"SELVAPRIYA P",99,32
810023126026,"PRABHA P",72,30
810023126027,"THIRUPATHI N",95,28
810023126028,"PRAVEENKUMAR S",73,32
810023126029,"AAKASH P",58,28
810023126030,"ABIRAMI B",97,36
810023126031,"HEMALATHA P",71,28
810023126032,"GUNA R",87,26
810023126033,"SHARUKHAN M",52,22
810023126034,"MATHIBALAN P",88,22
810023126036,"AJAY N",70,24
810023126037,"NAVEEN KUMAR S",60,24
810023126038,"PACHAIYAPPAN P",92,22
810023126039,"DHARNISH K",81,28
810023126040,"KANSHIYA S",80,28
810023126041,"KAVITHASAN M",50,32
810023126042,"SHARMILI M",77,26
810023126043,"VANISRI R",95,34
810023126044,"YOGESH J",59,26
810023126045,"PRAVEEN KUMAR M",94,26
810023126046,"KIRAN SANKAR R",82,36
810023126047,"ABINAYA A",94,34
810023126048,"HARISH R V",76,34
810023126049,"ADHITHYA A",52,22
"Total Attendance:36"
