"UNIVERSITY COLLEGE OF ENGINEERING, BIT CAMPUS, ANNA UNIVERSITY,TIRUCHIRAPPALLI - 620024"
"FACULTY : Mr. N. Ramakrishnan"
"CLASS : CIVILMECHANICAL-TM","SUBJECT : PH3151"
regno,name,ph3151_mark,ph3151_attendance
810023126001,"TAMILSELVAN M",76,15
810023126002,"MUTHULAKSHMI G",98,16
810023126003,"NANDHINI K",84,16
810023126004,"SRIPRIYA B",98,15
810023126005,"KIRUTHIGA S",96,16
810023126006,"DINESH P",77,17
810023126007,"KAVI ARASU C",78,15
810023126008,"SARANYA S",97,16
810023126009,"JANANI K",85,17
810023126010,"RUBASRI M",85,17
810023126011,"MADHUMITHA S",76,16
810023126012,"GANGANADHI P",92,16
810023126013,"SUVETHA V",81,15
810023126014,"ABIRAMI A",98,16
810023126015,"GOWTHAM V",96,14
810023126016,"GOKULA VASUNDHARA SRI R",94,15
810023126017,"KRISHNAVENI R",92,14
810023126018,"KARTHIKEYAN S",79,16
810023126019,"BUVANESH C",76,16
810023126020,"PATHMAVATHI L",86,17
810023126021,"MOHANA DEVI S",98,17
810023126022,"DHANUSHRAJAN K",89,16
810023126023,"PRADEEP V",84,17
810023126024,"AARTHY K",95,15
810023126025,"SELVAPRIYA P",87,17
810023126026,"PRABHA P",100,15
810023126027,"THIRUPATHI N",98,15
810023126028,"PRAVEENKUMAR S",96,15
810023126029,"AAKASH P",76,16
810023126030,"ABIRAMI B",94,16
810023126031,"HEMALATHA P",75,17
810023126032,"GUNA R",95,15
810023126033,"SHARUKHAN M",78,13
810023126034,"MATHIBALAN P",88,12
810023126036,"AJAY N",95,14
810023126037,"NAVEEN KUMAR S",88,15
810023126038,"PACHAIYAPPAN P",89,15
810023126039,"DHARNISH K",73,15
810023126040,"KANSHIYA S",99,13
810023126041,"KAVITHASAN M",91,16
810023126042,"SHARMILI M",74,14
810023126043,"VANISRI R",87,16
810023126044,"YOGESH J",89,15
810023126045,"PRAVEEN KUMAR M",85,12
810023126046,"KIRAN SANKAR R",75,17
810023126047,"ABINAYA A",99,17
810023126048,"HARISH R V",79,13
810023126049,"ADHITHYA A",77,12
810023127001,"AMUDHAN S",78,14
810023127002,"SEVVELJAYAM S",88,15
810023127003,"ANDAVAR K",ABSENT,0
810023127004,"ASHWIN G",84,13
810023127005,"NAWINKUMAAR V",79,16
810023127006,"XAVIER AKASH A",84,16
810023127007,"KAVEENA M",76,17
810023127008,"NAVEEN S",76,15
810023127009,"BALAKRISHNAN R",75,10
810023127010,"MOHAN PANDI D",ABSENT,0
810023127011,"DHANARANGAN R",83,15
810023127012,"SAKTHIVEL P",84,12
810023127013,"PUNITH S",87,12
810023127014,"SRIDHAR T",ABSENT,0
810023127015,"VENKATARAJ V",ABSENT,5
810023127016,"SHAMEER AKTHAR S",76,11
810023127017,"GOWSHIKKUMAR S",91,9
"Total Attendance:17"
