"UNIVERSITY COLLEGE OF ENGINEERING, BIT CAMPUS, ANNA UNIVERSITY,TIRUCHIRAPPALLI - 620024"
"FACULTY : Dr.J.Manikandan"
"CLASS : CIVIL-TM","SUBJECT : GE3271"
regno,name,ge3271_mark,ge3271_attendance
810023126001,"TAMILSELVAN M",100,60
810023126002,"MUTHULAKSHMI G",95,52
810023126003,"NANDHINI K",100,60
810023126004,"SRIPRIYA B",100,60
810023126005,"KIRUTHIGA S",100,60
810023126006,"DINESH P",100,60
810023126007,"KAVI ARASU C",94,50
810023126008,"SARANYA S",99,56
810023126009,"JANANI K",96,56
810023126010,"RUBASRI M",100,60
810023126011,"MADHUMITHA S",96,56
810023126012,"GANGANADHI P",95,52
810023126013,"SUVETHA V",96,56
810023126014,"ABIRAMI A",96,56
810023126015,"GOWTHAM V",93,48
810023126016,"GOKULA VASUNDHARA SRI R",100,60
810023126017,"KRISHNAVENI R",100,60
810023126018,"KARTHIKEYAN S",86,36
810023126019,"BUVANESH C",100,60
810023126020,"PATHMAVATHI L",94,50
810023126021,"MOHANA DEVI S",96,54
810023126022,"DHANUSHRAJAN K",99,56
810023126023,"PRADEEP V",100,60
810023126024,"AARTHY K",95,50
810023126025,"SELVAPRIYA P",100,60
810023126026,"PRABHA P",99,56
810023126027,"THIRUPATHI N",96,56
810023126028,"PRAVEENKUMAR S",100,60
810023126029,"AAKASH P",98,52
810023126030,"ABIRAMI B",99,56
810023126031,"HEMALATHA P",99,56
810023126032,"GUNA R",100,60
810023126033,"SHARUKHAN M",94,48
810023126034,"MATHIBALAN P",94,52
810023126036,"AJAY N",96,56
810023126037,"NAVEEN KUMAR S",100,60
810023126038,"PACHAIYAPPAN P",98,52
810023126039,"DHARNISH K",93,48
810023126040,"KANSHIYA S",96,56
810023126041,"KAVITHASAN M",91,46
810023126042,"SHARMILI M",93,48
810023126043,"VANISRI R",99,56
810023126044,"YOGESH J",100,60
810023126045,"PRAVEEN KUMAR M",96,56
810023126046,"KIRAN SANKAR R",95,52
810023126047,"ABINAYA A",100,60
810023126048,"HARISH R V",94,48
810023126049,"ADHITHYA A",92,44
"Total Attendance:60"
