"UNIVERSITY COLLEGE OF ENGINEERING, BIT CAMPUS, ANNA UNIVERSITY,TIRUCHIRAPPALLI - 620024"
"FACULTY : Dr.R.Thiruneelakandan"
"CLASS : CIVILMECHANICAL-TM","SUBJECT : BS3171"
regno,name,bs3171_mark,bs3171_attendance
810023126001,"TAMILSELVAN M",98,58
810023126002,"MUTHULAKSHMI G",100,60
810023126003,"NANDHINI K",98,58
810023126004,"SRIPRIYA B",100,60
810023126005,"KIRUTHIGA S",100,60
810023126006,"DINESH P",100,60
810023126007,"KAVI ARASU C",98,58
810023126008,"SARANYA S",100,60
810023126009,"JANANI K",98,58
810023126010,"RUBASRI M",100,60
810023126011,"MADHUMITHA S",98,58
810023126012,"GANGANADHI P",100,60
810023126013,"SUVETHA V",100,60
810023126014,"ABIRAMI A",100,60
810023126015,"GOWTHAM V",96,56
810023126016,"GOKULA VASUNDHARA SRI R",96,56
810023126017,"KRISHNAVENI R",96,56
810023126018,"KARTHIKEYAN S",98,58
810023126019,"BUVANESH C",100,60
810023126020,"PATHMAVATHI L",98,58
810023126021,"MOHANA DEVI S",98,58
810023126022,"DHANUSHRAJAN K",98,58
810023126023,"PRADEEP V",100,60
810023126024,"AARTHY K",98,58
810023126025,"SELVAPRIYA P",100,60
810023126026,"PRABHA P",98,58
810023126027,"THIRUPATHI N",100,60
810023126028,"PRAVEENKUMAR S",100,60
810023126029,"AAKASH P",100,60
810023126030,"ABIRAMI B",98,58
810023126031,"HEMALATHA P",100,60
810023126032,"GUNA R",98,58
810023126033,"SHARUKHAN M",98,58
810023126034,"MATHIBALAN P",98,58
810023126036,"AJAY N",98,58
810023126037,"NAVEEN KUMAR S",100,60
810023126038,"PACHAIYAPPAN P",100,60
810023126039,"DHARNISH K",100,60
810023126040,"KANSHIYA S",98,56
810023126041,"KAVITHASAN M",94,54
810023126042,"SHARMILI M",96,56
810023126043,"VANISRI R",98,58
810023126044,"YOGESH J",100,60
810023126045,"PRAVEEN KUMAR M",100,60
810023126046,"KIRAN SANKAR R",100,60
810023126047,"ABINAYA A",100,58
810023126048,"HARISH R V",100,60
810023126049,"ADHITHYA A",100,60
810023127001,"AMUDHAN S",98,58
810023127002,"SEVVELJAYAM S",100,60
810023127003,"ANDAVAR K",0,0
810023127004,"ASHWIN G",98,58
810023127005,"NAWINKUMAAR V",94,56
810023127006,"XAVIER AKASH A",100,60
810023127007,"KAVEENA M",100,60
810023127008,"NAVEEN S",100,60
810023127009,"BALAKRISHNAN R",100,60
810023127010,"MOHAN PANDI D",92,54
810023127011,"DHANARANGAN R",98,58
810023127012,"SAKTHIVEL P",100,60
810023127013,"PUNITH S",98,58
810023127014,"SRIDHAR T",0,0
810023127015,"VENKATARAJ V",92,54
810023127016,"SHAMEER AKTHAR S",92,54
810023127017,"GOWSHIKKUMAR S",94,54
"Total Attendance:60"
