"UNIVERSITY COLLEGE OF ENGINEERING, BIT CAMPUS, ANNA UNIVERSITY,TIRUCHIRAPPALLI - 620024"
"FACULTY : Dr.J.Jayachandran"
"CLASS : CIVIL-B","SUBJECT : GE3172"
regno,name,ge3172_mark,ge3172_attendance
810023103056,"KARTHICK S",92,30
810023103057,"GANGA K",100,30
810023103058,"SHAMUNDESHWARI T",100,30
810023103059,"DHANUSHA S",98,30
810023103060,"ARTHI S",98,30
810023103061,"DHIVYA DHARSHINI G",94,30
810023103062,"HARIHARAN N",92,30
810023103063,"ROHINI G K",100,30
810023103064,"DHEJESH KUMAR P",98,30
810023103065,"SUNITHA K",100,30
810023103066,"LINGESH KUMAR",94,30
810023103067,"MOHAMED ANIF S",100,30
810023103068,"LATCHATHAN T",100,30
810023103069,"THILAK S",98,30
810023103070,"AARTHI K",98,30
810023103071,"SASIKUMAR S",94,30
810023103072,"ABDUL AJEES M",98,30
810023103073,"BANU SRI VARTHANI V",100,30
810023103074,"SANTHOSH M",92,30
810023103075,"AATHISESAN S",96,30
810023103076,"ANBUMANI M",82,24
810023103077,"PRIYADHARSHINI M",84,26
810023103078,"KODESHWARI M",92,30
810023103079,"APOORVA N",100,30
810023103080,"SHANMUGA PRIYA K",100,30
810023103082,"JANANISRI G",82,28
810023103083,"SAMINATHAN M",86,30
810023103084,"PRAVEEN S",88,30
810023103085,"JEEVA M",84,30
810023103086,"YUVARAJ R",86,30
810023103087,"PRASANYA D",82,30
810023103088,"YUGANIKHI G",98,30
810023103089,"MARIA AKASH A",96,30
810023103090,"RESHIKA V",98,30
810023103091,"NIRANJAN S",94,30
810023103092,"GOKUL S",86,30
810023103093,"VINOTHA R",100,30
810023103094,"BALAMURUGAN S",92,30
810023103095,"HARIHARAN A",90,30
810023103096,"VINOCHAN M",92,30
810023103097,"AZHARUDEEN R",98,30
810023103098,"JEYAKISHORE S S",98,30
810023103099,"AYYAPPAN S",96,30
810023103100,"BASKAR A",94,30
810023103101,"KATHIRAVAN K",92,30
810023103102,"KAVIPRIYA R",100,30
810023103103,"PRAVINRAJ D",92,30
810023103104,"VASANTH A",90,30
810023103105,"PRIYA V",96,30
"Total Attendance:30"
