regno,name,ph3151_mark,ph3151_attendance
810023103001,"JEEVA N",24,25
810023103002,"JAYASHREE N","63 ",26
810023103003,"NADHIYA T","76 ",29
810023103004,"YUVASHREE G","80 ",26
810023103005,"KAVIRAJAN K",33,21
810023103006,"RAGUL KANTH B",59,25
810023103007,"ABARNA A",91,28
810023103008,"BALAJI S",73,25
810023103010,"SIVABALAN G",62,25
810023103011,"KRITHIKRAJAN P",59,26
810023103012,"SHAHITHYA R",88,28
810023103013,"ARUL K",45,26
810023103014,"PARKAVI B",42,25
810023103015,"RITHICK P M",69,27
810023103016,"SRINESH S",65,27
810023103017,"SIVASANKARI V",56,25
810023103018,"ASWATHI G",66,27
810023103019,"HARINI M",81,27
810023103020,"NISHA A",78,25
810023103021,"PRADEEP N",69,22
810023103022,"RAJKUMAR S I",47,26
810023103023,"MONISHA S",59,29
810023103024,"RAMKUMAR R",40,28
810023103025,"HARISH R",58,29
810023103026,"MATHAN KUMAR A",63,28
810023103027,"SURYA DHARSHINI M",82,29
810023103028,"KABILAN S",53,25
810023103029,"KEERTHANA K",58,27
810023103030,"KESAVAKUMARI S",27,18
810023103031,"LOKESHWARAN V B",44,25
810023103032,"ABHISHEK R",52,29
810023103033,"DHARANI S",42,27
810023103034,"NITHINARVINTH A",61,26
810023103035,"BHARANIDHARAN V",54,26
810023103036,"NEELAVANNAN R",53,26
810023103037,"NISHANTH S",56,29
810023103038,"ARUN P",71,29
810023103039,"KALIVIGNESH G",27,26
810023103040,"MOHAMED HALITH A",53,26
810023103041,"ABDUL KALAM A",39,29
810023103042,"BHARATHI R K",36,28
810023103043,"JAGADESAN T",52,24
810023103044,"NITHIYASRI M",78,29
810023103045,"ABINAYA R",64,28
810023103046,"HAARINI S",67,26
810023103047,"SRIRAM NATTAR P",57,29
810023103048,"YOGESHWARAN V",71,25
810023103049,"VAISHNAVI T",75,27
810023103050,"KAMALNATH A",63,28
810023103051,"VIMAL KUMAR M",41,25
810023103052,"ARAVIND RAGHUNATHAN G",49,23
810023103053,"SRUTHI A",53,27
810023103054,"PRITHIKA R T",79,29
810023103055,"AJAY SUNDAR A",49,24
"Total Attendance:29"
