"UNIVERSITY COLLEGE OF ENGINEERING, BIT CAMPUS, ANNA UNIVERSITY,TIRUCHIRAPPALLI - 620024"
"FACULTY : Mrs.S.Mahalakshmi"
"CLASS : CIVILMECHANICAL-TM","SUBJECT : MA3151"
regno,name,ma3151_mark,ma3151_attendance
810023126001,"TAMILSELVAN M",67,31
810023126002,"MUTHULAKSHMI G",100,30
810023126003,"NANDHINI K",75,32
810023126004,"SRIPRIYA B",86,25
810023126005,"KIRUTHIGA S",88,32
810023126006,"DINESH P",60,32
810023126007,"KAVI ARASU C",78,31
810023126008,"SARANYA S",80,29
810023126009,"JANANI K",66,32
810023126010,"RUBASRI M",88,27
810023126011,"MADHUMITHA S",80,30
810023126012,"GANGANADHI P",88,30
810023126013,"SUVETHA V",85,30
810023126014,"ABIRAMI A",73,30
810023126015,"GOWTHAM V",73,29
810023126016,"GOKULA VASUNDHARA SRI R",74,26
810023126017,"KRISHNAVENI R",78,28
810023126018,"KARTHIKEYAN S",50,16
810023126019,"BUVANESH C",63,32
810023126020,"PATHMAVATHI L",71,32
810023126021,"MOHANA DEVI S",90,32
810023126022,"DHANUSHRAJAN K",66,28
810023126023,"PRADEEP V",56,30
810023126024,"AARTHY K",88,32
810023126025,"SELVAPRIYA P",81,32
810023126026,"PRABHA P",80,32
810023126027,"THIRUPATHI N",60,28
810023126028,"PRAVEENKUMAR S",60,28
810023126029,"AAKASH P",60,30
810023126030,"ABIRAMI B",65,32
810023126031,"HEMALATHA P",60,32
810023126032,"GUNA R",55,30
810023126033,"SHARUKHAN M",60,24
810023126034,"MATHIBALAN P",70,28
810023126036,"AJAY N",55,28
810023126037,"NAVEEN KUMAR S",57,30
810023126038,"PACHAIYAPPAN P",58,28
810023126039,"DHARNISH K",55,25
810023126040,"KANSHIYA S",62,28
810023126041,"KAVITHASAN M",60,30
810023126042,"SHARMILI M",60,28
810023126043,"VANISRI R",63,32
810023126044,"YOGESH J",60,31
810023126045,"PRAVEEN KUMAR M",65,29
810023126046,"KIRAN SANKAR R",60,30
810023126047,"ABINAYA A",88,32
810023126048,"HARISH R V",55,20
810023126049,"ADHITHYA A",50,24
810023127001,"AMUDHAN S",50,18
810023127002,"SEVVELJAYAM S",60,30
810023127003,"ANDAVAR K",A,0
810023127004,"ASHWIN G",50,24
810023127005,"NAWINKUMAAR V",50,32
810023127006,"XAVIER AKASH A",50,27
810023127007,"KAVEENA M",70,32
810023127008,"NAVEEN S",52,30
810023127009,"BALAKRISHNAN R",70,30
810023127010,"MOHAN PANDI D",A,17
810023127011,"DHANARANGAN R",52,25
810023127012,"SAKTHIVEL P",55,20
810023127013,"PUNITH S",55,28
810023127014,"SRIDHAR T",A,0
810023127015,"VENKATARAJ V",A,21
810023127016,"SHAMEER AKTHAR S",51,22
810023127017,"GOWSHIKKUMAR S",A,25
"Total Attendance:32"
