regno,name,ph3201_attendance,ph3201_mark
810023103056,"KARTHICK S",19,73
810023103057,"GANGA K",26,93
810023103058,"SHAMUNDESHWARI T",26,98
810023103059,"DHANUSHA S",16,78
810023103060,"ARTHI S",21,60
810023103061,"DHIVYA DHARSHINI G",22,78
810023103062,"HARIHARAN N",17,66
810023103063,"ROHINI G K",25,88
810023103064,"DHEJESH KUMAR P",22,86
810023103065,"SUNITHA K",20,66
810023103066,"LINGESH KUMAR",19,60
810023103067,"MOHAMED ANIF S",18,77
810023103068,"LATCHATHAN T",18,41
810023103069,"THILAK S",11,76
810023103070,"AARTHI K",21,78
810023103071,"SASIKUMAR S",21,50
810023103072,"ABDUL AJEES M",16,69
810023103073,"BANU SRI VARTHANI V",24,89
810023103074,"SANTHOSH M",19,58
810023103075,"AATHISESAN S",11,45
810023103076,"ANBUMANI M",22,45
810023103077,"PRIYADHARSHINI M",15,48
810023103078,"KODESHWARI M",19,70
810023103079,"APOORVA N",25,97
810023103080,"SHANMUGA PRIYA K",14,77
810023103082,"JANANISRI G",18,51
810023103083,"SAMINATHAN M",16,51
810023103084,"PRAVEEN S",16,42
810023103085,"JEEVA M",21,44
810023103086,"YUVARAJ R",23,54
810023103087,"PRASANYA D",19,55
810023103088,"YUGANIKHI G",22,80
810023103089,"MARIA AKASH A",13,63
810023103090,"RESHIKA V",17,78
810023103091,"NIRANJAN S",18,40
810023103092,"GOKUL S",17,57
810023103093,"VINOTHA R",11,72
810023103094,"BALAMURUGAN S",15,46
810023103095,"HARIHARAN A",23,60
810023103096,"VINOCHAN M",15,73
810023103097,"AZHARUDEEN R",16,62
810023103098,"JEYAKISHORE S S",14,42
810023103099,"AYYAPPAN S",14,42
810023103100,"BASKAR A",14,41
810023103101,"KATHIRAVAN K",13,42
810023103102,"KAVIPRIYA R",17,72
810023103103,"PRAVINRAJ D",12,40
810023103104,"VASANTH A",16,40
810023103105,"PRIYA V",13,40
"Total Attendance:26"
