"UNIVERSITY COLLEGE OF ENGINEERING, BIT CAMPUS, ANNA UNIVERSITY,TIRUCHIRAPPALLI - 620024"
"FACULTY : Dr.M.Illaya Kanmani Nanmozhi"
"CLASS : CIVIL-A","SUBJECT : GE3272"
regno,name,ge3272_mark,ge3272_attendance
810023103001,"JEEVA N",70,52
810023103002,"JAYASHREE N",76,56
810023103003,"NADHIYA T",74,56
810023103004,"YUVASHREE G",76,56
810023103005,"KAVIRAJAN K",82,52
810023103006,"RAGUL KANTH B",90,60
810023103007,"ABARNA A",86,60
810023103008,"BALAJI S",90,60
810023103010,"SIVABALAN G",69,52
810023103011,"KRITHIKRAJAN P",73,54
810023103012,"SHAHITHYA R",87,60
810023103013,"ARUL K",66,54
810023103014,"PARKAVI B",78,56
810023103015,"RITHICK P M",67,52
810023103016,"SRINESH S",72,52
810023103017,"SIVASANKARI V",79,56
810023103018,"ASWATHI G",75,56
810023103019,"HARINI M",82,60
810023103020,"NISHA A",81,60
810023103021,"PRADEEP N",83,56
810023103022,"RAJKUMAR S I",68,52
810023103023,"MONISHA S",81,56
810023103024,"RAMKUMAR R",70,52
810023103025,"HARISH R",74,52
810023103026,"MATHAN KUMAR A",73,56
810023103027,"SURYA DHARSHINI M",87,60
810023103028,"KABILAN S",69,52
810023103029,"KEERTHANA K",68,52
810023103030,"KESAVAKUMARI S",AB,0
810023103031,"LOKESHWARAN V B",77,56
810023103032,"ABHISHEK R",75,56
810023103033,"DHARANI S",70,56
810023103034,"NITHINARVINTH A",77,52
810023103035,"BHARANIDHARAN V",62,52
810023103036,"NEELAVANNAN R",63,52
810023103037,"NISHANTH S",72,56
810023103038,"ARUN P",71,56
810023103039,"KALIVIGNESH G",69,52
810023103040,"MOHAMED HALITH A",75,56
810023103041,"ABDUL KALAM A",72,52
810023103042,"BHARATHI R K",70,52
810023103043,"JAGADESAN T",71,52
810023103044,"NITHIYASRI M",81,60
810023103045,"ABINAYA R",70,60
810023103046,"HAARINI S",80,60
810023103047,"SRIRAM NATTAR P",60,52
810023103048,"YOGESHWARAN V",67,50
810023103049,"VAISHNAVI T",77,60
810023103050,"KAMALNATH A",67,50
810023103051,"VIMAL KUMAR M",70,52
810023103052,"ARAVIND RAGHUNATHAN G",72,50
810023103053,"SRUTHI A",79,60
810023103054,"PRITHIKA R T",88,60
810023103055,"AJAY SUNDAR A",69,52
"Total Attendance:60"
