"UNIVERSITY COLLEGE OF ENGINEERING, BIT CAMPUS, ANNA UNIVERSITY,TIRUCHIRAPPALLI - 620024"
"FACULTY : Dr.M.Illaya Kanmani Nanmozhi"
"CLASS : CIVIL-TM","SUBJECT : GE3272"
regno,name,ge3272_mark,ge3272_attendance
810023126001,"TAMILSELVAN M",85,52
810023126002,"MUTHULAKSHMI G",91,56
810023126003,"NANDHINI K",91,56
810023126004,"SRIPRIYA B",85,52
810023126005,"KIRUTHIGA S",91,56
810023126006,"DINESH P",85,56
810023126007,"KAVI ARASU C",85,56
810023126008,"SARANYA S",91,56
810023126009,"JANANI K",91,56
810023126010,"RUBASRI M",95,52
810023126011,"MADHUMITHA S",95,56
810023126012,"GANGANADHI P",95,52
810023126013,"SUVETHA V",95,56
810023126014,"ABIRAMI A",91,60
810023126015,"GOWTHAM V",91,52
810023126016,"GOKULA VASUNDHARA SRI R",91,54
810023126017,"KRISHNAVENI R",85,56
810023126018,"KARTHIKEYAN S",85,52
810023126019,"BUVANESH C",95,52
810023126020,"PATHMAVATHI L",85,52
810023126021,"MOHANA DEVI S",91,56
810023126022,"DHANUSHRAJAN K",85,60
810023126023,"PRADEEP V",85,52
810023126024,"AARTHY K",95,56
810023126025,"SELVAPRIYA P",85,60
810023126026,"PRABHA P",91,52
810023126027,"THIRUPATHI N",85,48
810023126028,"PRAVEENKUMAR S",85,52
810023126029,"AAKASH P",85,56
810023126030,"ABIRAMI B",91,60
810023126031,"HEMALATHA P",85,56
810023126032,"GUNA R",85,48
810023126033,"SHARUKHAN M",85,48
810023126034,"MATHIBALAN P",85,48
810023126036,"AJAY N",91,48
810023126037,"NAVEEN KUMAR S",85,52
810023126038,"PACHAIYAPPAN P",85,52
810023126039,"DHARNISH K",85,48
810023126040,"KANSHIYA S",91,56
810023126041,"KAVITHASAN M",91,60
810023126042,"SHARMILI M",91,52
810023126043,"VANISRI R",85,56
810023126044,"YOGESH J",85,48
810023126045,"PRAVEEN KUMAR M",85,48
810023126046,"KIRAN SANKAR R",95,56
810023126047,"ABINAYA A",91,60
810023126048,"HARISH R V",85,48
810023126049,"ADHITHYA A",85,48
"Total Attendance:60"
