"UNIVERSITY COLLEGE OF ENGINEERING, BIT CAMPUS, ANNA UNIVERSITY,TIRUCHIRAPPALLI - 620024"
"FACULTY : Dr.R.Sebasthi Priya"
"CLASS : CIVIL-B","SUBJECT : MA3251"
regno,name,ma3251_attendance,ma3251_mark
810023103056,"KARTHICK S",23,38
810023103057,"GANGA K",30,98
810023103058,"SHAMUNDESHWARI T",29,93
810023103059,"DHANUSHA S",27,72
810023103060,"ARTHI S",30,51
810023103061,"DHIVYA DHARSHINI G",30,70
810023103062,"HARIHARAN N",25,38
810023103063,"ROHINI G K",29,79
810023103064,"DHEJESH KUMAR P",26,78
810023103065,"SUNITHA K",29,69
810023103066,"LINGESH KUMAR",26,59
810023103067,"MOHAMED ANIF S",27,50
810023103068,"LATCHATHAN T",25,40
810023103069,"THILAK S",25,54
810023103070,"AARTHI K",30,89
810023103071,"SASIKUMAR S",24,70
810023103072,"ABDUL AJEES M",24,38
810023103073,"BANU SRI VARTHANI V",26,87
810023103074,"SANTHOSH M",24,38
810023103075,"AATHISESAN S",20,38
810023103076,"ANBUMANI M",24,59
810023103077,"PRIYADHARSHINI M",28,40
810023103078,"KODESHWARI M",24,78
810023103079,"APOORVA N",28,98
810023103080,"SHANMUGA PRIYA K",23,44
810023103082,"JANANISRI G",26,66
810023103083,"SAMINATHAN M",24,38
810023103084,"PRAVEEN S",26,55
810023103085,"JEEVA M",26,66
810023103086,"YUVARAJ R",25,88
810023103087,"PRASANYA D",26,68
810023103088,"YUGANIKHI G",30,79
810023103089,"MARIA AKASH A",25,45
810023103090,"RESHIKA V",25,56
810023103091,"NIRANJAN S",24,38
810023103092,"GOKUL S",25,38
810023103093,"VINOTHA R",26,49
810023103094,"BALAMURUGAN S",21,38
810023103095,"HARIHARAN A",25,76
810023103096,"VINOCHAN M",26,55
810023103097,"AZHARUDEEN R",23,38
810023103098,"JEYAKISHORE S S",21,40
810023103099,"AYYAPPAN S",21,60
810023103100,"BASKAR A",22,52
810023103101,"KATHIRAVAN K",24,45
810023103102,"KAVIPRIYA R",25,64
810023103103,"PRAVINRAJ D",23,46
810023103104,"VASANTH A",23,45
810023103105,"PRIYA V",30,40
"Total Attendance:30"
