regno,name,ge3171_mark,ge3171_attendance
810023126001,"TAMILSELVAN M",89,54
810023126002,"MUTHULAKSHMI G",93,51
810023126003,"NANDHINI K",88,57
810023126004,"SRIPRIYA B",89,57
810023126005,"KIRUTHIGA S",90,54
810023126006,"DINESH P",91,60
810023126007,"KAVI ARASU C",88,54
810023126008,"SARANYA S",94,57
810023126009,"JANANI K",93,51
810023126010,"RUBASRI M",95,54
810023126011,"MADHUMITHA S",91,57
810023126012,"GANGANADHI P",93,51
810023126013,"SUVETHA V",90,57
810023126014,"ABIRAMI A",93,54
810023126015,"GOWTHAM V",89,51
810023126016,"GOKULA VASUNDHARA SRI R",88,51
810023126017,"KRISHNAVENI R",91,51
810023126018,"KARTHIKEYAN S",87,48
810023126019,"BUVANESH C",90,54
810023126020,"PATHMAVATHI L",94,51
810023126021,"MOHANA DEVI S",93,51
810023126022,"DHANUSHRAJAN K",88,54
810023126023,"PRADEEP V",89,54
810023126024,"AARTHY K",90,54
810023126025,"SELVAPRIYA P",94,57
810023126026,"PRABHA P",93,57
810023126027,"THIRUPATHI N",88,54
810023126028,"PRAVEENKUMAR S",93,57
810023126029,"AAKASH P",89,54
810023126030,"ABIRAMI B",91,60
810023126031,"HEMALATHA P",93,57
810023126032,"GUNA R",90,57
810023126033,"SHARUKHAN M",89,48
810023126034,"MATHIBALAN P",90,54
810023126036,"AJAY N",93,54
810023126037,"NAVEEN KUMAR S",91,60
810023126038,"PACHAIYAPPAN P",88,57
810023126039,"DHARNISH K",89,57
810023126040,"KANSHIYA S",93,54
810023126041,"KAVITHASAN M",88,60
810023126042,"SHARMILI M",91,54
810023126043,"VANISRI R",94,57
810023126044,"YOGESH J",93,54
810023126045,"PRAVEEN KUMAR M",91,57
810023126046,"KIRAN SANKAR R",90,57
810023126047,"ABINAYA A",87,54
810023126048,"HARISH R V",86,48
810023126049,"ADHITHYA A",88,48
810023127001,"AMUDHAN S",91,42
810023127002,"SEVVELJAYAM S",88,42
810023127003,"ANDAVAR K",0,0
810023127004,"ASHWIN G",89,48
810023127005,"NAWINKUMAAR V",87,57
810023127006,"XAVIER AKASH A",89,48
810023127007,"KAVEENA M",94,54
810023127008,"NAVEEN S",95,42
810023127009,"BALAKRISHNAN R",93,51
810023127010,"MOHAN PANDI D",91,30
810023127011,"DHANARANGAN R",93,39
810023127012,"SAKTHIVEL P",91,48
810023127013,"PUNITH S",88,33
810023127014,"SRIDHAR T",0,0
810023127015,"VENKATARAJ V",87,48
810023127016,"SHAMEER AKTHAR S",89,39
810023127017,"GOWSHIKKUMAR S",91,45
"Total Attendance:60"
