"UNIVERSITY COLLEGE OF ENGINEERING, BIT CAMPUS, ANNA UNIVERSITY,TIRUCHIRAPPALLI - 620024"
"FACULTY : Dr.R.Nandhini"
"CLASS : CSE-A","SUBJECT : HS3252"
regno,name,hs3252_attendance,hs3252_mark
810023104001,"DARSNA S",16,75
810023104002,"CHARLIN ASHINI A D",16,83
810023104003,"SRINIDHI K",13,68
810023104004,"ARUL JASMINE D",16,73
810023104005,"SANTHIYA S",13,80
810023104006,"ARUL JEBARAJ M",13,68
810023104007,"YUVARANI S",15,63
810023104008,"VISHNUPRIYA K",17,73
810023104009,"MONISHA JENCY J",16,71
810023104010,"NISHASRI A",17,69
810023104011,"VIVEKANANDAN A",14,71
810023104012,"SAKTHIVEL K",13,65
810023104013,"DIVYA K",17,70
810023104014,"SARAVANAKUMAR P",14,60
810023104015,"DEEPIKA A",16,74
810023104016,"RAJESH S",15,70
810023104017,"SHOBANA V",16,74
810023104018,"SOWMIYA S",17,70
810023104019,"MATHAN KUMAR G",17,69
810023104020,"AKASH A",13,65
810023104021,"VAITHEESHWARAN P",15,76
810023104022,"ASIN T",17,72
810023104023,"ASHOK RAJ A",13,56
810023104024,"BALAMURUGAN K",14,68
810023104025,"DEEPAK RAJ E",15,70
810023104026,"GOMATHI S",14,74
810023104027,"ARUVI V",15,76
810023104028,"VIMAL RAJ J",13,70
810023104029,NIRMALKUMAR,13,64
810023104030,"VIJAY V",16,74
810023104031,"VAISHNAVI P",15,79
810023104032,"MUTHAZHAGI P",15,69
810023104033,"DHANALAKSHMI J",14,67
810023104034,"GOKUL RAJAN T",13,61
810023104036,"AYISHA H",15,77
810023104037,"AKSHAYA S",14,71
810023104038,"HARINI S",15,68
810023104039,"INBAN V",13,61
810023104040,"SARATHY V",14,65
810023104041,"PUGAZHVADIVU E",17,76
810023104042,"VEERAMANI S",13,66
810023104043,"SNOW SELVA RAFIKA S",14,79
810023104044,"MAHENDIRAN M",17,70
810023104045,"MUTHAMIZHSELVI M",16,73
810023104047,"DEEPANRAJA S",13,73
810023104048,"KATHIRAVAN P",15,74
810023104049,"SANGEETHA J",16,76
810023104050,"MUGESHKUMAR M",17,69
810023104051,"INDRA SANTHOSHI B",17,71
810023104052,"RENUGA S",16,74
810023104053,"HONIXA AFFRIN G A",17,76
810023104054,"KELLTENA D",15,74
810023104055,"WILMA ROSARY D",17,81
810023104056,"RADHIKA R",16,73
810023104057,"ROFEENA J",4,40
810023104058,"MUTHURAJA P",16,71
810023104059,"YOKESWARAN P",13,49
810023104060,"RIFAYA PARVEEN S",14,80
"Total Attendance:17"
