regno,name,ma3151_mark,ma3151_attendance
810023104001,"DARSNA S",82,25
810023104002,"CHARLIN ASHINI A D",90,23
810023104003,"SRINIDHI K",82,23
810023104004,"ARUL JASMINE D",81,25
810023104005,"SANTHIYA S",93,25
810023104006,"ARUL JEBARAJ M",82,24
810023104007,"YUVARANI S",80,25
810023104008,"VISHNUPRIYA K",87,25
810023104009,"MONISHA JENCY J",93,25
810023104010,"NISHASRI A",92,25
810023104011,"VIVEKANANDAN A",81,24
810023104012,"SAKTHIVEL K",75,24
810023104013,"DIVYA K",83,22
810023104014,"SARAVANAKUMAR P",95,23
810023104015,"DEEPIKA A",99,24
810023104016,"RAJESH S",86,25
810023104017,"SHOBANA V",94,25
810023104018,"SOWMIYA S",85,25
810023104019,"MATHAN KUMAR G",87,25
810023104020,"AKASH A",80,24
810023104021,"VAITHEESHWARAN P",92,25
810023104022,"ASIN T",97,25
810023104023,"ASHOK RAJ A",75,22
810023104024,"BALAMURUGAN K",89,25
810023104025,"DEEPAK RAJ E",90,19
810023104026,"GOMATHI S",95,25
810023104027,"ARUVI V",99,25
810023104028,"VIMAL RAJ J",87,25
810023104029,NIRMALKUMAR,85,17
810023104030,"VIJAY V",80,25
810023104031,"VAISHNAVI P",98,25
810023104032,"MUTHAZHAGI P",83,25
810023104033,"DHANALAKSHMI J",83,21
810023104034,"GOKUL RAJAN T",80,22
810023104036,"AYISHA H",82,25
810023104037,"AKSHAYA S",90,25
810023104038,"HARINI S",80,24
810023104039,"INBAN V",75,22
810023104040,"SARATHY V",95,21
810023104041,"PUGAZHVADIVU E",100,25
810023104042,"VEERAMANI S",79,25
810023104043,"SNOW SELVA RAFIKA S",99,25
810023104044,"MAHENDIRAN M",95,25
810023104045,"MUTHAMIZHSELVI M",97,25
810023104046,"MOHANADHARSHINI S",00,0
810023104047,"DEEPANRAJA S",99,23
810023104048,"KATHIRAVAN P",98,25
810023104049,"SANGEETHA J",85,25
810023104050,"MUGESHKUMAR M",90,25
810023104051,"INDRA SANTHOSHI B",95,24
810023104052,"RENUGA S",93,25
810023104053,"HONIXA AFFRIN G A",97,24
810023104054,"KELLTENA D",89,24
810023104055,"WILMA ROSARY D",99,24
810023104056,"RADHIKA R",97,23
810023104057,"ROFEENA J",96,23
810023104058,"MUTHURAJA P",93,25
810023104059,"YOKESWARAN P",79,17
810023104060,"RIFAYA PARVEEN S",87,23
"Total Attendance:25"
