regno,name,ph3256_attendance,ph3256_mark
810023104001,"DARSNA S",25,100
810023104002,"CHARLIN ASHINI A D",25,100
810023104003,"SRINIDHI K",23,90
810023104004,"ARUL JASMINE D",23,100
810023104005,"SANTHIYA S",22,100
810023104006,"ARUL JEBARAJ M",25,96
810023104007,"YUVARANI S",25,100
810023104008,"VISHNUPRIYA K",25,100
810023104009,"MONISHA JENCY J",25,100
810023104010,"NISHASRI A",25,100
810023104011,"VIVEKANANDAN A",22,100
810023104012,"SAKTHIVEL K",20,94
810023104013,"DIVYA K",25,100
810023104014,"SARAVANAKUMAR P",22,90
810023104015,"DEEPIKA A",25,98
810023104016,"RAJESH S",24,100
810023104017,"SHOBANA V",23,100
810023104018,"SOWMIYA S",24,100
810023104019,"MATHAN KUMAR G",24,100
810023104020,"AKASH A",20,91
810023104021,"VAITHEESHWARAN P",25,100
810023104022,"ASIN T",25,100
810023104023,"ASHOK RAJ A",19,94
810023104024,"BALAMURUGAN K",22,95
810023104025,"DEEPAK RAJ E",19,100
810023104026,"GOMATHI S",22,91
810023104027,"ARUVI V",25,100
810023104028,"VIMAL RAJ J",20,96
810023104029,NIRMALKUMAR,20,91
810023104030,"VIJAY V",25,100
810023104031,"VAISHNAVI P",25,100
810023104032,"MUTHAZHAGI P",25,100
810023104033,"DHANALAKSHMI J",23,94
810023104034,"GOKUL RAJAN T",20,98
810023104036,"AYISHA H",23,96
810023104037,"AKSHAYA S",22,98
810023104038,"HARINI S",20,92
810023104039,"INBAN V",20,91
810023104040,"SARATHY V",24,98
810023104041,"PUGAZHVADIVU E",25,100
810023104042,"VEERAMANI S",19,94
810023104043,"SNOW SELVA RAFIKA S",24,100
810023104044,"MAHENDIRAN M",22,99
810023104045,"MUTHAMIZHSELVI M",23,94
810023104047,"DEEPANRAJA S",23,90
810023104048,"KATHIRAVAN P",23,99
810023104049,"SANGEETHA J",22,98
810023104050,"MUGESHKUMAR M",23,94
810023104051,"INDRA SANTHOSHI B",25,100
810023104052,"RENUGA S",24,100
810023104053,"HONIXA AFFRIN G A",24,100
810023104054,"KELLTENA D",24,100
810023104055,"WILMA ROSARY D",23,100
810023104056,"RADHIKA R",25,100
810023104057,"ROFEENA J",20,95
810023104058,"MUTHURAJA P",22,98
810023104059,"YOKESWARAN P",19,90
810023104060,"RIFAYA PARVEEN S",25,100
"Total Attendance:25"
