"UNIVERSITY COLLEGE OF ENGINEERING, BIT CAMPUS, ANNA UNIVERSITY,TIRUCHIRAPPALLI - 620024"
"FACULTY : Dr.V.K.Sethurpandian"
"CLASS : CSE-A","SUBJECT : BS3171"
regno,name,bs3171_mark,bs3171_attendance
810023104001,"DARSNA S",100,58
810023104002,"CHARLIN ASHINI A D",100,60
810023104003,"SRINIDHI K",92,54
810023104004,"ARUL JASMINE D",100,60
810023104005,"SANTHIYA S",100,54
810023104006,"ARUL JEBARAJ M",100,58
810023104007,"YUVARANI S",100,60
810023104008,"VISHNUPRIYA K",100,60
810023104009,"MONISHA JENCY J",100,60
810023104010,"NISHASRI A",100,60
810023104011,"VIVEKANANDAN A",100,60
810023104012,"SAKTHIVEL K",97,54
810023104013,"DIVYA K",100,56
810023104014,"SARAVANAKUMAR P",100,58
810023104015,"DEEPIKA A",99,60
810023104016,"RAJESH S",93,60
810023104017,"SHOBANA V",100,60
810023104018,"SOWMIYA S",98,58
810023104019,"MATHAN KUMAR G",100,60
810023104020,"AKASH A",99,52
810023104021,"VAITHEESHWARAN P",99,60
810023104022,"ASIN T",100,60
810023104023,"ASHOK RAJ A",99,52
810023104024,"BALAMURUGAN K",94,52
810023104025,"DEEPAK RAJ E",99,56
810023104026,"GOMATHI S",97,56
810023104027,"ARUVI V",100,60
810023104028,"VIMAL RAJ J",95,58
810023104029,NIRMALKUMAR,100,52
810023104030,"VIJAY V",100,60
810023104031,"VAISHNAVI P",99,58
810023104032,"MUTHAZHAGI P",100,60
810023104033,"DHANALAKSHMI J",100,60
810023104034,"GOKUL RAJAN T",100,56
810023104036,"AYISHA H",95,60
810023104037,"AKSHAYA S",99,60
810023104038,"HARINI S",99,58
810023104039,"INBAN V",99,40
810023104040,"SARATHY V",100,56
810023104041,"PUGAZHVADIVU E",100,60
810023104042,"VEERAMANI S",100,58
810023104043,"SNOW SELVA RAFIKA S",97,60
810023104044,"MAHENDIRAN M",98,60
810023104045,"MUTHAMIZHSELVI M",100,60
810023104046,"MOHANADHARSHINI S",AB,36
810023104047,"DEEPANRAJA S",100,58
810023104048,"KATHIRAVAN P",98,60
810023104049,"SANGEETHA J",100,60
810023104050,"MUGESHKUMAR M",100,60
810023104051,"INDRA SANTHOSHI B",100,56
810023104052,"RENUGA S",100,60
810023104053,"HONIXA AFFRIN G A",100,58
810023104054,"KELLTENA D",100,58
810023104055,"WILMA ROSARY D",100,60
810023104056,"RADHIKA R",100,60
810023104057,"ROFEENA J",100,58
810023104058,"MUTHURAJA P",100,60
810023104059,"YOKESWARAN P",97,56
810023104060,"RIFAYA PARVEEN S",100,56
"Total Attendance:60"
