"UNIVERSITY COLLEGE OF ENGINEERING, BIT CAMPUS, ANNA UNIVERSITY,TIRUCHIRAPPALLI - 620024"
"FACULTY : Mr.Vimalraj"
"CLASS : CSE-B","SUBJECT : GE3151"
regno,name,ge3151_mark,ge3151_attendance
810023104061,"ANNE JAISI KIRUBA R",100,28
810023104062,"JAINULABUDEEN K",98,24
810023104063,"GURUBARATH S",95,25
810023104064,"RUBY MARY AMARAVATHY A",96,26
810023104065,"SANGEETHA S",97,27
810023104066,"LASIMA V",94,25
810023104067,"MARIESWARAN K",96,24
810023104068,"SUMITHRA R",93,26
810023104069,"MUHAMMAD ZAAFIR M",92,27
810023104070,"KISHAN DOSS R",100,28
810023104071,"BALAJI M",97,26
810023104072,"THAMIZH EZHILAN T",96,24
810023104073,"MAGESHWARAN O",95,25
810023104074,"GOWTHAM S",95,25
810023104075,"DHARINI D",96,24
810023104076,"SURAJ SIVA R",98,26
810023104077,"LATCHAYA S",99,26
810023104078,"ARUNPRASAD A S",98,25
810023104079,"MADHANKUMAR O V",96,24
810023104080,"POONGODI S",97,26
810023104081,"SOBIYA A",98,27
810023104082,"ARUNA S",98,25
810023104083,"ASHIKA H",98,24
810023104084,"KADIVA THERASAL MARY S",96,25
810023104085,"VIJAYALAKSHMI M",99,26
810023104086,"THOLKAPPIYAN G",98,26
810023104087,"AISHWARYA V",97,27
810023104088,"SIDHARTH M",95,26
810023104089,"SHOBIKA B",94,26
810023104090,"PRAVEEN BALAJI S",AB,0
810023104092,"ADITHYA T",96,25
810023104093,"SAKTHIVEL S",AB,0
810023104094,"MAHA SHREE R",100,28
810023104095,"SAFRIN SHIFA I",98,25
810023104096,"GUNABALAJI G",97,24
810023104097,"DEEPIKA T",97,26
810023104098,"NISHANTHINI S",95,27
810023104099,"KAVIYA K",96,26
810023104100,"SELSIYA K",100,28
810023104101,"ARIVU SELVAN R",96,26
810023104102,"VIGNESHWARAN C",94,26
810023104103,"SELVA J",95,25
810023104104,"DIVYA R",96,24
810023104105,"VISHVA P",97,26
810023104106,"HARISH M",96,27
810023104107,"KIRUBAKARAN B",95,27
810023104108,"VISHWANATH R",97,26
810023104109,"MANOJITHAN R",98,26
810023104110,BHUVANESH,98,25
810023104111,"KABILDHARSHAN S",95,24
810023104112,"PRATHAP A",96,26
810023104113,"BHAVANA V",97,26
810023104114,"KALAI VANI S",98,25
810023104115,"GOKUL T P",AB,12
810023104116,"REVATHI K",AB,0
810023104117,"ASWINI R",95,25
810023104118,"THIRISHALA M",94,26
810023104119,"RITHICK MENON M",95,26
"Total Attendance:28"
