regno,name,ma3151_mark,ma3151_attendance
810023104061,"ANNE JAISI KIRUBA R",90,27
810023104062,"JAINULABUDEEN K",80,23
810023104063,"GURUBARATH S",76,23
810023104064,"RUBY MARY AMARAVATHY A",68,20
810023104065,"SANGEETHA S",89,26
810023104066,"LASIMA V",75,23
810023104067,"MARIESWARAN K",70,25
810023104068,"SUMITHRA R",84,24
810023104069,"MUHAMMAD ZAAFIR M",76,24
810023104070,"KISHAN DOSS R",70,21
810023104071,"BALAJI M",55,20
810023104072,"THAMIZH EZHILAN T",91,23
810023104073,"MAGESHWARAN O",65,22
810023104074,"GOWTHAM S",88,24
810023104075,"DHARINI D",74,24
810023104076,"SURAJ SIVA R",77,20
810023104077,"LATCHAYA S",75,26
810023104078,"ARUNPRASAD A S",81,21
810023104079,"MADHANKUMAR O V",84,22
810023104080,"POONGODI S",72,22
810023104081,"SOBIYA A",97,24
810023104082,"ARUNA S",80,25
810023104083,"ASHIKA H",70,23
810023104084,"KADIVA THERASAL MARY S",86,24
810023104085,"VIJAYALAKSHMI M",94,26
810023104086,"THOLKAPPIYAN G",55,20
810023104087,"AISHWARYA V",67,26
810023104088,"SIDHARTH M",69,24
810023104089,"SHOBIKA B",94,26
810023104090,"PRAVEEN BALAJI S",Absent,0
810023104092,"ADITHYA T",72,26
810023104093,"SAKTHIVEL S",Absent,0
810023104094,"MAHA SHREE R",81,24
810023104095,"SAFRIN SHIFA I",88,24
810023104096,"GUNABALAJI G",80,24
810023104097,"DEEPIKA T",79,22
810023104098,"NISHANTHINI S",98,27
810023104099,"KAVIYA K",55,22
810023104100,"SELSIYA K",85,26
810023104101,"ARIVU SELVAN R",72,22
810023104102,"VIGNESHWARAN C",81,22
810023104103,"SELVA J",81,22
810023104104,"DIVYA R",95,24
810023104105,"VISHVA P",55,25
810023104106,"HARISH M",55,19
810023104107,"KIRUBAKARAN B",55,21
810023104108,"VISHWANATH R",68,21
810023104109,"MANOJITHAN R",55,18
810023104110,BHUVANESH,55,18
810023104111,"KABILDHARSHAN S",55,20
810023104112,"PRATHAP A",55,24
810023104113,"BHAVANA V",74,24
810023104114,"KALAI VANI S",89,20
810023104115,"GOKUL T P",Absent,0
810023104116,"REVATHI K",Absent,0
810023104117,"ASWINI R",79,22
810023104118,"THIRISHALA M",69,27
810023104119,"RITHICK MENON M",68,20
"Total Attendance:27"
