"UNIVERSITY COLLEGE OF ENGINEERING, BIT CAMPUS, ANNA UNIVERSITY,TIRUCHIRAPPALLI - 620024"
"FACULTY : Dr.M.Padma"
"CLASS : CSE-B","SUBJECT : CS3251"
regno,name,cs3251_attendance,cs3251_mark
810023104061,"ANNE JAISI KIRUBA R",21,99
810023104062,"JAINULABUDEEN K",19,98
810023104063,"GURUBARATH S",18,77
810023104064,"RUBY MARY AMARAVATHY A",21,90
810023104065,"SANGEETHA S",19,97
810023104066,"LASIMA V",18,97
810023104067,"MARIESWARAN K",19,80
810023104068,"SUMITHRA R",21,92
810023104069,"MUHAMMAD ZAAFIR M",21,85
810023104070,"KISHAN DOSS R",17,70
810023104071,"BALAJI M",19,80
810023104072,"THAMIZH EZHILAN T",21,99
810023104073,"MAGESHWARAN O",18,77
810023104074,"GOWTHAM S",19,98
810023104075,"DHARINI D",21,99
810023104076,"SURAJ SIVA R",16,93
810023104077,"LATCHAYA S",20,99
810023104078,"ARUNPRASAD A S",21,92
810023104079,"MADHANKUMAR O V",19,50
810023104080,"POONGODI S",19,87
810023104081,"SOBIYA A",19,98
810023104082,"ARUNA S",21,98
810023104083,"ASHIKA H",21,98
810023104084,"KADIVA THERASAL MARY S",21,98
810023104085,"VIJAYALAKSHMI M",21,98
810023104086,"THOLKAPPIYAN G",19,97
810023104087,"AISHWARYA V",21,98
810023104088,"SIDHARTH M",18,93
810023104089,"SHOBIKA B",21,98
810023104092,"ADITHYA T",21,99
810023104094,"MAHA SHREE R",18,90
810023104095,"SAFRIN SHIFA I",21,99
810023104096,"GUNABALAJI G",19,80
810023104097,"DEEPIKA T",21,92
810023104098,"NISHANTHINI S",19,98
810023104099,"KAVIYA K",19,50
810023104100,"SELSIYA K",21,98
810023104101,"ARIVU SELVAN R",21,63
810023104102,"VIGNESHWARAN C",16,80
810023104103,"SELVA J",19,98
810023104104,"DIVYA R",21,98
810023104105,"VISHVA P",18,50
810023104106,"HARISH M",19,65
810023104107,"KIRUBAKARAN B",19,77
810023104108,"VISHWANATH R",16,98
810023104109,"MANOJITHAN R",18,50
810023104110,BHUVANESH,18,50
810023104111,"KABILDHARSHAN S",21,50
810023104112,"PRATHAP A",21,93
810023104113,"BHAVANA V",21,98
810023104114,"KALAI VANI S",21,98
810023104117,"ASWINI R",19,98
810023104118,"THIRISHALA M",21,87
810023104119,"RITHICK MENON M",21,98
"Total Attendance:21"
