"UNIVERSITY COLLEGE OF ENGINEERING, BIT CAMPUS, ANNA UNIVERSITY,TIRUCHIRAPPALLI - 620024"
"FACULTY : Dr.P.Mani"
"CLASS : CSE-B","SUBJECT : PH3256"
regno,name,ph3256_attendance,ph3256_mark
810023104061,"ANNE JAISI KIRUBA R",25,100
810023104062,"JAINULABUDEEN K",25,100
810023104063,"GURUBARATH S",25,98
810023104064,"RUBY MARY AMARAVATHY A",25,98
810023104065,"SANGEETHA S",25,95
810023104066,"LASIMA V",25,99
810023104067,"MARIESWARAN K",25,90
810023104068,"SUMITHRA R",25,97
810023104069,"MUHAMMAD ZAAFIR M",25,92
810023104070,"KISHAN DOSS R",25,100
810023104071,"BALAJI M",21,94
810023104072,"THAMIZH EZHILAN T",25,99
810023104073,"MAGESHWARAN O",23,90
810023104074,"GOWTHAM S",25,97
810023104075,"DHARINI D",25,100
810023104076,"SURAJ SIVA R",25,95
810023104077,"LATCHAYA S",25,96
810023104078,"ARUNPRASAD A S",25,95
810023104079,"MADHANKUMAR O V",25,88
810023104080,"POONGODI S",25,98
810023104081,"SOBIYA A",25,100
810023104082,"ARUNA S",25,97
810023104083,"ASHIKA H",25,100
810023104084,"KADIVA THERASAL MARY S",25,96
810023104085,"VIJAYALAKSHMI M",25,100
810023104086,"THOLKAPPIYAN G",20,97
810023104087,"AISHWARYA V",25,98
810023104088,"SIDHARTH M",25,97
810023104089,"SHOBIKA B",25,98
810023104092,"ADITHYA T",25,99
810023104094,"MAHA SHREE R",25,100
810023104095,"SAFRIN SHIFA I",25,100
810023104096,"GUNABALAJI G",25,100
810023104097,"DEEPIKA T",25,98
810023104098,"NISHANTHINI S",25,100
810023104099,"KAVIYA K",25,91
810023104100,"SELSIYA K",25,100
810023104101,"ARIVU SELVAN R",25,98
810023104102,"VIGNESHWARAN C",25,98
810023104103,"SELVA J",25,100
810023104104,"DIVYA R",25,100
810023104105,"VISHVA P",25,91
810023104106,"HARISH M",21,90
810023104107,"KIRUBAKARAN B",25,90
810023104108,"VISHWANATH R",25,100
810023104109,"MANOJITHAN R",20,91
810023104110,BHUVANESH,20,91
810023104111,"KABILDHARSHAN S",20,90
810023104112,"PRATHAP A",25,90
810023104113,"BHAVANA V",25,100
810023104114,"KALAI VANI S",25,100
810023104117,"ASWINI R",25,98
810023104118,"THIRISHALA M",25,100
810023104119,"RITHICK MENON M",25,100
"Total Attendance:25"
