"UNIVERSITY COLLEGE OF ENGINEERING, BIT CAMPUS, ANNA UNIVERSITY,TIRUCHIRAPPALLI - 620024"
"FACULTY : Dr.M.Aruvi"
"CLASS : CSE-B","SUBJECT : MA3251"
regno,name,ma3251_attendance,ma3251_mark
810023104061,"ANNE JAISI KIRUBA R",33,92
810023104062,"JAINULABUDEEN K",29,88
810023104063,"GURUBARATH S",28,87
810023104064,"RUBY MARY AMARAVATHY A",31,99
810023104065,"SANGEETHA S",31,92
810023104066,"LASIMA V",33,97
810023104067,"MARIESWARAN K",28,85
810023104068,"SUMITHRA R",33,94
810023104069,"MUHAMMAD ZAAFIR M",33,96
810023104070,"KISHAN DOSS R",31,89
810023104071,"BALAJI M",27,70
810023104072,"THAMIZH EZHILAN T",33,90
810023104073,"MAGESHWARAN O",32,88
810023104074,"GOWTHAM S",33,100
810023104075,"DHARINI D",33,100
810023104076,"SURAJ SIVA R",28,96
810023104077,"LATCHAYA S",32,86
810023104078,"ARUNPRASAD A S",29,80
810023104079,"MADHANKUMAR O V",31,90
810023104080,"POONGODI S",33,87
810023104081,"SOBIYA A",33,96
810023104082,"ARUNA S",31,90
810023104083,"ASHIKA H",33,97
810023104084,"KADIVA THERASAL MARY S",33,91
810023104085,"VIJAYALAKSHMI M",31,95
810023104086,"THOLKAPPIYAN G",22,73
810023104087,"AISHWARYA V",33,80
810023104088,"SIDHARTH M",26,75
810023104089,"SHOBIKA B",26,98
810023104092,"ADITHYA T",33,80
810023104094,"MAHA SHREE R",30,92
810023104095,"SAFRIN SHIFA I",31,96
810023104096,"GUNABALAJI G",27,80
810023104097,"DEEPIKA T",31,86
810023104098,"NISHANTHINI S",33,100
810023104099,"KAVIYA K",31,75
810023104100,"SELSIYA K",33,100
810023104101,"ARIVU SELVAN R",33,75
810023104102,"VIGNESHWARAN C",29,80
810023104103,"SELVA J",25,80
810023104104,"DIVYA R",33,92
810023104105,"VISHVA P",30,70
810023104106,"HARISH M",24,70
810023104107,"KIRUBAKARAN B",27,84
810023104108,"VISHWANATH R",28,92
810023104109,"MANOJITHAN R",24,77
810023104110,BHUVANESH,32,72
810023104111,"KABILDHARSHAN S",27,73
810023104112,"PRATHAP A",31,80
810023104113,"BHAVANA V",33,96
810023104114,"KALAI VANI S",29,100
810023104117,"ASWINI R",27,84
810023104118,"THIRISHALA M",33,100
810023104119,"RITHICK MENON M",31,86
"Total Attendance:33"
