"UNIVERSITY COLLEGE OF ENGINEERING, BIT CAMPUS, ANNA UNIVERSITY,TIRUCHIRAPPALLI - 620024"
"FACULTY : Mrs.K.Devishree"
"CLASS : CSE-B","SUBJECT : GE3271"
regno,name,ge3271_mark,ge3271_attendance
810023104061,"ANNE JAISI KIRUBA R",99,56
810023104062,"JAINULABUDEEN K",97,52
810023104063,"GURUBARATH S",97,52
810023104064,"RUBY MARY AMARAVATHY A",97,52
810023104065,"SANGEETHA S",97,52
810023104066,"LASIMA V",99,56
810023104067,"MARIESWARAN K",91,52
810023104068,"SUMITHRA R",96,56
810023104069,"MUHAMMAD ZAAFIR M",93,56
810023104070,"KISHAN DOSS R",93,56
810023104071,"BALAJI M",92,48
810023104072,"THAMIZH EZHILAN T",95,52
810023104073,"MAGESHWARAN O",97,52
810023104074,"GOWTHAM S",97,56
810023104075,"DHARINI D",99,56
810023104076,"SURAJ SIVA R",92,52
810023104077,"LATCHAYA S",100,60
810023104078,"ARUNPRASAD A S",96,52
810023104079,"MADHANKUMAR O V",92,48
810023104080,"POONGODI S",99,56
810023104081,"SOBIYA A",99,56
810023104082,"ARUNA S",98,52
810023104083,"ASHIKA H",95,56
810023104084,"KADIVA THERASAL MARY S",91,56
810023104085,"VIJAYALAKSHMI M",97,56
810023104086,"THOLKAPPIYAN G",95,48
810023104087,"AISHWARYA V",91,56
810023104088,"SIDHARTH M",91,48
810023104089,"SHOBIKA B",94,56
810023104092,"ADITHYA T",94,56
810023104094,"MAHA SHREE R",96,56
810023104095,"SAFRIN SHIFA I",100,60
810023104096,"GUNABALAJI G",89,44
810023104097,"DEEPIKA T",96,56
810023104098,"NISHANTHINI S",100,60
810023104099,"KAVIYA K",96,56
810023104100,"SELSIYA K",96,56
810023104101,"ARIVU SELVAN R",100,60
810023104102,"VIGNESHWARAN C",91,48
810023104103,"SELVA J",93,52
810023104104,"DIVYA R",100,60
810023104105,"VISHVA P",91,48
810023104106,"HARISH M",89,52
810023104107,"KIRUBAKARAN B",93,52
810023104108,"VISHWANATH R",92,48
810023104109,"MANOJITHAN R",88,40
810023104110,BHUVANESH,90,44
810023104111,"KABILDHARSHAN S",90,44
810023104112,"PRATHAP A",93,56
810023104113,"BHAVANA V",96,56
810023104114,"KALAI VANI S",94,56
810023104117,"ASWINI R",95,56
810023104118,"THIRISHALA M",99,56
810023104119,"RITHICK MENON M",94,56
"Total Attendance:60"
