regno,name,ge3271_mark,ge3271_attendance
810023106001,"DEVISRI P",98,50
810023106002,"MADHAVAN S",100,56
810023106003,"SHAFANA YASMIN K",99,52
810023106004,"SARANYA G",98,48
810023106006,"SARAVANAN A",96,44
810023106008,"SANTHOSH KUMAR A",96,36
810023106009,"BALAJI V",98,52
810023106010,"NIVETHA K",97,60
810023106011,"UMAR H",98,52
810023106012,"NAVAMALIKA B",98,52
810023106013,"AMARNATH P",100,56
810023106014,"KAVINESAN M",96,44
810023106015,"VIJAYAKUMARI D",98,52
810023106016,"VIGNESHWARI A",99,50
810023106017,"AMIRTHAMBIKA R",100,56
810023106018,"RENUKA K",97,48
810023106019,"GOWTHAM R",98,48
810023106020,"CHARULATHA B",97,44
810023106021,"KRISHNARAJ M",98,52
810023106022,"PRIYADHARSHINI B",100,60
810023106023,"AKASH A",97,52
810023106024,"RAJIV K",98,52
810023106025,"SRI LAKSHMI R",98,48
810023106026,"LAVANAYA K",100,56
810023106027,"SONIYA T",100,60
810023106028,"VEDHACHALAM K",100,50
810023106029,"KANISHKA S",99,60
810023106030,"VENKATESH H",97,48
810023106031,"KAVI KUMAR K",98,56
810023106032,"VIDHUBALA K",98,56
810023106033,"ANBUSELVAN A",0,0
810023106034,"ARCHANA M",97,52
810023106035,"RITHISH B",100,56
810023106036,"DHARSHINI P S",100,52
810023106037,"ASIYA T",100,56
810023106038,"IRFAN T SHADIL",98,48
810023106039,"DAYANITHI C",100,56
810023106040,"YUVARAJ T",99,50
810023106041,"VANCHINATHAN S S",99,52
810023106042,"DEVIBALA K",100,60
810023106043,"HARINI B",98,44
810023106044,"DHUVARIKA S",99,56
810023106045,"AKALYA M",100,56
810023106046,"PON KARTHIKA V",99,48
810023106047,"DIVYASRI S",13,6
810023106048,"KESHAV VIJAYAN K R",99,52
810023106049,"KEERTHIKA S",100,56
810023106050,"SURYA S",100,56
810023106051,"NISHANTHI S V",99,52
810023106052,"SIVARAMAN K",97,40
810023106053,"SARANYA A",99,60
810023106054,"KALAIYARASAN V",99,48
810023106055,"RAJESHWARI P",99,52
810023106056,"KARTHIKEYAN S",98,49
810023106057,"MENAKA M",100,52
810023106058,"LAKSHMI PRABHA M",99,57
"Total Attendance:60"
