regno,name,be3252_attendance,be3252_mark
810023106001,"DEVISRI P",21,89
810023106002,"MADHAVAN S",25,90
810023106003,"SHAFANA YASMIN K",25,96
810023106004,"SARANYA G",25,91
810023106006,"SARAVANAN A",24,77
810023106008,"SANTHOSH KUMAR A",21,84
810023106009,"BALAJI V",21,96
810023106010,"NIVETHA K",25,90
810023106011,"UMAR H",24,90
810023106012,"NAVAMALIKA B",25,100
810023106013,"AMARNATH P",24,92
810023106014,"KAVINESAN M",20,85
810023106015,"VIJAYAKUMARI D",24,92
810023106016,"VIGNESHWARI A",24,97
810023106017,"AMIRTHAMBIKA R",25,100
810023106018,"RENUKA K",20,90
810023106019,"GOWTHAM R",20,73
810023106020,"CHARULATHA B",20,92
810023106021,"KRISHNARAJ M",22,85
810023106022,"PRIYADHARSHINI B",25,73
810023106023,"AKASH A",21,70
810023106024,"RAJIV K",24,70
810023106025,"SRI LAKSHMI R",20,98
810023106026,"LAVANAYA K",25,96
810023106027,"SONIYA T",24,96
810023106028,"VEDHACHALAM K",25,94
810023106029,"KANISHKA S",25,96
810023106030,"VENKATESH H",25,90
810023106031,"KAVI KUMAR K",23,92
810023106032,"VIDHUBALA K",23,96
810023106033,"ANBUSELVAN A",0,0
810023106034,"ARCHANA M",20,93
810023106035,"RITHISH B",25,82
810023106036,"DHARSHINI P S",23,95
810023106037,"ASIYA T",25,83
810023106038,"IRFAN T SHADIL",20,84
810023106039,"DAYANITHI C",25,76
810023106040,"YUVARAJ T",21,77
810023106041,"VANCHINATHAN S S",23,90
810023106042,"DEVIBALA K",23,98
810023106043,"HARINI B",18,90
810023106044,"DHUVARIKA S",25,90
810023106045,"AKALYA M",25,96
810023106046,"PON KARTHIKA V",24,94
810023106047,"DIVYASRI S",12,62
810023106048,"KESHAV VIJAYAN K R",23,85
810023106049,"KEERTHIKA S",25,100
810023106050,"SURYA S",21,92
810023106051,"NISHANTHI S V",20,95
810023106052,"SIVARAMAN K",25,78
810023106053,"SARANYA A",24,96
810023106054,"KALAIYARASAN V",25,71
810023106055,"RAJESHWARI P",24,94
810023106056,"KARTHIKEYAN S",24,81
810023106057,"MENAKA M",25,97
810023106058,"LAKSHMI PRABHA M",23,98
"Total Attendance:25"
