"UNIVERSITY COLLEGE OF ENGINEERING, BIT CAMPUS, ANNA UNIVERSITY,TIRUCHIRAPPALLI - 620024"
"FACULTY : Dr.S.Moscow"
"CLASS : ECE-A","SUBJECT : CY3151"
regno,name,cy3151_mark,cy3151_attendance
810023106001,"DEVISRI P",83,20
810023106002,"MADHAVAN S",85,19
810023106003,"SHAFANA YASMIN K",97,17
810023106004,"SARANYA G",82,17
810023106006,"SARAVANAN A",70,14
810023106008,"SANTHOSH KUMAR A",84,16
810023106009,"BALAJI V",99,18
810023106010,"NIVETHA K",81,21
810023106011,"UMAR H",80,21
810023106012,"NAVAMALIKA B",89,20
810023106013,"AMARNATH P",94,19
810023106014,"KAVINESAN M",85,18
810023106015,"VIJAYAKUMARI D",81,21
810023106016,"VIGNESHWARI A",82,20
810023106017,"AMIRTHAMBIKA R",91,21
810023106018,"RENUKA K",79,20
810023106019,"GOWTHAM R",75,12
810023106020,"CHARULATHA B",76,13
810023106021,"KRISHNARAJ M",75,19
810023106022,"PRIYADHARSHINI B",70,19
810023106023,"AKASH A",70,18
810023106024,"RAJIV K",65,14
810023106025,"SRI LAKSHMI R",84,20
810023106026,"LAVANAYA K",80,19
810023106027,"SONIYA T",89,21
810023106028,"VEDHACHALAM K",80,20
810023106029,"KANISHKA S",75,21
810023106030,"VENKATESH H",82,21
810023106031,"KAVI KUMAR K",92,18
810023106032,"VIDHUBALA K",86,18
810023106033,"ANBUSELVAN A",65,17
810023106034,"ARCHANA M",79,18
810023106035,"RITHISH B",85,17
810023106036,"DHARSHINI P S",96,17
810023106037,"ASIYA T",79,21
810023106038,"IRFAN T SHADIL",76,20
810023106039,"DAYANITHI C",72,15
810023106040,"YUVARAJ T",82,21
810023106041,"VANCHINATHAN S S",78,18
810023106042,"DEVIBALA K",92,19
810023106043,"HARINI B",88,21
810023106044,"DHUVARIKA S",83,21
810023106045,"AKALYA M",99,20
810023106046,"PON KARTHIKA V",76,18
810023106047,"DIVYASRI S",0,0
810023106048,"KESHAV VIJAYAN K R",95,19
810023106049,"KEERTHIKA S",77,21
810023106050,"SURYA S",95,21
810023106051,"NISHANTHI S V",96,21
810023106052,"SIVARAMAN K",85,17
810023106053,"SARANYA A",77,20
810023106054,"KALAIYARASAN V",65,16
810023106055,"RAJESHWARI P",81,19
810023106056,"KARTHIKEYAN S",73,19
810023106057,"MENAKA M",99,21
810023106058,"LAKSHMI PRABHA M",97,21
"Total Attendance:21"
