regno,name,ge3252_attendance,ge3252_mark
810023106001,"DEVISRI P",8,67
810023106002,"MADHAVAN S",9,60
810023106003,"SHAFANA YASMIN K",8,57
810023106004,"SARANYA G",8,63
810023106006,"SARAVANAN A",9,47
810023106008,"SANTHOSH KUMAR A",9,45
810023106009,"BALAJI V",9,60
810023106010,"NIVETHA K",8,65
810023106011,"UMAR H",8,46
810023106012,"NAVAMALIKA B",9,61
810023106013,"AMARNATH P",8,51
810023106014,"KAVINESAN M",9,51
810023106015,"VIJAYAKUMARI D",8,56
810023106016,"VIGNESHWARI A",9,65
810023106017,"AMIRTHAMBIKA R",9,64
810023106018,"RENUKA K",7,56
810023106019,"GOWTHAM R",9,54
810023106020,"CHARULATHA B",9,50
810023106021,"KRISHNARAJ M",7,55
810023106022,"PRIYADHARSHINI B",9,55
810023106023,"AKASH A",9,49
810023106024,"RAJIV K",8,48
810023106025,"SRI LAKSHMI R",9,73
810023106026,"LAVANAYA K",9,60
810023106027,"SONIYA T",9,63
810023106028,"VEDHACHALAM K",7,54
810023106029,"KANISHKA S",9,75
810023106030,"VENKATESH H",9,53
810023106031,"KAVI KUMAR K",9,55
810023106032,"VIDHUBALA K",6,60
810023106033,"ANBUSELVAN A",0,AB
810023106034,"ARCHANA M",8,81
810023106035,"RITHISH B",9,54
810023106036,"DHARSHINI P S",6,63
810023106037,"ASIYA T",9,63
810023106038,"IRFAN T SHADIL",9,62
810023106039,"DAYANITHI C",8,54
810023106040,"YUVARAJ T",8,63
810023106041,"VANCHINATHAN S S",9,67
810023106042,"DEVIBALA K",8,65
810023106043,"HARINI B",8,60
810023106044,"DHUVARIKA S",9,58
810023106045,"AKALYA M",9,70
810023106046,"PON KARTHIKA V",8,56
810023106047,"DIVYASRI S",3,42
810023106048,"KESHAV VIJAYAN K R",7,65
810023106049,"KEERTHIKA S",8,64
810023106050,"SURYA S",9,73
810023106051,"NISHANTHI S V",9,63
810023106052,"SIVARAMAN K",8,51
810023106053,"SARANYA A",7,55
810023106054,"KALAIYARASAN V",9,50
810023106055,"RAJESHWARI P",9,77
810023106056,"KARTHIKEYAN S",9,74
810023106057,"MENAKA M",9,65
810023106058,"LAKSHMI PRABHA M",8,71
"Total Attendance:9"
