"UNIVERSITY COLLEGE OF ENGINEERING, BIT CAMPUS, ANNA UNIVERSITY,TIRUCHIRAPPALLI - 620024"
"FACULTY : Dr.D.Elizabeth"
"CLASS : ECE-A","SUBJECT : HS3152"
regno,name,hs3152_mark,hs3152_attendance
810023106001,"DEVISRI P",92,25
810023106002,"MADHAVAN S",90,24
810023106003,"SHAFANA YASMIN K",88,25
810023106004,"SARANYA G",85,26
810023106006,"SARAVANAN A",65,20
810023106008,"SANTHOSH KUMAR A",84,23
810023106009,"BALAJI V",89,25
810023106010,"NIVETHA K",87,26
810023106011,"UMAR H",91,26
810023106012,"NAVAMALIKA B",87,24
810023106013,"AMARNATH P",89,25
810023106014,"KAVINESAN M",88,23
810023106015,"VIJAYAKUMARI D",87,26
810023106016,"VIGNESHWARI A",73,25
810023106017,"AMIRTHAMBIKA R",89,25
810023106018,"RENUKA K",85,23
810023106019,"GOWTHAM R",76,20
810023106020,"CHARULATHA B",82,21
810023106021,"KRISHNARAJ M",89,25
810023106022,"PRIYADHARSHINI B",89,26
810023106023,"AKASH A",65,21
810023106024,"RAJIV K",68,21
810023106025,"SRI LAKSHMI R",86,25
810023106026,"LAVANAYA K",82,26
810023106027,"SONIYA T",87,26
810023106028,"VEDHACHALAM K",85,26
810023106029,"KANISHKA S",86,26
810023106030,"VENKATESH H",84,26
810023106031,"KAVI KUMAR K",84,23
810023106032,"VIDHUBALA K",88,26
810023106033,"ANBUSELVAN A",80,23
810023106034,"ARCHANA M",86,25
810023106035,"RITHISH B",81,25
810023106036,"DHARSHINI P S",88,25
810023106037,"ASIYA T",91,26
810023106038,"IRFAN T SHADIL",91,25
810023106039,"DAYANITHI C",89,23
810023106040,"YUVARAJ T",88,25
810023106041,"VANCHINATHAN S S",89,24
810023106042,"DEVIBALA K",92,26
810023106043,"HARINI B",89,25
810023106044,"DHUVARIKA S",80,26
810023106045,"AKALYA M",92,26
810023106046,"PON KARTHIKA V",84,26
810023106047,"DIVYASRI S",73,22
810023106048,"KESHAV VIJAYAN K R",88,23
810023106049,"KEERTHIKA S",86,26
810023106050,"SURYA S",85,26
810023106051,"NISHANTHI S V",90,25
810023106052,"SIVARAMAN K",76,21
810023106053,"SARANYA A",87,26
810023106054,"KALAIYARASAN V",76,22
810023106055,"RAJESHWARI P",77,25
810023106056,"KARTHIKEYAN S",85,26
810023106057,"MENAKA M",94,26
810023106058,"LAKSHMI PRABHA M",90,26
"Total Attendance:26"
