"UNIVERSITY COLLEGE OF ENGINEERING, BIT CAMPUS, ANNA UNIVERSITY,TIRUCHIRAPPALLI - 620024"
"FACULTY : Dr.S.Moscow"
"CLASS : ECE-A","SUBJECT : BS3171"
regno,name,bs3171_mark,bs3171_attendance
810023106001,"DEVISRI P",95,60
810023106002,"MADHAVAN S",96,60
810023106003,"SHAFANA YASMIN K",98,60
810023106004,"SARANYA G",94,60
810023106006,"SARAVANAN A",88,57
810023106008,"SANTHOSH KUMAR A",94,60
810023106009,"BALAJI V",99,60
810023106010,"NIVETHA K",97,60
810023106011,"UMAR H",91,60
810023106012,"NAVAMALIKA B",98,60
810023106013,"AMARNATH P",98,60
810023106014,"KAVINESAN M",95,60
810023106015,"VIJAYAKUMARI D",96,60
810023106016,"VIGNESHWARI A",94,60
810023106017,"AMIRTHAMBIKA R",98,60
810023106018,"RENUKA K",94,57
810023106019,"GOWTHAM R",93,60
810023106020,"CHARULATHA B",92,60
810023106021,"KRISHNARAJ M",94,60
810023106022,"PRIYADHARSHINI B",91,60
810023106023,"AKASH A",90,57
810023106024,"RAJIV K",90,57
810023106025,"SRI LAKSHMI R",97,60
810023106026,"LAVANAYA K",97,60
810023106027,"SONIYA T",96,60
810023106028,"VEDHACHALAM K",96,60
810023106029,"KANISHKA S",97,60
810023106030,"VENKATESH H",93,57
810023106031,"KAVI KUMAR K",96,54
810023106032,"VIDHUBALA K",97,60
810023106033,"ANBUSELVAN A",89,60
810023106034,"ARCHANA M",92,57
810023106035,"RITHISH B",96,60
810023106036,"DHARSHINI P S",95,60
810023106037,"ASIYA T",96,60
810023106038,"IRFAN T SHADIL",92,60
810023106039,"DAYANITHI C",92,60
810023106040,"YUVARAJ T",88,60
810023106041,"VANCHINATHAN S S",90,60
810023106042,"DEVIBALA K",96,60
810023106043,"HARINI B",90,60
810023106044,"DHUVARIKA S",91,57
810023106045,"AKALYA M",99,60
810023106046,"PON KARTHIKA V",92,57
810023106047,"DIVYASRI S",0,0
810023106048,"KESHAV VIJAYAN K R",95,57
810023106049,"KEERTHIKA S",92,60
810023106050,"SURYA S",97,60
810023106051,"NISHANTHI S V",94,60
810023106052,"SIVARAMAN K",96,57
810023106053,"SARANYA A",92,60
810023106054,"KALAIYARASAN V",85,60
810023106055,"RAJESHWARI P",91,60
810023106056,"KARTHIKEYAN S",92,60
810023106057,"MENAKA M",97,60
810023106058,"LAKSHMI PRABHA M",96,57
"Total Attendance:60"
