regno,name,ec3272_mark,ec3272_attendance
810023106001,"DEVISRI P",96,28
810023106002,"MADHAVAN S",98,30
810023106003,"SHAFANA YASMIN K",98,30
810023106004,"SARANYA G",98,30
810023106006,"SARAVANAN A",94,26
810023106008,"SANTHOSH KUMAR A",94,26
810023106009,"BALAJI V",98,30
810023106010,"NIVETHA K",98,30
810023106011,"UMAR H",94,26
810023106012,"NAVAMALIKA B",96,28
810023106013,"AMARNATH P",98,30
810023106014,"KAVINESAN M",96,28
810023106015,"VIJAYAKUMARI D",98,30
810023106016,"VIGNESHWARI A",98,30
810023106017,"AMIRTHAMBIKA R",98,30
810023106018,"RENUKA K",94,26
810023106019,"GOWTHAM R",94,26
810023106020,"CHARULATHA B",96,28
810023106021,"KRISHNARAJ M",98,30
810023106022,"PRIYADHARSHINI B",98,30
810023106023,"AKASH A",96,28
810023106024,"RAJIV K",94,26
810023106025,"SRI LAKSHMI R",98,30
810023106026,"LAVANAYA K",98,30
810023106027,"SONIYA T",98,30
810023106028,"VEDHACHALAM K",98,30
810023106029,"KANISHKA S",98,30
810023106030,"VENKATESH H",98,30
810023106031,"KAVI KUMAR K",96,28
810023106032,"VIDHUBALA K",98,30
810023106033,"ANBUSELVAN A",0,8
810023106034,"ARCHANA M",94,26
810023106035,"RITHISH B",98,30
810023106036,"DHARSHINI P S",98,30
810023106037,"ASIYA T",96,28
810023106038,"IRFAN T SHADIL",96,28
810023106039,"DAYANITHI C",94,26
810023106040,"YUVARAJ T",94,26
810023106041,"VANCHINATHAN S S",94,26
810023106042,"DEVIBALA K",98,30
810023106043,"HARINI B",94,26
810023106044,"DHUVARIKA S",94,26
810023106045,"AKALYA M",98,30
810023106046,"PON KARTHIKA V",98,30
810023106047,"DIVYASRI S",80,18
810023106048,"KESHAV VIJAYAN K R",96,28
810023106049,"KEERTHIKA S",94,26
810023106050,"SURYA S",98,30
810023106051,"NISHANTHI S V",94,26
810023106052,"SIVARAMAN K",96,28
810023106053,"SARANYA A",94,26
810023106054,"KALAIYARASAN V",94,26
810023106055,"RAJESHWARI P",94,26
810023106056,"KARTHIKEYAN S",98,30
810023106057,"MENAKA M",98,30
810023106058,"LAKSHMI PRABHA M",94,26
"Total Attendance:30"
