"UNIVERSITY COLLEGE OF ENGINEERING, BIT CAMPUS, ANNA UNIVERSITY,TIRUCHIRAPPALLI - 620024"
"FACULTY : Mr.R.Shanmugavel"
"CLASS : ECE-A","SUBJECT : HS3252"
regno,name,hs3252_attendance,hs3252_mark
810023106001,"DEVISRI P",12,85
810023106002,"MADHAVAN S",14,86
810023106003,"SHAFANA YASMIN K",12,84
810023106004,"SARANYA G",12,83
810023106006,"SARAVANAN A",8,81
810023106008,"SANTHOSH KUMAR A",12,84
810023106009,"BALAJI V",12,82
810023106010,"NIVETHA K",14,88
810023106011,"UMAR H",14,77
810023106012,"NAVAMALIKA B",14,90
810023106013,"AMARNATH P",14,82
810023106014,"KAVINESAN M",12,84
810023106015,"VIJAYAKUMARI D",14,81
810023106016,"VIGNESHWARI A",12,85
810023106017,"AMIRTHAMBIKA R",12,86
810023106018,"RENUKA K",14,83
810023106019,"GOWTHAM R",12,71
810023106020,"CHARULATHA B",10,83
810023106021,"KRISHNARAJ M",10,84
810023106022,"PRIYADHARSHINI B",14,85
810023106023,"AKASH A",14,73
810023106024,"RAJIV K",10,66
810023106025,"SRI LAKSHMI R",12,88
810023106026,"LAVANAYA K",12,82
810023106027,"SONIYA T",14,90
810023106028,"VEDHACHALAM K",12,85
810023106029,"KANISHKA S",14,85
810023106030,"VENKATESH H",14,82
810023106031,"KAVI KUMAR K",10,83
810023106032,"VIDHUBALA K",14,87
810023106033,"ANBUSELVAN A",0,AB
810023106034,"ARCHANA M",12,83
810023106035,"RITHISH B",12,82
810023106036,"DHARSHINI P S",12,90
810023106037,"ASIYA T",14,87
810023106038,"IRFAN T SHADIL",12,84
810023106039,"DAYANITHI C",12,80
810023106040,"YUVARAJ T",10,82
810023106041,"VANCHINATHAN S S",12,87
810023106042,"DEVIBALA K",14,90
810023106043,"HARINI B",8,84
810023106044,"DHUVARIKA S",14,74
810023106045,"AKALYA M",14,87
810023106046,"PON KARTHIKA V",14,85
810023106047,"DIVYASRI S",0,40
810023106048,"KESHAV VIJAYAN K R",12,87
810023106049,"KEERTHIKA S",14,90
810023106050,"SURYA S",14,83
810023106051,"NISHANTHI S V",12,86
810023106052,"SIVARAMAN K",10,72
810023106053,"SARANYA A",14,76
810023106054,"KALAIYARASAN V",10,74
810023106055,"RAJESHWARI P",14,84
810023106056,"KARTHIKEYAN S",12,81
810023106057,"MENAKA M",14,91
810023106058,"LAKSHMI PRABHA M",14,90
"Total Attendance:14"
