"UNIVERSITY COLLEGE OF ENGINEERING, BIT CAMPUS, ANNA UNIVERSITY,TIRUCHIRAPPALLI - 620024"
"FACULTY : Dr.D.Elizabeth"
"CLASS : ECE-A","SUBJECT : GE3172"
regno,name,ge3172_mark,ge3172_attendance
810023106001,"DEVISRI P",90,26
810023106002,"MADHAVAN S",95,26
810023106003,"SHAFANA YASMIN K",91,24
810023106004,"SARANYA G",91,24
810023106006,"SARAVANAN A",85,24
810023106008,"SANTHOSH KUMAR A",91,22
810023106009,"BALAJI V",91,28
810023106010,"NIVETHA K",95,30
810023106011,"UMAR H",91,28
810023106012,"NAVAMALIKA B",91,30
810023106013,"AMARNATH P",90,30
810023106014,"KAVINESAN M",90,24
810023106015,"VIJAYAKUMARI D",90,30
810023106016,"VIGNESHWARI A",85,24
810023106017,"AMIRTHAMBIKA R",90,30
810023106018,"RENUKA K",91,26
810023106019,"GOWTHAM R",85,22
810023106020,"CHARULATHA B",90,20
810023106021,"KRISHNARAJ M",91,30
810023106022,"PRIYADHARSHINI B",90,30
810023106023,"AKASH A",85,24
810023106024,"RAJIV K",85,20
810023106025,"SRI LAKSHMI R",91,24
810023106026,"LAVANAYA K",90,30
810023106027,"SONIYA T",91,26
810023106028,"VEDHACHALAM K",90,28
810023106029,"KANISHKA S",90,30
810023106030,"VENKATESH H",90,28
810023106031,"KAVI KUMAR K",90,18
810023106032,"VIDHUBALA K",90,30
810023106033,"ANBUSELVAN A",95,24
810023106034,"ARCHANA M",95,28
810023106035,"RITHISH B",91,28
810023106036,"DHARSHINI P S",91,30
810023106037,"ASIYA T",95,28
810023106038,"IRFAN T SHADIL",95,26
810023106039,"DAYANITHI C",90,26
810023106040,"YUVARAJ T",90,26
810023106041,"VANCHINATHAN S S",95,30
810023106042,"DEVIBALA K",91,28
810023106043,"HARINI B",95,24
810023106044,"DHUVARIKA S",91,26
810023106045,"AKALYA M",90,30
810023106046,"PON KARTHIKA V",90,24
810023106047,"DIVYASRI S",90,26
810023106048,"KESHAV VIJAYAN K R",91,26
810023106049,"KEERTHIKA S",91,28
810023106050,"SURYA S",90,28
810023106051,"NISHANTHI S V",90,24
810023106052,"SIVARAMAN K",85,26
810023106053,"SARANYA A",85,26
810023106054,"KALAIYARASAN V",85,26
810023106055,"RAJESHWARI P",91,26
810023106056,"KARTHIKEYAN S",91,24
810023106057,"MENAKA M",91,30
810023106058,"LAKSHMI PRABHA M",91,28
"Total Attendance:30"
