"UNIVERSITY COLLEGE OF ENGINEERING, BIT CAMPUS, ANNA UNIVERSITY,TIRUCHIRAPPALLI - 620024"
"FACULTY : Dr.M.Chandrasekaran"
"CLASS : ECE-A","SUBJECT : GE3152"
regno,name,ge3152_mark,ge3152_attendance
810023106001,"DEVISRI P",80,7
810023106002,"MADHAVAN S",72,8
810023106003,"SHAFANA YASMIN K",78,6
810023106004,"SARANYA G",75,6
810023106006,"SARAVANAN A",64,7
810023106008,"SANTHOSH KUMAR A",67,7
810023106009,"BALAJI V",80,8
810023106010,"NIVETHA K",75,8
810023106011,"UMAR H",75,8
810023106012,"NAVAMALIKA B",80,7
810023106013,"AMARNATH P",75,7
810023106014,"KAVINESAN M",68,6
810023106015,"VIJAYAKUMARI D",76,8
810023106016,"VIGNESHWARI A",72,7
810023106017,"AMIRTHAMBIKA R",77,8
810023106018,"RENUKA K",67,7
810023106019,"GOWTHAM R",53,6
810023106020,"CHARULATHA B",65,6
810023106021,"KRISHNARAJ M",67,7
810023106022,"PRIYADHARSHINI B",72,7
810023106023,"AKASH A",65,7
810023106024,"RAJIV K",64,6
810023106025,"SRI LAKSHMI R",76,8
810023106026,"LAVANAYA K",72,7
810023106027,"SONIYA T",76,8
810023106028,"VEDHACHALAM K",71,7
810023106029,"KANISHKA S",80,8
810023106030,"VENKATESH H",78,8
810023106031,"KAVI KUMAR K",77,6
810023106032,"VIDHUBALA K",71,6
810023106033,"ANBUSELVAN A",64,7
810023106034,"ARCHANA M",81,6
810023106035,"RITHISH B",84,7
810023106036,"DHARSHINI P S",73,7
810023106037,"ASIYA T",67,8
810023106038,"IRFAN T SHADIL",60,8
810023106039,"DAYANITHI C",75,6
810023106040,"YUVARAJ T",73,7
810023106041,"VANCHINATHAN S S",70,7
810023106042,"DEVIBALA K",80,7
810023106043,"HARINI B",83,8
810023106044,"DHUVARIKA S",72,8
810023106045,"AKALYA M",80,8
810023106046,"PON KARTHIKA V",60,5
810023106047,"DIVYASRI S",67,6
810023106048,"KESHAV VIJAYAN K R",80,7
810023106049,"KEERTHIKA S",78,8
810023106050,"SURYA S",82,8
810023106051,"NISHANTHI S V",61,8
810023106052,"SIVARAMAN K",67,6
810023106053,"SARANYA A",70,8
810023106054,"KALAIYARASAN V",49,7
810023106055,"RAJESHWARI P",81,7
810023106056,"KARTHIKEYAN S",80,7
810023106057,"MENAKA M",71,8
810023106058,"LAKSHMI PRABHA M",87,7
"Total Attendance:8"
