regno,name,ph3151_mark,ph3151_attendance
810023106001,"DEVISRI P",81,24
810023106002,"MADHAVAN S",77,24
810023106003,"SHAFANA YASMIN K",89,20
810023106004,"SARANYA G",60,20
810023106006,"SARAVANAN A",46,20
810023106008,"SANTHOSH KUMAR A",72,20
810023106009,"BALAJI V",88,22
810023106010,"NIVETHA K",72,24
810023106011,"UMAR H",71,24
810023106012,"NAVAMALIKA B",78,23
810023106013,"AMARNATH P",67,24
810023106014,"KAVINESAN M",64,17
810023106015,"VIJAYAKUMARI D",68,24
810023106016,"VIGNESHWARI A",72,24
810023106017,"AMIRTHAMBIKA R",78,24
810023106018,"RENUKA K",60,22
810023106019,"GOWTHAM R",68,18
810023106020,"CHARULATHA B",60,21
810023106021,"KRISHNARAJ M",65,24
810023106022,"PRIYADHARSHINI B",60,24
810023106023,"AKASH A",60,21
810023106024,"RAJIV K",46,20
810023106025,"SRI LAKSHMI R",84,20
810023106026,"LAVANAYA K",66,24
810023106027,"SONIYA T",65,24
810023106028,"VEDHACHALAM K",67,24
810023106029,"KANISHKA S",75,24
810023106030,"VENKATESH H",74,24
810023106031,"KAVI KUMAR K",70,22
810023106032,"VIDHUBALA K",72,22
810023106033,"ANBUSELVAN A",42,20
810023106034,"ARCHANA M",74,24
810023106035,"RITHISH B",53,24
810023106036,"DHARSHINI P S",90,22
810023106037,"ASIYA T",63,24
810023106038,"IRFAN T SHADIL",67,22
810023106039,"DAYANITHI C",69,18
810023106040,"YUVARAJ T",63,24
810023106041,"VANCHINATHAN S S",48,24
810023106042,"DEVIBALA K",78,22
810023106043,"HARINI B",60,20
810023106044,"DHUVARIKA S",76,22
810023106045,"AKALYA M",87,24
810023106046,"PON KARTHIKA V",61,22
810023106047,"DIVYASRI S",51,18
810023106048,"KESHAV VIJAYAN K R",79,24
810023106049,"KEERTHIKA S",69,24
810023106050,"SURYA S",70,24
810023106051,"NISHANTHI S V",71,22
810023106052,"SIVARAMAN K",60,22
810023106053,"SARANYA A",53,22
810023106054,"KALAIYARASAN V",50,21
810023106055,"RAJESHWARI P",64,22
810023106056,"KARTHIKEYAN S",79,24
810023106057,"MENAKA M",60,24
810023106058,"LAKSHMI PRABHA M",75,24
"Total Attendance:24"
