"UNIVERSITY COLLEGE OF ENGINEERING, BIT CAMPUS, ANNA UNIVERSITY,TIRUCHIRAPPALLI - 620024"
"FACULTY : Mr.R.Shanmugavel"
"CLASS : ECE-A","SUBJECT : GE3272"
regno,name,ge3272_mark,ge3272_attendance
810023106001,"DEVISRI P",91,48
810023106002,"MADHAVAN S",91,48
810023106003,"SHAFANA YASMIN K",91,56
810023106004,"SARANYA G",94,60
810023106006,"SARAVANAN A",85,60
810023106008,"SANTHOSH KUMAR A",85,56
810023106009,"BALAJI V",85,60
810023106010,"NIVETHA K",95,48
810023106011,"UMAR H",95,60
810023106012,"NAVAMALIKA B",95,60
810023106013,"AMARNATH P",95,60
810023106014,"KAVINESAN M",85,59
810023106015,"VIJAYAKUMARI D",91,60
810023106016,"VIGNESHWARI A",90,52
810023106017,"AMIRTHAMBIKA R",91,60
810023106018,"RENUKA K",90,56
810023106019,"GOWTHAM R",85,52
810023106020,"CHARULATHA B",85,60
810023106021,"KRISHNARAJ M",85,60
810023106022,"PRIYADHARSHINI B",91,60
810023106023,"AKASH A",85,52
810023106024,"RAJIV K",85,44
810023106025,"SRI LAKSHMI R",95,56
810023106026,"LAVANAYA K",91,60
810023106027,"SONIYA T",91,60
810023106028,"VEDHACHALAM K",91,60
810023106029,"KANISHKA S",95,60
810023106030,"VENKATESH H",85,60
810023106031,"KAVI KUMAR K",85,48
810023106032,"VIDHUBALA K",91,30
810023106033,"ANBUSELVAN A",AB,16
810023106034,"ARCHANA M",95,60
810023106035,"RITHISH B",91,60
810023106036,"DHARSHINI P S",91,60
810023106037,"ASIYA T",95,60
810023106038,"IRFAN T SHADIL",95,60
810023106039,"DAYANITHI C",85,56
810023106040,"YUVARAJ T",85,52
810023106041,"VANCHINATHAN S S",91,60
810023106042,"DEVIBALA K",91,60
810023106043,"HARINI B",85,40
810023106044,"DHUVARIKA S",91,60
810023106045,"AKALYA M",91,60
810023106046,"PON KARTHIKA V",91,60
810023106047,"DIVYASRI S",0,12
810023106048,"KESHAV VIJAYAN K R",91,58
810023106049,"KEERTHIKA S",95,60
810023106050,"SURYA S",90,60
810023106051,"NISHANTHI S V",91,52
810023106052,"SIVARAMAN K",85,52
810023106053,"SARANYA A",91,58
810023106054,"KALAIYARASAN V",85,52
810023106055,"RAJESHWARI P",85,60
810023106056,"KARTHIKEYAN S",85,60
810023106057,"MENAKA M",85,60
810023106058,"LAKSHMI PRABHA M",91,58
"Total Attendance:60"
