"UNIVERSITY COLLEGE OF ENGINEERING, BIT CAMPUS, ANNA UNIVERSITY,TIRUCHIRAPPALLI - 620024"
"FACULTY : Dr. R.Sebasthipriya"
"CLASS : ECE-A","SUBJECT : MA3151"
regno,name,ma3151_mark,ma3151_attendance
810023106001,"DEVISRI P",96,38
810023106002,"MADHAVAN S",92,38
810023106003,"SHAFANA YASMIN K",100,37
810023106004,"SARANYA G",88,37
810023106006,"SARAVANAN A",51,32
810023106008,"SANTHOSH KUMAR A",81,36
810023106009,"BALAJI V",92,37
810023106010,"NIVETHA K",99,39
810023106011,"UMAR H",87,39
810023106012,"NAVAMALIKA B",87,39
810023106013,"AMARNATH P",87,39
810023106014,"KAVINESAN M",81,34
810023106015,"VIJAYAKUMARI D",73,38
810023106016,"VIGNESHWARI A",79,38
810023106017,"AMIRTHAMBIKA R",84,39
810023106018,"RENUKA K",68,37
810023106019,"GOWTHAM R",62,36
810023106020,"CHARULATHA B",59,35
810023106021,"KRISHNARAJ M",81,37
810023106022,"PRIYADHARSHINI B",70,39
810023106023,"AKASH A",73,33
810023106024,"RAJIV K",65,32
810023106025,"SRI LAKSHMI R",84,37
810023106026,"LAVANAYA K",72,39
810023106027,"SONIYA T",91,39
810023106028,"VEDHACHALAM K",90,38
810023106029,"KANISHKA S",94,39
810023106030,"VENKATESH H",98,37
810023106031,"KAVI KUMAR K",96,35
810023106032,"VIDHUBALA K",97,38
810023106033,"ANBUSELVAN A",40,35
810023106034,"ARCHANA M",70,37
810023106035,"RITHISH B",73,37
810023106036,"DHARSHINI P S",83,38
810023106037,"ASIYA T",65,39
810023106038,"IRFAN T SHADIL",73,36
810023106039,"DAYANITHI C",66,36
810023106040,"YUVARAJ T",86,38
810023106041,"VANCHINATHAN S S",48,37
810023106042,"DEVIBALA K",63,38
810023106043,"HARINI B",68,38
810023106044,"DHUVARIKA S",84,39
810023106045,"AKALYA M",91,39
810023106046,"PON KARTHIKA V",67,35
810023106047,"DIVYASRI S",ab,0
810023106048,"KESHAV VIJAYAN K R",85,38
810023106049,"KEERTHIKA S",76,38
810023106050,"SURYA S",93,38
810023106051,"NISHANTHI S V",75,38
810023106052,"SIVARAMAN K",78,32
810023106053,"SARANYA A",87,38
810023106054,"KALAIYARASAN V",56,34
810023106055,"RAJESHWARI P",87,38
810023106056,"KARTHIKEYAN S",79,38
810023106057,"MENAKA M",89,39
810023106058,"LAKSHMI PRABHA M",95,37
"Total Attendance:39"
