regno,name,ma3251_attendance,ma3251_mark
810023106001,"DEVISRI P",33,85
810023106002,"MADHAVAN S",39,79
810023106003,"SHAFANA YASMIN K",37,72
810023106004,"SARANYA G",35,79
810023106006,"SARAVANAN A",31,50
810023106008,"SANTHOSH KUMAR A",35,58
810023106009,"BALAJI V",39,82
810023106010,"NIVETHA K",39,97
810023106011,"UMAR H",37,74
810023106012,"NAVAMALIKA B",39,99
810023106013,"AMARNATH P",37,82
810023106014,"KAVINESAN M",36,73
810023106015,"VIJAYAKUMARI D",39,63
810023106016,"VIGNESHWARI A",31,79
810023106017,"AMIRTHAMBIKA R",39,95
810023106018,"RENUKA K",33,64
810023106019,"GOWTHAM R",33,70
810023106020,"CHARULATHA B",34,72
810023106021,"KRISHNARAJ M",29,67
810023106022,"PRIYADHARSHINI B",36,57
810023106023,"AKASH A",33,60
810023106024,"RAJIV K",33,66
810023106025,"SRI LAKSHMI R",37,90
810023106026,"LAVANAYA K",39,79
810023106027,"SONIYA T",39,92
810023106028,"VEDHACHALAM K",38,63
810023106029,"KANISHKA S",39,86
810023106030,"VENKATESH H",37,93
810023106031,"KAVI KUMAR K",31,87
810023106032,"VIDHUBALA K",39,92
810023106033,"ANBUSELVAN A",0,0
810023106034,"ARCHANA M",37,72
810023106035,"RITHISH B",35,76
810023106036,"DHARSHINI P S",37,100
810023106037,"ASIYA T",36,61
810023106038,"IRFAN T SHADIL",33,73
810023106039,"DAYANITHI C",35,56
810023106040,"YUVARAJ T",35,79
810023106041,"VANCHINATHAN S S",35,74
810023106042,"DEVIBALA K",30,79
810023106043,"HARINI B",27,85
810023106044,"DHUVARIKA S",39,77
810023106045,"AKALYA M",39,93
810023106046,"PON KARTHIKA V",37,66
810023106047,"DIVYASRI S",7,50
810023106048,"KESHAV VIJAYAN K R",28,79
810023106049,"KEERTHIKA S",39,74
810023106050,"SURYA S",35,99
810023106051,"NISHANTHI S V",35,65
810023106052,"SIVARAMAN K",33,53
810023106053,"SARANYA A",29,66
810023106054,"KALAIYARASAN V",33,50
810023106055,"RAJESHWARI P",35,80
810023106056,"KARTHIKEYAN S",33,96
810023106057,"MENAKA M",39,100
810023106058,"LAKSHMI PRABHA M",35,93
"Total Attendance:39"
