"UNIVERSITY COLLEGE OF ENGINEERING, BIT CAMPUS, ANNA UNIVERSITY,TIRUCHIRAPPALLI - 620024"
"FACULTY : MR.M.Krishnakumar"
"CLASS : ECE-A","SUBJECT : GE3171"
regno,name,ge3171_mark,ge3171_attendance
810023106001,"DEVISRI P",100,56
810023106002,"MADHAVAN S",100,60
810023106003,"SHAFANA YASMIN K",100,58
810023106004,"SARANYA G",100,6
810023106006,"SARAVANAN A",91,48
810023106008,"SANTHOSH KUMAR A",98,56
810023106009,"BALAJI V",100,54
810023106010,"NIVETHA K",100,58
810023106011,"UMAR H",97,58
810023106012,"NAVAMALIKA B",100,55
810023106013,"AMARNATH P",98,60
810023106014,"KAVINESAN M",98,54
810023106015,"VIJAYAKUMARI D",100,58
810023106016,"VIGNESHWARI A",100,56
810023106017,"AMIRTHAMBIKA R",97,58
810023106018,"RENUKA K",97,54
810023106019,"GOWTHAM R",95,49
810023106020,"CHARULATHA B",98,54
810023106021,"KRISHNARAJ M",100,60
810023106022,"PRIYADHARSHINI B",100,60
810023106023,"AKASH A",91,53
810023106024,"RAJIV K",93,50
810023106025,"SRI LAKSHMI R",100,60
810023106026,"LAVANAYA K",100,60
810023106027,"SONIYA T",100,54
810023106028,"VEDHACHALAM K",98,60
810023106029,"KANISHKA S",100,58
810023106030,"VENKATESH H",100,58
810023106031,"KAVI KUMAR K",96,52
810023106032,"VIDHUBALA K",100,56
810023106033,"ANBUSELVAN A",100,58
810023106034,"ARCHANA M",96,52
810023106035,"RITHISH B",98,56
810023106036,"DHARSHINI P S",100,58
810023106037,"ASIYA T",100,60
810023106038,"IRFAN T SHADIL",100,60
810023106039,"DAYANITHI C",97,54
810023106040,"YUVARAJ T",100,60
810023106041,"VANCHINATHAN S S",100,60
810023106042,"DEVIBALA K",99,56
810023106043,"HARINI B",100,56
810023106044,"DHUVARIKA S",96,54
810023106045,"AKALYA M",100,58
810023106046,"PON KARTHIKA V",100,54
810023106047,"DIVYASRI S",98,52
810023106048,"KESHAV VIJAYAN K R",100,56
810023106049,"KEERTHIKA S",97,58
810023106050,"SURYA S",100,58
810023106051,"NISHANTHI S V",100,60
810023106052,"SIVARAMAN K",100,52
810023106053,"SARANYA A",97,58
810023106054,"KALAIYARASAN V",94,54
810023106055,"RAJESHWARI P",98,56
810023106056,"KARTHIKEYAN S",100,54
810023106057,"MENAKA M",100,60
810023106058,"LAKSHMI PRABHA M",100,58
"Total Attendance:60"
