"UNIVERSITY COLLEGE OF ENGINEERING, BIT CAMPUS, ANNA UNIVERSITY,TIRUCHIRAPPALLI - 620024"
"FACULTY : MR.M.Krishnakumar"
"CLASS : ECE-A","SUBJECT : GE3151"
regno,name,ge3151_mark,ge3151_attendance
810023106001,"DEVISRI P",90,29
810023106002,"MADHAVAN S",99,28
810023106003,"SHAFANA YASMIN K",93,27
810023106004,"SARANYA G",95,27
810023106006,"SARAVANAN A",82,24
810023106008,"SANTHOSH KUMAR A",85,26
810023106009,"BALAJI V",99,27
810023106010,"NIVETHA K",91,29
810023106011,"UMAR H",89,29
810023106012,"NAVAMALIKA B",95,27
810023106013,"AMARNATH P",92,29
810023106014,"KAVINESAN M",87,26
810023106015,"VIJAYAKUMARI D",95,29
810023106016,"VIGNESHWARI A",96,29
810023106017,"AMIRTHAMBIKA R",95,29
810023106018,"RENUKA K",87,28
810023106019,"GOWTHAM R",89,25
810023106020,"CHARULATHA B",89,26
810023106021,"KRISHNARAJ M",93,28
810023106022,"PRIYADHARSHINI B",80,29
810023106023,"AKASH A",85,26
810023106024,"RAJIV K",86,24
810023106025,"SRI LAKSHMI R",94,28
810023106026,"LAVANAYA K",87,29
810023106027,"SONIYA T",95,29
810023106028,"VEDHACHALAM K",90,29
810023106029,"KANISHKA S",97,29
810023106030,"VENKATESH H",95,29
810023106031,"KAVI KUMAR K",93,27
810023106032,"VIDHUBALA K",98,29
810023106033,"ANBUSELVAN A",80,28
810023106034,"ARCHANA M",94,29
810023106035,"RITHISH B",97,27
810023106036,"DHARSHINI P S",96,26
810023106037,"ASIYA T",99,29
810023106038,"IRFAN T SHADIL",99,28
810023106039,"DAYANITHI C",92,26
810023106040,"YUVARAJ T",99,29
810023106041,"VANCHINATHAN S S",100,29
810023106042,"DEVIBALA K",95,29
810023106043,"HARINI B",92,29
810023106044,"DHUVARIKA S",90,28
810023106045,"AKALYA M",100,29
810023106046,"PON KARTHIKA V",93,27
810023106047,"DIVYASRI S",90,25
810023106048,"KESHAV VIJAYAN K R",95,27
810023106049,"KEERTHIKA S",97,29
810023106050,"SURYA S",96,29
810023106051,"NISHANTHI S V",93,29
810023106052,"SIVARAMAN K",100,25
810023106053,"SARANYA A",95,28
810023106054,"KALAIYARASAN V",86,25
810023106055,"RAJESHWARI P",94,26
810023106056,"KARTHIKEYAN S",89,29
810023106057,"MENAKA M",96,29
810023106058,"LAKSHMI PRABHA M",92,29
"Total Attendance:29"
