regno,name,ph3254_attendance,ph3254_mark
810023106001,"DEVISRI P",15,92
810023106002,"MADHAVAN S",23,76
810023106003,"SHAFANA YASMIN K",23,96
810023106004,"SARANYA G",23,85
810023106006,"SARAVANAN A",23,55
810023106008,"SANTHOSH KUMAR A",18,63
810023106009,"BALAJI V",22,92
810023106010,"NIVETHA K",23,65
810023106011,"UMAR H",23,67
810023106012,"NAVAMALIKA B",23,79
810023106013,"AMARNATH P",23,87
810023106014,"KAVINESAN M",20,81
810023106015,"VIJAYAKUMARI D",21,83
810023106016,"VIGNESHWARI A",23,87
810023106017,"AMIRTHAMBIKA R",23,98
810023106018,"RENUKA K",20,55
810023106019,"GOWTHAM R",22,62
810023106020,"CHARULATHA B",22,63
810023106021,"KRISHNARAJ M",23,79
810023106022,"PRIYADHARSHINI B",23,67
810023106023,"AKASH A",22,68
810023106024,"RAJIV K",21,61
810023106025,"SRI LAKSHMI R",22,77
810023106026,"LAVANAYA K",23,90
810023106027,"SONIYA T",23,89
810023106028,"VEDHACHALAM K",19,73
810023106029,"KANISHKA S",23,72
810023106030,"VENKATESH H",23,90
810023106031,"KAVI KUMAR K",21,86
810023106032,"VIDHUBALA K",19,91
810023106033,"ANBUSELVAN A",0,00
810023106034,"ARCHANA M",22,90
810023106035,"RITHISH B",23,79
810023106036,"DHARSHINI P S",23,96
810023106037,"ASIYA T",23,65
810023106038,"IRFAN T SHADIL",22,83
810023106039,"DAYANITHI C",23,60
810023106040,"YUVARAJ T",16,71
810023106041,"VANCHINATHAN S S",21,69
810023106042,"DEVIBALA K",23,80
810023106043,"HARINI B",15,77
810023106044,"DHUVARIKA S",23,81
810023106045,"AKALYA M",23,98
810023106046,"PON KARTHIKA V",21,80
810023106047,"DIVYASRI S",9,40
810023106048,"KESHAV VIJAYAN K R",19,95
810023106049,"KEERTHIKA S",23,68
810023106050,"SURYA S",22,94
810023106051,"NISHANTHI S V",22,85
810023106052,"SIVARAMAN K",20,65
810023106053,"SARANYA A",17,66
810023106054,"KALAIYARASAN V",23,68
810023106055,"RAJESHWARI P",16,86
810023106056,"KARTHIKEYAN S",23,84
810023106057,"MENAKA M",23,84
810023106058,"LAKSHMI PRABHA M",15,95
"Total Attendance:24"
