"UNIVERSITY COLLEGE OF ENGINEERING, BIT CAMPUS, ANNA UNIVERSITY,TIRUCHIRAPPALLI - 620024"
"FACULTY : Ms.T.R.Preethivasani"
"CLASS : ECE-A","SUBJECT : GE3251"
regno,name,ge3251_mark,ge3251_attendance
810023106001,"DEVISRI P",80,40
810023106002,"MADHAVAN S",82,38
810023106003,"SHAFANA YASMIN K",91,36
810023106004,"SARANYA G",97,36
810023106006,"SARAVANAN A",83,34
810023106008,"SANTHOSH KUMAR A",60,34
810023106009,"BALAJI V",88,40
810023106010,"NIVETHA K",94,40
810023106011,"UMAR H",83,34
810023106012,"NAVAMALIKA B",92,38
810023106013,"AMARNATH P",93,40
810023106014,"KAVINESAN M",87,36
810023106015,"VIJAYAKUMARI D",81,36
810023106016,"VIGNESHWARI A",86,40
810023106017,"AMIRTHAMBIKA R",99,40
810023106018,"RENUKA K",75,34
810023106019,"GOWTHAM R",95,38
810023106020,"CHARULATHA B",84,36
810023106021,"KRISHNARAJ M",80,40
810023106022,"PRIYADHARSHINI B",81,40
810023106023,"AKASH A",55,32
810023106024,"RAJIV K",60,38
810023106025,"SRI LAKSHMI R",87,40
810023106026,"LAVANAYA K",84,40
810023106027,"SONIYA T",86,38
810023106028,"VEDHACHALAM K",79,38
810023106029,"KANISHKA S",91,38
810023106030,"VENKATESH H",98,36
810023106031,"KAVI KUMAR K",96,40
810023106032,"VIDHUBALA K",94,38
810023106033,"ANBUSELVAN A",36,30
810023106034,"ARCHANA M",93,38
810023106035,"RITHISH B",94,40
810023106036,"DHARSHINI P S",92,40
810023106037,"ASIYA T",83,36
810023106038,"IRFAN T SHADIL",88,36
810023106039,"DAYANITHI C",77,34
810023106040,"YUVARAJ T",78,40
810023106041,"VANCHINATHAN S S",90,40
810023106042,"DEVIBALA K",88,40
810023106043,"HARINI B",88,38
810023106044,"DHUVARIKA S",86,36
810023106045,"AKALYA M",87,40
810023106046,"PON KARTHIKA V",72,32
810023106047,"DIVYASRI S",50,40
810023106048,"KESHAV VIJAYAN K R",50,38
810023106049,"KEERTHIKA S",81,36
810023106050,"SURYA S",79,36
810023106051,"NISHANTHI S V",78,36
810023106052,"SIVARAMAN K",78,32
810023106053,"SARANYA A",70,40
810023106054,"KALAIYARASAN V",50,32
810023106055,"RAJESHWARI P",75,40
810023106056,"KARTHIKEYAN S",82,36
810023106057,"MENAKA M",87,40
810023106058,"LAKSHMI PRABHA M",94,40
"Total Attendance:40"
