regno,name,ec3251_attendance,ec3251_mark
810023106001,"DEVISRI P",41,99
810023106002,"MADHAVAN S",41,100
810023106003,"SHAFANA YASMIN K",39,99
810023106004,"SARANYA G",41,99
810023106006,"SARAVANAN A",38,86
810023106008,"SANTHOSH KUMAR A",37,90
810023106009,"BALAJI V",41,99
810023106010,"NIVETHA K",41,100
810023106011,"UMAR H",39,90
810023106012,"NAVAMALIKA B",41,100
810023106013,"AMARNATH P",41,99
810023106014,"KAVINESAN M",40,96
810023106015,"VIJAYAKUMARI D",40,99
810023106016,"VIGNESHWARI A",41,99
810023106017,"AMIRTHAMBIKA R",41,99
810023106018,"RENUKA K",36,95
810023106019,"GOWTHAM R",39,93
810023106020,"CHARULATHA B",36,94
810023106021,"KRISHNARAJ M",39,99
810023106022,"PRIYADHARSHINI B",41,81
810023106023,"AKASH A",40,81
810023106024,"RAJIV K",36,87
810023106025,"SRI LAKSHMI R",41,100
810023106026,"LAVANAYA K",41,100
810023106027,"SONIYA T",41,99
810023106028,"VEDHACHALAM K",41,100
810023106029,"KANISHKA S",41,100
810023106030,"VENKATESH H",41,100
810023106031,"KAVI KUMAR K",40,99
810023106032,"VIDHUBALA K",41,100
810023106033,"ANBUSELVAN A",0,0
810023106034,"ARCHANA M",40,98
810023106035,"RITHISH B",41,92
810023106036,"DHARSHINI P S",39,100
810023106037,"ASIYA T",41,100
810023106038,"IRFAN T SHADIL",39,99
810023106039,"DAYANITHI C",41,90
810023106040,"YUVARAJ T",35,99
810023106041,"VANCHINATHAN S S",36,98
810023106042,"DEVIBALA K",38,99
810023106043,"HARINI B",36,99
810023106044,"DHUVARIKA S",41,99
810023106045,"AKALYA M",38,100
810023106046,"PON KARTHIKA V",41,99
810023106047,"DIVYASRI S",20,70
810023106048,"KESHAV VIJAYAN K R",37,100
810023106049,"KEERTHIKA S",41,99
810023106050,"SURYA S",41,100
810023106051,"NISHANTHI S V",39,99
810023106052,"SIVARAMAN K",41,87
810023106053,"SARANYA A",40,98
810023106054,"KALAIYARASAN V",41,81
810023106055,"RAJESHWARI P",37,99
810023106056,"KARTHIKEYAN S",41,100
810023106057,"MENAKA M",41,100
810023106058,"LAKSHMI PRABHA M",37,100
"Total Attendance:41"
