regno,name,ec3251_attendance,ec3251_mark
810023106059,"RITHIGA DEVI R",37,99
810023106060,"NAVEENA M",37,100
810023106061,"SRINITHI PRIYA T",37,100
810023106062,"DINESHKUMAR K V",37,90
810023106063,"PRAVEEN KUMAR R",37,99
810023106064,"KIRUTHIKASRIMATHI M",37,99
810023106065,"ABITHA K",33,87
810023106066,"HARIKRISHNAN T",36,98
810023106067,"PRAVEEN R",35,93
810023106068,"PRIYADHARSHINI G S",35,99
810023106069,"NISHA K",37,99
810023106070,"LOGANATHAN P",35,99
810023106071,"THABRE ALAM SHAHUL HAMEED A",35,99
810023106072,"HARANIYA K",37,99
810023106073,"JAYASRI V",35,90
810023106074,"DIVYALAKSHMANI G",37,100
810023106075,"RAJESH KANNA M",36,83
810023106076,"KIRUTHIKA P",35,88
810023106077,"ARCHANA C",35,99
810023106078,"NAVINRAJ B",36,88
810023106079,"VIGNESH SHREE P",37,99
810023106080,"SUBHASH M",36,98
810023106081,"VINISHA T",37,99
810023106082,"AGHILESH M",37,98
810023106083,"MANIKANDAN S",36,97
810023106084,"VIJAYA DHARSHINI S",35,98
810023106085,"SUNDHARA LAKSHMI T",37,100
810023106086,"THANGARAJ S",36,100
810023106087,"ABISHEK M",37,99
810023106088,"MADHUMITHA S",35,99
810023106089,"VASANTHA NESAN S",37,87
810023106090,"SHIFANA S",35,95
810023106091,"DEEPIKA S",37,99
810023106092,"AKSHAYA PRIYA S",36,99
810023106093,"THARIS S",34,98
810023106094,"MATHANGI M",35,98
810023106095,"NIVETHA B",37,99
810023106096,"VIGNESH S",36,75
810023106097,"SHREEYA S",33,80
810023106098,"RAMANISH V",34,92
810023106099,"MADHANKUMAR Y",33,75
810023106100,"SHRIBALA T",37,98
810023106101,"SHEIK ABDULLA I",37,93
810023106102,"NIRANJANA P",36,99
810023106103,"RAJPRIYA S",36,93
810023106104,"ANISH KRISHNA KANTH T",34,85
810023106105,"PONNIN SELVAN M",36,70
810023106106,"NITHISH A",34,93
810023106107,"GOWTHAM V",37,99
810023106108,"SUMAN ADHITHIYA M",36,98
810023106109,"PURUSHOTHAMAN K",35,81
810023106110,"GIRIDHARAN S",35,75
810023106111,"SARATH V",37,96
810023106112,"SRIRAM P",35,75
810023106113,"YOVARASAN S",34,83
810023106114,"SUWATHIGA S",36,92
810023106115,"KANISHKA L",35,82
"Total Attendance:37"
