"UNIVERSITY COLLEGE OF ENGINEERING, BIT CAMPUS, ANNA UNIVERSITY,TIRUCHIRAPPALLI - 620024"
"FACULTY : Dr.S.Therasa"
"CLASS : ECE-B","SUBJECT : MA3251"
regno,name,ma3251_attendance,ma3251_mark
810023106059,"RITHIGA DEVI R",39,86
810023106060,"NAVEENA M",40,99
810023106061,"SRINITHI PRIYA T",37,87
810023106062,"DINESHKUMAR K V",38,75
810023106063,"PRAVEEN KUMAR R",40,77
810023106064,"KIRUTHIKASRIMATHI M",37,71
810023106065,"ABITHA K",26,60
810023106066,"HARIKRISHNAN T",40,68
810023106067,"PRAVEEN R",33,61
810023106068,"PRIYADHARSHINI G S",37,81
810023106069,"NISHA K",40,88
810023106070,"LOGANATHAN P",34,85
810023106071,"THABRE ALAM SHAHUL HAMEED A",34,100
810023106072,"HARANIYA K",33,81
810023106073,"JAYASRI V",36,70
810023106074,"DIVYALAKSHMANI G",33,77
810023106075,"RAJESH KANNA M",38,78
810023106076,"KIRUTHIKA P",35,76
810023106077,"ARCHANA C",35,80
810023106078,"NAVINRAJ B",38,86
810023106079,"VIGNESH SHREE P",38,77
810023106080,"SUBHASH M",38,60
810023106081,"VINISHA T",40,79
810023106082,"AGHILESH M",40,82
810023106083,"MANIKANDAN S",37,82
810023106084,"VIJAYA DHARSHINI S",33,71
810023106085,"SUNDHARA LAKSHMI T",36,94
810023106086,"THANGARAJ S",37,72
810023106087,"ABISHEK M",33,81
810023106088,"MADHUMITHA S",38,92
810023106089,"VASANTHA NESAN S",31,67
810023106090,"SHIFANA S",36,79
810023106091,"DEEPIKA S",35,90
810023106092,"AKSHAYA PRIYA S",32,82
810023106093,"THARIS S",33,83
810023106094,"MATHANGI M",31,69
810023106095,"NIVETHA B",35,97
810023106096,"VIGNESH S",31,68
810023106097,"SHREEYA S",34,82
810023106098,"RAMANISH V",35,71
810023106099,"MADHANKUMAR Y",23,60
810023106100,"SHRIBALA T",36,92
810023106101,"SHEIK ABDULLA I",38,72
810023106102,"NIRANJANA P",36,100
810023106103,"RAJPRIYA S",33,84
810023106104,"ANISH KRISHNA KANTH T",31,76
810023106105,"PONNIN SELVAN M",31,60
810023106106,"NITHISH A",32,74
810023106107,"GOWTHAM V",30,80
810023106108,"SUMAN ADHITHIYA M",35,75
810023106109,"PURUSHOTHAMAN K",32,61
810023106110,"GIRIDHARAN S",33,60
810023106111,"SARATH V",30,77
810023106112,"SRIRAM P",30,55
810023106113,"YOVARASAN S",31,55
810023106114,"SUWATHIGA S",31,60
810023106115,"KANISHKA L",32,60
"Total Attendance:40"
