"UNIVERSITY COLLEGE OF ENGINEERING, BIT CAMPUS, ANNA UNIVERSITY,TIRUCHIRAPPALLI - 620024"
"FACULTY : Dr.A.Adaikalam"
"CLASS : ECE-B","SUBJECT : BE3252"
regno,name,be3252_attendance,be3252_mark
810023106059,"RITHIGA DEVI R",24,85
810023106060,"NAVEENA M",24,100
810023106061,"SRINITHI PRIYA T",22,100
810023106062,"DINESHKUMAR K V",22,66
810023106063,"PRAVEEN KUMAR R",24,95
810023106064,"KIRUTHIKASRIMATHI M",21,100
810023106065,"ABITHA K",21,77
810023106066,"HARIKRISHNAN T",24,63
810023106067,"PRAVEEN R",23,72
810023106068,"PRIYADHARSHINI G S",24,86
810023106069,"NISHA K",24,100
810023106070,"LOGANATHAN P",22,82
810023106071,"THABRE ALAM SHAHUL HAMEED A",24,81
810023106072,"HARANIYA K",24,91
810023106073,"JAYASRI V",24,87
810023106074,"DIVYALAKSHMANI G",24,93
810023106075,"RAJESH KANNA M",23,75
810023106076,"KIRUTHIKA P",24,78
810023106077,"ARCHANA C",24,100
810023106078,"NAVINRAJ B",24,87
810023106079,"VIGNESH SHREE P",24,96
810023106080,"SUBHASH M",21,91
810023106081,"VINISHA T",24,93
810023106082,"AGHILESH M",24,95
810023106083,"MANIKANDAN S",24,81
810023106084,"VIJAYA DHARSHINI S",24,91
810023106085,"SUNDHARA LAKSHMI T",24,100
810023106086,"THANGARAJ S",24,90
810023106087,"ABISHEK M",22,81
810023106088,"MADHUMITHA S",22,100
810023106089,"VASANTHA NESAN S",24,63
810023106090,"SHIFANA S",24,80
810023106091,"DEEPIKA S",23,85
810023106092,"AKSHAYA PRIYA S",21,96
810023106093,"THARIS S",21,87
810023106094,"MATHANGI M",23,76
810023106095,"NIVETHA B",24,100
810023106096,"VIGNESH S",24,83
810023106097,"SHREEYA S",22,85
810023106098,"RAMANISH V",23,78
810023106099,"MADHANKUMAR Y",24,74
810023106100,"SHRIBALA T",23,94
810023106101,"SHEIK ABDULLA I",24,85
810023106102,"NIRANJANA P",24,90
810023106103,"RAJPRIYA S",24,89
810023106104,"ANISH KRISHNA KANTH T",20,84
810023106105,"PONNIN SELVAN M",22,86
810023106106,"NITHISH A",23,83
810023106107,"GOWTHAM V",24,87
810023106108,"SUMAN ADHITHIYA M",22,72
810023106109,"PURUSHOTHAMAN K",24,85
810023106110,"GIRIDHARAN S",24,60
810023106111,"SARATH V",21,80
810023106112,"SRIRAM P",24,79
810023106113,"YOVARASAN S",21,55
810023106114,"SUWATHIGA S",21,94
810023106115,"KANISHKA L",24,73
"Total Attendance:24"
