"UNIVERSITY COLLEGE OF ENGINEERING, BIT CAMPUS, ANNA UNIVERSITY,TIRUCHIRAPPALLI - 620024"
"FACULTY : Mr.R.Shanmugavel"
"CLASS : ECE-B","SUBJECT : GE3272"
regno,name,ge3272_mark,ge3272_attendance
810023106059,"RITHIGA DEVI R",95,56
810023106060,"NAVEENA M",90,56
810023106061,"SRINITHI PRIYA T",91,56
810023106062,"DINESHKUMAR K V",85,52
810023106063,"PRAVEEN KUMAR R",95,60
810023106064,"KIRUTHIKASRIMATHI M",85,56
810023106065,"ABITHA K",85,35
810023106066,"HARIKRISHNAN T",85,57
810023106067,"PRAVEEN R",85,48
810023106068,"PRIYADHARSHINI G S",95,52
810023106069,"NISHA K",91,52
810023106070,"LOGANATHAN P",95,52
810023106071,"THABRE ALAM SHAHUL HAMEED A",95,53
810023106072,"HARANIYA K",91,43
810023106073,"JAYASRI V",91,53
810023106074,"DIVYALAKSHMANI G",95,46
810023106075,"RAJESH KANNA M",85,56
810023106076,"KIRUTHIKA P",90,53
810023106077,"ARCHANA C",95,49
810023106078,"NAVINRAJ B",85,51
810023106079,"VIGNESH SHREE P",95,57
810023106080,"SUBHASH M",85,57
810023106081,"VINISHA T",95,52
810023106082,"AGHILESH M",91,53
810023106083,"MANIKANDAN S",85,53
810023106084,"VIJAYA DHARSHINI S",91,57
810023106085,"SUNDHARA LAKSHMI T",91,56
810023106086,"THANGARAJ S",85,45
810023106087,"ABISHEK M",91,51
810023106088,"MADHUMITHA S",95,59
810023106089,"VASANTHA NESAN S",85,47
810023106090,"SHIFANA S",91,57
810023106091,"DEEPIKA S",95,56
810023106092,"AKSHAYA PRIYA S",95,57
810023106093,"THARIS S",85,57
810023106094,"MATHANGI M",85,52
810023106095,"NIVETHA B",95,60
810023106096,"VIGNESH S",95,35
810023106097,"SHREEYA S",91,53
810023106098,"RAMANISH V",85,49
810023106099,"MADHANKUMAR Y",85,44
810023106100,"SHRIBALA T",95,57
810023106101,"SHEIK ABDULLA I",85,37
810023106102,"NIRANJANA P",91,57
810023106103,"RAJPRIYA S",95,57
810023106104,"ANISH KRISHNA KANTH T",85,52
810023106105,"PONNIN SELVAN M",85,48
810023106106,"NITHISH A",91,52
810023106107,"GOWTHAM V",85,52
810023106108,"SUMAN ADHITHIYA M",85,53
810023106109,"PURUSHOTHAMAN K",85,47
810023106110,"GIRIDHARAN S",85,51
810023106111,"SARATH V",85,53
810023106112,"SRIRAM P",85,37
810023106113,"YOVARASAN S",85,35
810023106114,"SUWATHIGA S",95,50
810023106115,"KANISHKA L",95,50
"Total Attendance:60"
