"UNIVERSITY COLLEGE OF ENGINEERING, BIT CAMPUS, ANNA UNIVERSITY,TIRUCHIRAPPALLI - 620024"
"FACULTY : Mr.S.Bhuvaneshwaran"
"CLASS : EEE-A","SUBJECT : GE3251"
regno,name,ge3251_attendance,ge3251_mark
810023105001,"ARUNACHALAM A",54,72
810023105002,"SAHAYA SHAINI A",53,95
810023105003,"NIVETHA S",46,100
810023105004,"SUGANYA G",46,82
810023105005,"ARAVINTH S",54,80
810023105006,"KANIKA M",53,80
810023105007,"LAVANYA V",54,90
810023105008,"ARAVIND A",46,92
810023105009,"GUNALINI A",53,91
810023105010,"PRAVEENKUMAR J",44,80
810023105011,"SHALMA BEGUM A S",54,80
810023105012,"FATHIMA HAFNAA M",53,90
810023105013,"NANDHAKUMAR K",53,80
810023105014,"RASU A",47,90
810023105015,"RUTHRAPATHY S",52,87
810023105016,"SRIRAMSANTHOSH S",50,84
810023105017,"KIRUBALAN N",50,80
810023105018,"SANTHOSH S",30,80
810023105019,"MONISHA L",50,80
810023105020,"SRI NIVETHA K",45,80
810023105021,"VARSHINI S",46,90
810023105022,"ARUNA M",48,90
810023105023,"SAMUNDISHWARI I",49,97
810023105024,"BABISHNA E",42,97
810023105025,"KARTHIKEYAN M",50,90
810023105026,"MALAIYANDI S",49,97
810023105027,"MUTHUMANI KANDAN R P",54,90
810023105028,PUGAZHMANI,44,80
810023105029,"ARAVINDHAN K",54,88
810023105030,"MUTHU SANKAR S",54,80
810023105031,"NAVEENDHIRAN G",51,80
810023105032,"JEEVANRAJ E",32,40
810023105033,"NISHA M",45,80
810023105034,"MANJULA S",44,94
810023105035,"NAVINASH V",46,80
810023105036,"NIZAR AHAMED A J",49,80
810023105037,"AARTHI SREE S",45,80
810023105038,"NATHIYA N",40,80
810023105039,"SURABHI A",46,88
810023105040,"RAAMAN CHACRAVARTHI R",51,80
810023105041,"ENIYANILA M",46,88
810023105042,"VINVITHAA SRI C K",54,90
810023105043,"KARTHIK T K",54,80
810023105044,"DAENIKA M",46,90
810023105045,"MALINI R",38,100
810023105046,"MADASAMY MANOJ KUMAR V",42,80
810023105047,"YUVAN SHANKAR R",50,80
810023105048,"HARINI G",50,94
810023105049,"AATHIHA M",48,80
810023105050,"ABDUL WAHIDH B",54,87
810023105051,"SAM SUDHARSAN",50,86
810023105052,"NATHIYA R",54,80
810023105053,"GUNASEKARAN S",54,80
810023105054,"RAMYA S",50,80
810023105055,"KISHOREKUMAR V",46,80
810023105057,"JENESH SAMVEL H",47,80
810023105058,"MADHU LEKA A",41,80
"Total Attendance:54"
