"UNIVERSITY COLLEGE OF ENGINEERING, BIT CAMPUS, ANNA UNIVERSITY,TIRUCHIRAPPALLI - 620024"
"FACULTY : Dr.K.Murugesan"
"CLASS : EEE-A","SUBJECT : GE3252"
regno,name,ge3252_attendance,ge3252_mark
810023105001,"ARUNACHALAM A",9,79
810023105002,"SAHAYA SHAINI A",9,80
810023105003,"NIVETHA S",8,85
810023105004,"SUGANYA G",8,78
810023105005,"ARAVINTH S",9,61
810023105006,"KANIKA M",9,66
810023105007,"LAVANYA V",9,92
810023105008,"ARAVIND A",8,80
810023105009,"GUNALINI A",9,77
810023105010,"PRAVEENKUMAR J",8,84
810023105011,"SHALMA BEGUM A S",9,91
810023105012,"FATHIMA HAFNAA M",9,85
810023105013,"NANDHAKUMAR K",9,93
810023105014,"RASU A",8,89
810023105015,"RUTHRAPATHY S",8,62
810023105016,"SRIRAMSANTHOSH S",9,75
810023105017,"KIRUBALAN N",8,62
810023105018,"SANTHOSH S",9,40
810023105019,"MONISHA L",9,82
810023105020,"SRI NIVETHA K",9,76
810023105021,"VARSHINI S",8,91
810023105022,"ARUNA M",7,85
810023105023,"SAMUNDISHWARI I",9,66
810023105024,"BABISHNA E",8,79
810023105025,"KARTHIKEYAN M",9,76
810023105026,"MALAIYANDI S",7,89
810023105027,"MUTHUMANI KANDAN R P",9,77
810023105028,PUGAZHMANI,5,40
810023105029,"ARAVINDHAN K",9,62
810023105030,"MUTHU SANKAR S",9,70
810023105031,"NAVEENDHIRAN G",8,90
810023105032,"JEEVANRAJ E",4,AB
810023105033,"NISHA M",9,70
810023105034,"MANJULA S",7,74
810023105035,"NAVINASH V",8,74
810023105036,"NIZAR AHAMED A J",9,58
810023105037,"AARTHI SREE S",9,84
810023105038,"NATHIYA N",7,86
810023105039,"SURABHI A",7,84
810023105040,"RAAMAN CHACRAVARTHI R",8,78
810023105041,"ENIYANILA M",9,83
810023105042,"VINVITHAA SRI C K",9,90
810023105043,"KARTHIK T K",9,80
810023105044,"DAENIKA M",8,77
810023105045,"MALINI R",6,95
810023105046,"MADASAMY MANOJ KUMAR V",8,90
810023105047,"YUVAN SHANKAR R",9,70
810023105048,"HARINI G",9,72
810023105049,"AATHIHA M",8,92
810023105050,"ABDUL WAHIDH B",9,84
810023105051,"SAM SUDHARSAN",9,94
810023105052,"NATHIYA R",9,90
810023105053,"GUNASEKARAN S",9,95
810023105054,"RAMYA S",9,95
810023105055,"KISHOREKUMAR V",9,48
810023105057,"JENESH SAMVEL H",9,82
810023105058,"MADHU LEKA A",8,74
"Total Attendance:9"
