regno,name,ee3271_mark,ee3271_attendance
810023105001,"ARUNACHALAM A",85,60
810023105002,"SAHAYA SHAINI A",95,60
810023105003,"NIVETHA S",88,52
810023105004,"SUGANYA G",79,56
810023105005,"ARAVINTH S",95,60
810023105006,"KANIKA M",70,60
810023105007,"LAVANYA V",95,60
810023105008,"ARAVIND A",65,52
810023105009,"GUNALINI A",80,60
810023105010,"PRAVEENKUMAR J",95,60
810023105011,"SHALMA BEGUM A S",95,60
810023105012,"FATHIMA HAFNAA M",90,60
810023105013,"NANDHAKUMAR K",65,52
810023105014,"RASU A",79,56
810023105015,"RUTHRAPATHY S",65,36
810023105016,"SRIRAMSANTHOSH S",66,44
810023105017,"KIRUBALAN N",66,44
810023105018,"SANTHOSH S",75,40
810023105019,"MONISHA L",80,60
810023105020,"SRI NIVETHA K",75,60
810023105021,"VARSHINI S",85,60
810023105022,"ARUNA M",75,56
810023105023,"SAMUNDISHWARI I",85,60
810023105024,"BABISHNA E",75,60
810023105025,"KARTHIKEYAN M",92,48
810023105026,"MALAIYANDI S",83,48
810023105027,"MUTHUMANI KANDAN R P",91,56
810023105028,PUGAZHMANI,60,28
810023105029,"ARAVINDHAN K",84,56
810023105030,"MUTHU SANKAR S",69,56
810023105031,"NAVEENDHIRAN G",82,60
810023105032,"JEEVANRAJ E",50,20
810023105033,"NISHA M",75,52
810023105034,"MANJULA S",78,52
810023105035,"NAVINASH V",81,56
810023105036,"NIZAR AHAMED A J",60,40
810023105037,"AARTHI SREE S",78,52
810023105038,"NATHIYA N",79,60
810023105039,"SURABHI A",75,44
810023105040,"RAAMAN CHACRAVARTHI R",72,44
810023105041,"ENIYANILA M",80,52
810023105042,"VINVITHAA SRI C K",89,60
810023105043,"KARTHIK T K",76,60
810023105044,"DAENIKA M",89,48
810023105045,"MALINI R",80,44
810023105046,"MADASAMY MANOJ KUMAR V",80,48
810023105047,"YUVAN SHANKAR R",75,56
810023105048,"HARINI G",79,60
810023105049,"AATHIHA M",81,44
810023105050,"ABDUL WAHIDH B",93,60
810023105051,"SAM SUDHARSAN",98,60
810023105052,"NATHIYA R",80,60
810023105053,"GUNASEKARAN S",79,60
810023105054,"RAMYA S",75,52
810023105055,"KISHOREKUMAR V",85,52
810023105057,"JENESH SAMVEL H",92,56
810023105058,"MADHU LEKA A",90,52
"Total Attendance:60"
