"UNIVERSITY COLLEGE OF ENGINEERING, BIT CAMPUS, ANNA UNIVERSITY,TIRUCHIRAPPALLI - 620024"
"FACULTY : Dr.S.Ramasubramanian"
"CLASS : EEE-A","SUBJECT : MA3151"
regno,name,ma3151_mark,ma3151_attendance
810023105001,"ARUNACHALAM A",70,31
810023105002,"SAHAYA SHAINI A",80,30
810023105003,"NIVETHA S",70,30
810023105004,"SUGANYA G",85,31
810023105005,"ARAVINTH S",78,31
810023105006,"KANIKA M",88,29
810023105007,"LAVANYA V",76,31
810023105008,"ARAVIND A",78,30
810023105009,"GUNALINI A",70,28
810023105010,"PRAVEENKUMAR J",78,31
810023105011,"SHALMA BEGUM A S",72,31
810023105012,"FATHIMA HAFNAA M",78,29
810023105013,"NANDHAKUMAR K",65,31
810023105014,"RASU A",88,31
810023105015,"RUTHRAPATHY S",70,27
810023105016,"SRIRAMSANTHOSH S",76,27
810023105017,"KIRUBALAN N",80,29
810023105018,"SANTHOSH S",65,29
810023105019,"MONISHA L",70,31
810023105020,"SRI NIVETHA K",70,31
810023105021,"VARSHINI S",81,27
810023105022,"ARUNA M",65,30
810023105023,"SAMUNDISHWARI I",72,31
810023105024,"BABISHNA E",66,31
810023105025,"KARTHIKEYAN M",95,28
810023105026,"MALAIYANDI S",88,31
810023105027,"MUTHUMANI KANDAN R P",88,30
810023105028,PUGAZHMANI,73,26
810023105029,"ARAVINDHAN K",80,31
810023105030,"MUTHU SANKAR S",76,29
810023105031,"NAVEENDHIRAN G",70,30
810023105032,"JEEVANRAJ E",60,26
810023105033,"NISHA M",76,26
810023105034,"MANJULA S",88,28
810023105035,"NAVINASH V",78,30
810023105036,"NIZAR AHAMED A J",73,30
810023105037,"AARTHI SREE S",82,27
810023105038,"NATHIYA N",73,31
810023105039,"SURABHI A",76,23
810023105040,"RAAMAN CHACRAVARTHI R",70,29
810023105041,"ENIYANILA M",76,31
810023105042,"VINVITHAA SRI C K",83,31
810023105043,"KARTHIK T K",89,30
810023105044,"DAENIKA M",74,26
810023105045,"MALINI R",74,31
810023105046,"MADASAMY MANOJ KUMAR V",70,26
810023105047,"YUVAN SHANKAR R",65,26
810023105048,"HARINI G",65,28
810023105049,"AATHIHA M",70,29
810023105050,"ABDUL WAHIDH B",83,31
810023105051,"SAM SUDHARSAN",98,31
810023105052,"NATHIYA R",76,31
810023105053,"GUNASEKARAN S",78,31
810023105054,"RAMYA S",70,28
810023105055,"KISHOREKUMAR V",76,28
810023105057,"JENESH SAMVEL H",92,29
810023105058,"MADHU LEKA A",82,26
"Total Attendance:31"
