"UNIVERSITY COLLEGE OF ENGINEERING, BIT CAMPUS, ANNA UNIVERSITY,TIRUCHIRAPPALLI - 620024"
"FACULTY : Dr.M.Illaya Kanmani Nanmozhi"
"CLASS : EEE-B","SUBJECT : GE3272"
regno,name,ge3272_mark,ge3272_attendance
810023105059,"VENGATESH V",100,56
810023105060,"SHAMLI M",95,56
810023105061,"BOWNIKA M",100,60
810023105062,SURYA,100,52
810023105063,"SWATHI S",95,56
810023105064,"VENNILA M",100,60
810023105065,"SUDHARSANAN S",85,45
810023105066,"RAGUL R",85,45
810023105067,"SHANMUGANATHAN D",90,45
810023105068,"ABARNA B",100,52
810023105069,"NAVEEN M",85,48
810023105071,"MALATHI M",95,56
810023105072,"DEVAPRASATH S",85,52
810023105073,"MANORANJAN B",90,60
810023105074,"DHARSHINI K",95,60
810023105075,"SOBI KATHIR C",95,52
810023105076,"SARABAVAN S",95,45
810023105077,"DHARSHINI R",100,52
810023105078,"SUDHARSHAN V",95,56
810023105079,"VEDHA S",95,56
810023105080,"EMERSON ETHIRAJ A",85,48
810023105081,"NEETHIARASI M",95,56
810023105082,"NAGUL R",85,52
810023105083,"AKASH A",95,60
810023105084,"KEERTHANA M",100,60
810023105085,"KALAIYARASAN K",00,0
810023105086,"YAZHINI A",90,60
810023105087,"KANNIHA R",100,60
810023105088,"PRIYADHARSHINI S",100,56
810023105089,"SACHIN P",95,52
810023105090,"AMIRTHARATHINAM P",100,60
810023105091,"MEGHA S",100,52
810023105092,"DINESH S",95,60
810023105093,"YUGENDIRAN I",85,48
810023105094,"SRI SINDHU L",100,52
810023105095,"SRISANMATHI S",100,60
810023105096,"JAYASHREE B",100,60
810023105097,"YASIN KHAN N",85,45
810023105099,"MONISHA S",95,48
810023105100,"MAHALAKSHMI J",95,52
810023105101,"SUBEGA M",100,60
810023105102,"PRASANNA M",95,48
810023105103,"VIMAL RAJ N",90,60
810023105104,"SARAVANA PRAGADEESH E",100,60
810023105105,"GURU RAM S",90,56
810023105106,"VIGNESH S",90,60
810023105107,"ANITHA A",95,56
810023105108,"SANYO S",100,60
810023105109,"KALAIMANI K",95,56
810023105110,"KAVIARASU K",85,48
810023105111,"LAAVANYA M",100,60
810023105112,"HARSHINEE A",100,52
810023105114,"ANUSHA M",95,48
810023105115,"VALLIPRIYA N",100,60
810023105116,"VICHITRA V",100,60
810023105117,"ANANTHALAKSHMI P",90,52
"Total Attendance:60"
