"UNIVERSITY COLLEGE OF ENGINEERING, BIT CAMPUS, ANNA UNIVERSITY,TIRUCHIRAPPALLI - 620024"
"FACULTY : MRS.R.Sasikala"
"CLASS : EEE-B","SUBJECT : GE3151"
regno,name,ge3151_mark,ge3151_attendance
810023105059,"VENGATESH V",94,27
810023105060,"SHAMLI M",90,26
810023105061,"BOWNIKA M",82,26
810023105062,SURYA,92,27
810023105063,"SWATHI S",86,27
810023105064,"VENNILA M",100,27
810023105065,"SUDHARSANAN S",70,23
810023105066,"RAGUL R",70,25
810023105067,"SHANMUGANATHAN D",83,21
810023105068,"ABARNA B",83,23
810023105069,"NAVEEN M",86,23
810023105070,"RAMYA LAKSHMI P",Left,0
810023105071,"MALATHI M",91,27
810023105072,"DEVAPRASATH S",89,27
810023105073,"MANORANJAN B",90,26
810023105074,"DHARSHINI K",80,27
810023105075,"SOBI KATHIR C",83,27
810023105076,"SARABAVAN S",92,24
810023105077,"DHARSHINI R",90,26
810023105078,"SUDHARSHAN V",80,27
810023105079,"VEDHA S",88,26
810023105080,"EMERSON ETHIRAJ A",88,27
810023105081,"NEETHIARASI M",80,24
810023105082,"NAGUL R",77,25
810023105083,"AKASH A",78,27
810023105084,"KEERTHANA M",84,27
810023105085,"KALAIYARASAN K",70,19
810023105086,"YAZHINI A",80,27
810023105087,"KANNIHA R",90,27
810023105088,"PRIYADHARSHINI S",80,22
810023105089,"SACHIN P",80,27
810023105090,"AMIRTHARATHINAM P",90,27
810023105091,"MEGHA S",81,23
810023105092,"DINESH S",90,26
810023105093,"YUGENDIRAN I",70,21
810023105094,"SRI SINDHU L",80,26
810023105095,"SRISANMATHI S",75,26
810023105096,"JAYASHREE B",80,27
810023105097,"YASIN KHAN N",77,23
810023105099,"MONISHA S",90,26
810023105100,"MAHALAKSHMI J",94,23
810023105101,"SUBEGA M",81,26
810023105102,"PRASANNA M",80,27
810023105103,"VIMAL RAJ N",75,27
810023105104,"SARAVANA PRAGADEESH E",83,27
810023105105,"GURU RAM S",80,25
810023105106,"VIGNESH S",90,27
810023105107,"ANITHA A",84,27
810023105108,"SANYO S",81,27
810023105109,"KALAIMANI K",80,26
810023105110,"KAVIARASU K",75,25
810023105111,"LAAVANYA M",92,27
810023105112,"HARSHINEE A",78,24
810023105114,"ANUSHA M",76,23
810023105115,"VALLIPRIYA N",74,25
810023105116,"VICHITRA V",74,27
810023105117,"ANANTHALAKSHMI P",72,24
"Total Attendance:27"
