"UNIVERSITY COLLEGE OF ENGINEERING, BIT CAMPUS, ANNA UNIVERSITY,TIRUCHIRAPPALLI - 620024"
"FACULTY : Dr.A.P.narmadha"
"CLASS : EEE-B","SUBJECT : EE3271"
regno,name,ee3271_mark,ee3271_attendance
810023105059,"VENGATESH V",96,60
810023105060,"SHAMLI M",97,56
810023105061,"BOWNIKA M",86,56
810023105062,SURYA,96,52
810023105063,"SWATHI S",86,60
810023105064,"VENNILA M",86,56
810023105065,"SUDHARSANAN S",70,48
810023105066,"RAGUL R",70,44
810023105067,"SHANMUGANATHAN D",0,0
810023105068,"ABARNA B",75,52
810023105069,"NAVEEN M",80,36
810023105071,"MALATHI M",83,60
810023105072,"DEVAPRASATH S",90,60
810023105073,"MANORANJAN B",92,60
810023105074,"DHARSHINI K",83,56
810023105075,"SOBI KATHIR C",86,48
810023105076,"SARABAVAN S",86,36
810023105077,"DHARSHINI R",96,52
810023105078,"SUDHARSHAN V",96,56
810023105079,"VEDHA S",88,60
810023105080,"EMERSON ETHIRAJ A",80,48
810023105081,"NEETHIARASI M",86,56
810023105082,"NAGUL R",83,52
810023105083,"AKASH A",96,56
810023105084,"KEERTHANA M",90,56
810023105085,"KALAIYARASAN K",0,0
810023105086,"YAZHINI A",86,60
810023105087,"KANNIHA R",96,56
810023105088,"PRIYADHARSHINI S",96,56
810023105089,"SACHIN P",90,56
810023105090,"AMIRTHARATHINAM P",83,60
810023105091,"MEGHA S",83,52
810023105092,"DINESH S",96,60
810023105093,"YUGENDIRAN I",76,40
810023105094,"SRI SINDHU L",88,56
810023105095,"SRISANMATHI S",88,56
810023105096,"JAYASHREE B",83,56
810023105097,"YASIN KHAN N",78,44
810023105099,"MONISHA S",86,52
810023105100,"MAHALAKSHMI J",95,48
810023105101,"SUBEGA M",86,56
810023105102,"PRASANNA M",80,52
810023105103,"VIMAL RAJ N",80,60
810023105104,"SARAVANA PRAGADEESH E",96,56
810023105105,"GURU RAM S",86,40
810023105106,"VIGNESH S",91,56
810023105107,"ANITHA A",96,60
810023105108,"SANYO S",85,56
810023105109,"KALAIMANI K",96,56
810023105110,"KAVIARASU K",70,36
810023105111,"LAAVANYA M",93,60
810023105112,"HARSHINEE A",89,56
810023105114,"ANUSHA M",88,52
810023105115,"VALLIPRIYA N",86,52
810023105116,"VICHITRA V",83,60
810023105117,"ANANTHALAKSHMI P",86,56
"Total Attendance:60"
