"UNIVERSITY COLLEGE OF ENGINEERING, BIT CAMPUS, ANNA UNIVERSITY,TIRUCHIRAPPALLI - 620024"
"FACULTY : Dr. V. R. Sarma Dhulipala"
"CLASS : EEE-B","SUBJECT : PH3151"
regno,name,ph3151_mark,ph3151_attendance
810023105059,"VENGATESH V",61,20
810023105060,"SHAMLI M",69,18
810023105061,"BOWNIKA M",61,21
810023105062,SURYA,60,19
810023105063,"SWATHI S",60,18
810023105064,"VENNILA M",60,19
810023105065,"SUDHARSANAN S",60,21
810023105066,"RAGUL R",60,17
810023105067,"SHANMUGANATHAN D",60,15
810023105068,"ABARNA B",60,16
810023105069,"NAVEEN M",60,20
810023105070,"RAMYA LAKSHMI P",60,15
810023105071,"MALATHI M",60,19
810023105072,"DEVAPRASATH S",60,22
810023105073,"MANORANJAN B",60,21
810023105074,"DHARSHINI K",60,21
810023105075,"SOBI KATHIR C",60,21
810023105076,"SARABAVAN S",60,18
810023105077,"DHARSHINI R",60,19
810023105078,"SUDHARSHAN V",60,17
810023105079,"VEDHA S",60,16
810023105080,"EMERSON ETHIRAJ A",60,17
810023105081,"NEETHIARASI M",60,17
810023105082,"NAGUL R",60,18
810023105083,"AKASH A",60,20
810023105084,"KEERTHANA M",68,21
810023105085,"KALAIYARASAN K",60,13
810023105086,"YAZHINI A",69,15
810023105087,"KANNIHA R",70,21
810023105088,"PRIYADHARSHINI S",60,21
810023105089,"SACHIN P",60,20
810023105090,"AMIRTHARATHINAM P",60,20
810023105091,"MEGHA S",60,20
810023105092,"DINESH S",63,20
810023105093,"YUGENDIRAN I",60,18
810023105094,"SRI SINDHU L",60,20
810023105095,"SRISANMATHI S",60,18
810023105096,"JAYASHREE B",72,20
810023105097,"YASIN KHAN N",60,18
810023105099,"MONISHA S",60,18
810023105100,"MAHALAKSHMI J",67,16
810023105101,"SUBEGA M",60,21
810023105102,"PRASANNA M",60,22
810023105103,"VIMAL RAJ N",60,21
810023105104,"SARAVANA PRAGADEESH E",61,17
810023105105,"GURU RAM S",60,16
810023105106,"VIGNESH S",60,21
810023105107,"ANITHA A",60,20
810023105108,"SANYO S",60,18
810023105109,"KALAIMANI K",61,19
810023105110,"KAVIARASU K",60,20
810023105111,"LAAVANYA M",76,20
810023105112,"HARSHINEE A",63,14
810023105114,"ANUSHA M",60,15
810023105115,"VALLIPRIYA N",60,19
810023105116,"VICHITRA V",60,20
810023105117,"ANANTHALAKSHMI P",60,16
"Total Attendance:22"
