"UNIVERSITY COLLEGE OF ENGINEERING, BIT CAMPUS, ANNA UNIVERSITY,TIRUCHIRAPPALLI - 620024"
"FACULTY : Dr.M.Ilaya Kanmani Nanmozhi"
"CLASS : EEE-B","SUBJECT : HS3152"
regno,name,hs3152_mark,hs3152_attendance
810023105059,"VENGATESH V",71,21
810023105060,"SHAMLI M",66,22
810023105061,"BOWNIKA M",69,22
810023105062,SURYA,64,23
810023105063,"SWATHI S",65,23
810023105064,"VENNILA M",83,22
810023105065,"SUDHARSANAN S",45,18
810023105066,"RAGUL R",45,17
810023105067,"SHANMUGANATHAN D",54,16
810023105068,"ABARNA B",72,21
810023105069,"NAVEEN M",50,20
810023105070,"RAMYA LAKSHMI P",40,17
810023105071,"MALATHI M",67,23
810023105072,"DEVAPRASATH S",60,23
810023105073,"MANORANJAN B",73,22
810023105074,"DHARSHINI K",72,22
810023105075,"SOBI KATHIR C",70,22
810023105076,"SARABAVAN S",78,19
810023105077,"DHARSHINI R",71,23
810023105078,"SUDHARSHAN V",76,21
810023105079,"VEDHA S",72,23
810023105080,"EMERSON ETHIRAJ A",60,21
810023105081,"NEETHIARASI M",59,20
810023105082,"NAGUL R",47,20
810023105083,"AKASH A",46,23
810023105084,"KEERTHANA M",83,23
810023105085,"KALAIYARASAN K",49,14
810023105086,"YAZHINI A",63,22
810023105087,"KANNIHA R",87,23
810023105088,"PRIYADHARSHINI S",75,16
810023105089,"SACHIN P",60,23
810023105090,"AMIRTHARATHINAM P",61,23
810023105091,"MEGHA S",82,20
810023105092,"DINESH S",77,23
810023105093,"YUGENDIRAN I",46,16
810023105094,"SRI SINDHU L",82,22
810023105095,"SRISANMATHI S",72,22
810023105096,"JAYASHREE B",82,22
810023105097,"YASIN KHAN N",48,18
810023105099,"MONISHA S",80,21
810023105100,"MAHALAKSHMI J",85,20
810023105101,"SUBEGA M",53,23
810023105102,"PRASANNA M",55,23
810023105103,"VIMAL RAJ N",50,23
810023105104,"SARAVANA PRAGADEESH E",76,23
810023105105,"GURU RAM S",70,22
810023105106,"VIGNESH S",76,23
810023105107,"ANITHA A",71,23
810023105108,"SANYO S",71,23
810023105109,"KALAIMANI K",65,22
810023105110,"KAVIARASU K",63,19
810023105111,"LAAVANYA M",82,23
810023105112,"HARSHINEE A",78,21
810023105114,"ANUSHA M",67,21
810023105115,"VALLIPRIYA N",75,21
810023105116,"VICHITRA V",48,23
810023105117,"ANANTHALAKSHMI P",52,21
"Total Attendance:23"
