"UNIVERSITY COLLEGE OF ENGINEERING, BIT CAMPUS, ANNA UNIVERSITY,TIRUCHIRAPPALLI - 620024"
"FACULTY : Dr.M.Chandrasekaran"
"CLASS : EEE-B","SUBJECT : GE3252"
regno,name,ge3252_attendance,ge3252_mark
810023105059,"VENGATESH V",7,61
810023105060,"SHAMLI M",8,54
810023105061,"BOWNIKA M",8,76
810023105062,SURYA,7,58
810023105063,"SWATHI S",8,57
810023105064,"VENNILA M",8,55
810023105065,"SUDHARSANAN S",6,52
810023105066,"RAGUL R",2,43
810023105067,"SHANMUGANATHAN D",0,AB
810023105068,"ABARNA B",8,52
810023105069,"NAVEEN M",7,44
810023105071,"MALATHI M",8,55
810023105072,"DEVAPRASATH S",7,60
810023105073,"MANORANJAN B",6,64
810023105074,"DHARSHINI K",8,64
810023105075,"SOBI KATHIR C",8,43
810023105076,"SARABAVAN S",6,70
810023105077,"DHARSHINI R",8,56
810023105078,"SUDHARSHAN V",8,66
810023105079,"VEDHA S",6,60
810023105080,"EMERSON ETHIRAJ A",6,64
810023105081,"NEETHIARASI M",8,75
810023105082,"NAGUL R",7,43
810023105083,"AKASH A",7,56
810023105084,"KEERTHANA M",8,76
810023105085,"KALAIYARASAN K",0,AB
810023105086,"YAZHINI A",8,56
810023105087,"KANNIHA R",8,68
810023105088,"PRIYADHARSHINI S",8,71
810023105089,"SACHIN P",7,52
810023105090,"AMIRTHARATHINAM P",8,50
810023105091,"MEGHA S",8,55
810023105092,"DINESH S",8,60
810023105093,"YUGENDIRAN I",6,47
810023105094,"SRI SINDHU L",8,75
810023105095,"SRISANMATHI S",7,52
810023105096,"JAYASHREE B",8,68
810023105097,"YASIN KHAN N",7,41
810023105099,"MONISHA S",7,53
810023105100,"MAHALAKSHMI J",7,56
810023105101,"SUBEGA M",8,70
810023105102,"PRASANNA M",7,50
810023105103,"VIMAL RAJ N",6,40
810023105104,"SARAVANA PRAGADEESH E",6,60
810023105105,"GURU RAM S",8,46
810023105106,"VIGNESH S",8,56
810023105107,"ANITHA A",8,51
810023105108,"SANYO S",8,55
810023105109,"KALAIMANI K",8,61
810023105110,"KAVIARASU K",7,52
810023105111,"LAAVANYA M",8,70
810023105112,"HARSHINEE A",8,63
810023105114,"ANUSHA M",6,40
810023105115,"VALLIPRIYA N",8,45
810023105116,"VICHITRA V",7,65
810023105117,"ANANTHALAKSHMI P",7,50
"Total Attendance:8"
