regno,name,ph3202_attendance,ph3202_mark
810023105059,"VENGATESH V",23,78
810023105060,"SHAMLI M",24,72
810023105061,"BOWNIKA M",25,76
810023105062,SURYA,21,60
810023105063,"SWATHI S",22,70
810023105064,"VENNILA M",26,76
810023105065,"SUDHARSANAN S",21,56
810023105066,"RAGUL R",21,55
810023105067,"SHANMUGANATHAN D",0,0
810023105068,"ABARNA B",15,55
810023105069,"NAVEEN M",22,64
810023105071,"MALATHI M",20,62
810023105072,"DEVAPRASATH S",23,62
810023105073,"MANORANJAN B",24,72
810023105074,"DHARSHINI K",22,63
810023105075,"SOBI KATHIR C",19,56
810023105076,"SARABAVAN S",22,63
810023105077,"DHARSHINI R",24,55
810023105078,"SUDHARSHAN V",24,62
810023105079,"VEDHA S",21,76
810023105080,"EMERSON ETHIRAJ A",19,55
810023105081,"NEETHIARASI M",19,62
810023105082,"NAGUL R",18,55
810023105083,"AKASH A",23,55
810023105084,"KEERTHANA M",22,68
810023105085,"KALAIYARASAN K",0,0
810023105086,"YAZHINI A",23,75
810023105087,"KANNIHA R",25,78
810023105088,"PRIYADHARSHINI S",24,82
810023105089,"SACHIN P",24,63
810023105090,"AMIRTHARATHINAM P",26,83
810023105091,"MEGHA S",22,63
810023105092,"DINESH S",22,69
810023105093,"YUGENDIRAN I",20,58
810023105094,"SRI SINDHU L",23,71
810023105095,"SRISANMATHI S",22,55
810023105096,"JAYASHREE B",22,75
810023105097,"YASIN KHAN N",23,51
810023105099,"MONISHA S",18,72
810023105100,"MAHALAKSHMI J",13,85
810023105101,"SUBEGA M",24,87
810023105102,"PRASANNA M",20,74
810023105103,"VIMAL RAJ N",24,64
810023105104,"SARAVANA PRAGADEESH E",20,56
810023105105,"GURU RAM S",20,69
810023105106,"VIGNESH S",23,55
810023105107,"ANITHA A",24,75
810023105108,"SANYO S",24,74
810023105109,"KALAIMANI K",22,76
810023105110,"KAVIARASU K",14,50
810023105111,"LAAVANYA M",25,69
810023105112,"HARSHINEE A",16,73
810023105114,"ANUSHA M",0,0
810023105115,"VALLIPRIYA N",19,73
810023105116,"VICHITRA V",21,65
810023105117,"ANANTHALAKSHMI P",19,57
"Total Attendance:26"
