"UNIVERSITY COLLEGE OF ENGINEERING, BIT CAMPUS, ANNA UNIVERSITY,TIRUCHIRAPPALLI - 620024"
"FACULTY : Mr.R.Jeykumar"
"CLASS : EEE-B","SUBJECT : BE3255"
regno,name,be3255_attendance,be3255_mark
810023105059,"VENGATESH V",27,85
810023105060,"SHAMLI M",23,89
810023105061,"BOWNIKA M",25,83
810023105062,SURYA,25,85
810023105063,"SWATHI S",23,95
810023105064,"VENNILA M",27,95
810023105065,"SUDHARSANAN S",21,82
810023105066,"RAGUL R",18,75
810023105067,"SHANMUGANATHAN D",5,75
810023105068,"ABARNA B",23,90
810023105069,"NAVEEN M",22,77
810023105071,"MALATHI M",25,96
810023105072,"DEVAPRASATH S",24,89
810023105073,"MANORANJAN B",25,96
810023105074,"DHARSHINI K",23,85
810023105075,"SOBI KATHIR C",25,92
810023105076,"SARABAVAN S",22,96
810023105077,"DHARSHINI R",24,92
810023105078,"SUDHARSHAN V",27,84
810023105079,"VEDHA S",24,89
810023105080,"EMERSON ETHIRAJ A",25,82
810023105081,"NEETHIARASI M",23,79
810023105082,"NAGUL R",21,80
810023105083,"AKASH A",26,72
810023105084,"KEERTHANA M",25,83
810023105085,"KALAIYARASAN K",0,AB
810023105086,"YAZHINI A",24,90
810023105087,"KANNIHA R",28,99
810023105088,"PRIYADHARSHINI S",26,87
810023105089,"SACHIN P",24,87
810023105090,"AMIRTHARATHINAM P",26,88
810023105091,"MEGHA S",22,91
810023105092,"DINESH S",27,87
810023105093,"YUGENDIRAN I",18,75
810023105094,"SRI SINDHU L",24,84
810023105095,"SRISANMATHI S",22,85
810023105096,"JAYASHREE B",22,94
810023105097,"YASIN KHAN N",23,75
810023105099,"MONISHA S",23,84
810023105100,"MAHALAKSHMI J",23,79
810023105101,"SUBEGA M",27,91
810023105102,"PRASANNA M",24,73
810023105103,"VIMAL RAJ N",23,85
810023105104,"SARAVANA PRAGADEESH E",22,75
810023105105,"GURU RAM S",23,75
810023105106,"VIGNESH S",23,87
810023105107,"ANITHA A",24,86
810023105108,"SANYO S",26,87
810023105109,"KALAIMANI K",22,94
810023105110,"KAVIARASU K",19,AB
810023105111,"LAAVANYA M",27,100
810023105112,"HARSHINEE A",24,96
810023105114,"ANUSHA M",22,AB
810023105115,"VALLIPRIYA N",22,84
810023105116,"VICHITRA V",22,86
810023105117,"ANANTHALAKSHMI P",21,7
"Total Attendance:28"
