"UNIVERSITY COLLEGE OF ENGINEERING, BIT CAMPUS, ANNA UNIVERSITY,TIRUCHIRAPPALLI - 620024"
"FACULTY : Dr.A.P.narmadha"
"CLASS : EEE-B","SUBJECT : EE3251"
regno,name,ee3251_attendance,ee3251_mark
810023105059,"VENGATESH V",38,73
810023105060,"SHAMLI M",36,70
810023105061,"BOWNIKA M",34,62
810023105062,SURYA,29,53
810023105063,"SWATHI S",35,63
810023105064,"VENNILA M",38,65
810023105065,"SUDHARSANAN S",16,50
810023105066,"RAGUL R",20,50
810023105067,"SHANMUGANATHAN D",3,0
810023105068,"ABARNA B",31,50
810023105069,"NAVEEN M",30,50
810023105071,"MALATHI M",37,60
810023105072,"DEVAPRASATH S",34,62
810023105073,"MANORANJAN B",36,65
810023105074,"DHARSHINI K",33,56
810023105075,"SOBI KATHIR C",33,55
810023105076,"SARABAVAN S",39,60
810023105077,"DHARSHINI R",39,72
810023105078,"SUDHARSHAN V",34,65
810023105079,"VEDHA S",34,60
810023105080,"EMERSON ETHIRAJ A",23,55
810023105081,"NEETHIARASI M",37,50
810023105082,"NAGUL R",24,50
810023105083,"AKASH A",36,63
810023105084,"KEERTHANA M",33,67
810023105085,"KALAIYARASAN K",0,0
810023105086,"YAZHINI A",31,71
810023105087,"KANNIHA R",39,65
810023105088,"PRIYADHARSHINI S",36,65
810023105089,"SACHIN P",29,50
810023105090,"AMIRTHARATHINAM P",37,60
810023105091,"MEGHA S",31,65
810023105092,"DINESH S",38,67
810023105093,"YUGENDIRAN I",27,44
810023105094,"SRI SINDHU L",38,58
810023105095,"SRISANMATHI S",36,61
810023105096,"JAYASHREE B",32,57
810023105097,"YASIN KHAN N",33,20
810023105099,"MONISHA S",28,65
810023105100,"MAHALAKSHMI J",29,77
810023105101,"SUBEGA M",37,50
810023105102,"PRASANNA M",29,50
810023105103,"VIMAL RAJ N",31,56
810023105104,"SARAVANA PRAGADEESH E",29,56
810023105105,"GURU RAM S",29,52
810023105106,"VIGNESH S",36,71
810023105107,"ANITHA A",36,62
810023105108,"SANYO S",36,64
810023105109,"KALAIMANI K",37,50
810023105110,"KAVIARASU K",27,56
810023105111,"LAAVANYA M",39,70
810023105112,"HARSHINEE A",36,60
810023105114,"ANUSHA M",31,40
810023105115,"VALLIPRIYA N",35,55
810023105116,"VICHITRA V",36,50
810023105117,"ANANTHALAKSHMI P",35,50
"Total Attendance:39"
