"UNIVERSITY COLLEGE OF ENGINEERING, BIT CAMPUS, ANNA UNIVERSITY,TIRUCHIRAPPALLI - 620024"
"FACULTY : Dr.R.Udhayakumar"
"CLASS : EEE-B","SUBJECT : CY3151"
regno,name,cy3151_mark,cy3151_attendance
810023105059,"VENGATESH V",75,27
810023105060,"SHAMLI M",70,28
810023105061,"BOWNIKA M",70,28
810023105062,SURYA,60,28
810023105063,"SWATHI S",76,27
810023105064,"VENNILA M",77,28
810023105065,"SUDHARSANAN S",42,24
810023105066,"RAGUL R",40,23
810023105067,"SHANMUGANATHAN D",45,19
810023105068,"ABARNA B",47,26
810023105069,"NAVEEN M",48,26
810023105070,"RAMYA LAKSHMI P",0,0
810023105071,"MALATHI M",57,27
810023105072,"DEVAPRASATH S",50,28
810023105073,"MANORANJAN B",60,27
810023105074,"DHARSHINI K",56,27
810023105075,"SOBI KATHIR C",72,27
810023105076,"SARABAVAN S",75,25
810023105077,"DHARSHINI R",57,27
810023105078,"SUDHARSHAN V",60,27
810023105079,"VEDHA S",54,28
810023105080,"EMERSON ETHIRAJ A",58,27
810023105081,"NEETHIARASI M",51,26
810023105082,"NAGUL R",49,22
810023105083,"AKASH A",49,27
810023105084,"KEERTHANA M",70,27
810023105085,"KALAIYARASAN K",50,16
810023105086,"YAZHINI A",50,28
810023105087,"KANNIHA R",73,28
810023105088,"PRIYADHARSHINI S",64,22
810023105089,"SACHIN P",53,27
810023105090,"AMIRTHARATHINAM P",68,27
810023105091,"MEGHA S",68,27
810023105092,"DINESH S",46,25
810023105093,"YUGENDIRAN I",41,21
810023105094,"SRI SINDHU L",61,26
810023105095,"SRISANMATHI S",66,27
810023105096,"JAYASHREE B",67,28
810023105097,"YASIN KHAN N",48,24
810023105099,"MONISHA S",66,25
810023105100,"MAHALAKSHMI J",74,23
810023105101,"SUBEGA M",47,26
810023105102,"PRASANNA M",43,27
810023105103,"VIMAL RAJ N",50,27
810023105104,"SARAVANA PRAGADEESH E",55,28
810023105105,"GURU RAM S",49,27
810023105106,"VIGNESH S",63,27
810023105107,"ANITHA A",61,28
810023105108,"SANYO S",67,28
810023105109,"KALAIMANI K",50,26
810023105110,"KAVIARASU K",40,24
810023105111,"LAAVANYA M",82,26
810023105112,"HARSHINEE A",76,24
810023105114,"ANUSHA M",64,26
810023105115,"VALLIPRIYA N",58,27
810023105116,"VICHITRA V",62,27
810023105117,"ANANTHALAKSHMI P",51,26
"Total Attendance:28"
