"UNIVERSITY COLLEGE OF ENGINEERING, BIT CAMPUS, ANNA UNIVERSITY,TIRUCHIRAPPALLI - 620024"
"FACULTY : Mr.K.Rajesh"
"CLASS : EEE-B","SUBJECT : GE3271"
regno,name,ge3271_mark,ge3271_attendance
810023105059,"VENGATESH V",96,52
810023105060,"SHAMLI M",94,48
810023105061,"BOWNIKA M",98,56
810023105062,SURYA,92,46
810023105063,"SWATHI S",100,60
810023105064,"VENNILA M",96,54
810023105065,"SUDHARSANAN S",85,42
810023105066,"RAGUL R",81,36
810023105067,"SHANMUGANATHAN D",0,0
810023105068,"ABARNA B",96,52
810023105069,"NAVEEN M",79,33
810023105071,"MALATHI M",98,56
810023105072,"DEVAPRASATH S",94,50
810023105073,"MANORANJAN B",98,56
810023105074,"DHARSHINI K",100,60
810023105075,"SOBI KATHIR C",96,51
810023105076,"SARABAVAN S",79,38
810023105077,"DHARSHINI R",94,50
810023105078,"SUDHARSHAN V",94,48
810023105079,"VEDHA S",95,54
810023105080,"EMERSON ETHIRAJ A",96,54
810023105081,"NEETHIARASI M",96,56
810023105082,"NAGUL R",83,42
810023105083,"AKASH A",84,42
810023105084,"KEERTHANA M",86,46
810023105085,"KALAIYARASAN K",0,0
810023105086,"YAZHINI A",94,52
810023105087,"KANNIHA R",100,58
810023105088,"PRIYADHARSHINI S",98,55
810023105089,"SACHIN P",98,56
810023105090,"AMIRTHARATHINAM P",98,55
810023105091,"MEGHA S",98,54
810023105092,"DINESH S",100,60
810023105093,"YUGENDIRAN I",79,39
810023105094,"SRI SINDHU L",100,60
810023105095,"SRISANMATHI S",85,44
810023105096,"JAYASHREE B",98,56
810023105097,"YASIN KHAN N",83,42
810023105099,"MONISHA S",92,48
810023105100,"MAHALAKSHMI J",95,50
810023105101,"SUBEGA M",98,56
810023105102,"PRASANNA M",96,52
810023105103,"VIMAL RAJ N",100,60
810023105104,"SARAVANA PRAGADEESH E",100,58
810023105105,"GURU RAM S",80,39
810023105106,"VIGNESH S",94,52
810023105107,"ANITHA A",94,52
810023105108,"SANYO S",97,54
810023105109,"KALAIMANI K",98,56
810023105110,"KAVIARASU K",88,43
810023105111,"LAAVANYA M",96,52
810023105112,"HARSHINEE A",55,44
810023105114,"ANUSHA M",79,36
810023105115,"VALLIPRIYA N",91,46
810023105116,"VICHITRA V",83,42
810023105117,"ANANTHALAKSHMI P",91,46
"Total Attendance:60"
