"UNIVERSITY COLLEGE OF ENGINEERING, BIT CAMPUS, ANNA UNIVERSITY,TIRUCHIRAPPALLI - 620024"
"FACULTY : Dr.S.Therasa"
"CLASS : EEE-B","SUBJECT : MA3251"
regno,name,ma3251_attendance,ma3251_mark
810023105059,"VENGATESH V",27,71
810023105060,"SHAMLI M",32,71
810023105061,"BOWNIKA M",34,82
810023105062,SURYA,31,85
810023105063,"SWATHI S",32,77
810023105064,"VENNILA M",36,71
810023105065,"SUDHARSANAN S",21,60
810023105066,"RAGUL R",16,63
810023105067,"SHANMUGANATHAN D",3,0
810023105068,"ABARNA B",25,63
810023105069,"NAVEEN M",25,60
810023105071,"MALATHI M",34,68
810023105072,"DEVAPRASATH S",29,68
810023105073,"MANORANJAN B",32,71
810023105074,"DHARSHINI K",28,70
810023105075,"SOBI KATHIR C",32,66
810023105076,"SARABAVAN S",32,73
810023105077,"DHARSHINI R",28,80
810023105078,"SUDHARSHAN V",32,60
810023105079,"VEDHA S",29,70
810023105080,"EMERSON ETHIRAJ A",30,72
810023105081,"NEETHIARASI M",30,60
810023105082,"NAGUL R",24,58
810023105083,"AKASH A",34,60
810023105084,"KEERTHANA M",34,66
810023105085,"KALAIYARASAN K",0,0
810023105086,"YAZHINI A",28,62
810023105087,"KANNIHA R",34,80
810023105088,"PRIYADHARSHINI S",31,90
810023105089,"SACHIN P",33,66
810023105090,"AMIRTHARATHINAM P",34,72
810023105091,"MEGHA S",31,70
810023105092,"DINESH S",34,65
810023105093,"YUGENDIRAN I",18,60
810023105094,"SRI SINDHU L",28,84
810023105095,"SRISANMATHI S",29,83
810023105096,"JAYASHREE B",29,80
810023105097,"YASIN KHAN N",28,58
810023105099,"MONISHA S",27,85
810023105100,"MAHALAKSHMI J",22,79
810023105101,"SUBEGA M",34,62
810023105102,"PRASANNA M",32,64
810023105103,"VIMAL RAJ N",31,63
810023105104,"SARAVANA PRAGADEESH E",28,61
810023105105,"GURU RAM S",22,59
810023105106,"VIGNESH S",30,72
810023105107,"ANITHA A",34,77
810023105108,"SANYO S",34,68
810023105109,"KALAIMANI K",31,60
810023105110,"KAVIARASU K",18,55
810023105111,"LAAVANYA M",34,90
810023105112,"HARSHINEE A",27,86
810023105114,"ANUSHA M",18,30
810023105115,"VALLIPRIYA N",27,63
810023105116,"VICHITRA V",30,69
810023105117,"ANANTHALAKSHMI P",34,65
"Total Attendance:36"
