regno,name,ma3151_mark,ma3151_attendance
810023105059,"VENGATESH V",94,26
810023105060,"SHAMLI M",88,29
810023105061,"BOWNIKA M",88,30
810023105062,SURYA,89,29
810023105063,"SWATHI S",80,29
810023105064,"VENNILA M",98,26
810023105065,"SUDHARSANAN S",70,24
810023105066,"RAGUL R",72,23
810023105067,"SHANMUGANATHAN D",80,17
810023105068,"ABARNA B",74,29
810023105069,"NAVEEN M",70,27
810023105070,"RAMYA LAKSHMI P",88,27
810023105071,"MALATHI M",85,30
810023105072,"DEVAPRASATH S",82,29
810023105073,"MANORANJAN B",92,29
810023105074,"DHARSHINI K",74,28
810023105075,"SOBI KATHIR C",76,29
810023105076,"SARABAVAN S",88,28
810023105077,"DHARSHINI R",94,29
810023105078,"SUDHARSHAN V",83,29
810023105079,"VEDHA S",86,30
810023105080,"EMERSON ETHIRAJ A",75,28
810023105081,"NEETHIARASI M",72,26
810023105082,"NAGUL R",70,27
810023105083,"AKASH A",80,29
810023105084,"KEERTHANA M",90,30
810023105085,"KALAIYARASAN K",70,18
810023105086,"YAZHINI A",82,30
810023105087,"KANNIHA R",92,30
810023105088,"PRIYADHARSHINI S",90,21
810023105089,"SACHIN P",73,30
810023105090,"AMIRTHARATHINAM P",75,29
810023105091,"MEGHA S",81,28
810023105092,"DINESH S",93,27
810023105093,"YUGENDIRAN I",70,21
810023105094,"SRI SINDHU L",86,29
810023105095,"SRISANMATHI S",89,29
810023105096,"JAYASHREE B",97,29
810023105097,"YASIN KHAN N",78,27
810023105099,"MONISHA S",88,30
810023105100,"MAHALAKSHMI J",95,29
810023105101,"SUBEGA M",75,31
810023105102,"PRASANNA M",70,31
810023105103,"VIMAL RAJ N",75,31
810023105104,"SARAVANA PRAGADEESH E",92,30
810023105105,"GURU RAM S",75,29
810023105106,"VIGNESH S",85,30
810023105107,"ANITHA A",94,29
810023105108,"SANYO S",89,31
810023105109,"KALAIMANI K",78,29
810023105110,"KAVIARASU K",75,25
810023105111,"LAAVANYA M",84,31
810023105112,"HARSHINEE A",83,29
810023105114,"ANUSHA M",84,28
810023105115,"VALLIPRIYA N",74,30
810023105116,"VICHITRA V",78,31
810023105117,"ANANTHALAKSHMI P",75,30
"Total Attendance:31"
