regno,name,ge3251_mark,ge3251_attendance
810023105059,"VENGATESH V",95,34
810023105060,"SHAMLI M",97,32
810023105061,"BOWNIKA M",95,36
810023105062,SURYA,60,34
810023105063,"SWATHI S",86,34
810023105064,"VENNILA M",98,36
810023105065,"SUDHARSANAN S",65,30
810023105066,"RAGUL R",75,28
810023105067,"SHANMUGANATHAN D",60,26
810023105068,"ABARNA B",98,36
810023105069,"NAVEEN M",60,28
810023105071,"MALATHI M",96,36
810023105072,"DEVAPRASATH S",100,36
810023105073,"MANORANJAN B",90,34
810023105074,"DHARSHINI K",80,34
810023105075,"SOBI KATHIR C",83,34
810023105076,"SARABAVAN S",60,26
810023105077,"DHARSHINI R",99,34
810023105078,"SUDHARSHAN V",60,34
810023105079,"VEDHA S",89,36
810023105080,"EMERSON ETHIRAJ A",76,34
810023105081,"NEETHIARASI M",99,36
810023105082,"NAGUL R",67,36
810023105083,"AKASH A",99,32
810023105084,"KEERTHANA M",94,36
810023105085,"KALAIYARASAN K",00,0
810023105086,"YAZHINI A",97,36
810023105087,"KANNIHA R",99,36
810023105088,"PRIYADHARSHINI S",98,36
810023105089,"SACHIN P",98,36
810023105090,"AMIRTHARATHINAM P",100,34
810023105091,"MEGHA S",100,36
810023105092,"DINESH S",98,36
810023105093,"YUGENDIRAN I",55,28
810023105094,"SRI SINDHU L",85,32
810023105095,"SRISANMATHI S",68,36
810023105096,"JAYASHREE B",88,36
810023105097,"YASIN KHAN N",60,28
810023105099,"MONISHA S",99,36
810023105100,"MAHALAKSHMI J",68,30
810023105101,"SUBEGA M",75,34
810023105102,"PRASANNA M",70,34
810023105103,"VIMAL RAJ N",60,32
810023105104,"SARAVANA PRAGADEESH E",87,34
810023105105,"GURU RAM S",60,30
810023105106,"VIGNESH S",97,34
810023105107,"ANITHA A",98,34
810023105108,"SANYO S",93,34
810023105109,"KALAIMANI K",92,34
810023105110,"KAVIARASU K",60,28
810023105111,"LAAVANYA M",75,36
810023105112,"HARSHINEE A",85,32
810023105114,"ANUSHA M",60,28
810023105115,"VALLIPRIYA N",74,32
810023105116,"VICHITRA V",93,30
810023105117,"ANANTHALAKSHMI P",72,32
"Total Attendance:36"
