"UNIVERSITY COLLEGE OF ENGINEERING, BIT CAMPUS, ANNA UNIVERSITY,TIRUCHIRAPPALLI - 620024"
"FACULTY : Dr.M.Illaya Kanmani Nanmozhi"
"CLASS : EEE-B","SUBJECT : HS3252"
regno,name,hs3252_attendance,hs3252_mark
810023105059,"VENGATESH V",19,78
810023105060,"SHAMLI M",20,75
810023105061,"BOWNIKA M",19,79
810023105062,SURYA,19,74
810023105063,"SWATHI S",20,77
810023105064,"VENNILA M",20,74
810023105065,"SUDHARSANAN S",19,53
810023105066,"RAGUL R",16,12
810023105067,"SHANMUGANATHAN D",14,64
810023105068,"ABARNA B",20,85
810023105069,"NAVEEN M",18,50
810023105071,"MALATHI M",20,75
810023105072,"DEVAPRASATH S",19,76
810023105073,"MANORANJAN B",20,61
810023105074,"DHARSHINI K",20,75
810023105075,"SOBI KATHIR C",18,75
810023105076,"SARABAVAN S",18,84
810023105077,"DHARSHINI R",18,77
810023105078,"SUDHARSHAN V",20,71
810023105079,"VEDHA S",17,79
810023105080,"EMERSON ETHIRAJ A",19,57
810023105081,"NEETHIARASI M",19,69
810023105082,"NAGUL R",16,61
810023105083,"AKASH A",20,53
810023105084,"KEERTHANA M",20,81
810023105085,"KALAIYARASAN K",0,AB
810023105086,"YAZHINI A",19,71
810023105087,"KANNIHA R",20,95
810023105088,"PRIYADHARSHINI S",19,85
810023105089,"SACHIN P",19,66
810023105090,"AMIRTHARATHINAM P",20,84
810023105091,"MEGHA S",19,84
810023105092,"DINESH S",20,84
810023105093,"YUGENDIRAN I",17,7
810023105094,"SRI SINDHU L",20,92
810023105095,"SRISANMATHI S",19,77
810023105096,"JAYASHREE B",20,85
810023105097,"YASIN KHAN N",18,61
810023105099,"MONISHA S",19,77
810023105100,"MAHALAKSHMI J",18,84
810023105101,"SUBEGA M",20,65
810023105102,"PRASANNA M",19,60
810023105103,"VIMAL RAJ N",20,66
810023105104,"SARAVANA PRAGADEESH E",15,85
810023105105,"GURU RAM S",18,67
810023105106,"VIGNESH S",18,76
810023105107,"ANITHA A",18,79
810023105108,"SANYO S",20,75
810023105109,"KALAIMANI K",19,69
810023105110,"KAVIARASU K",18,46
810023105111,"LAAVANYA M",20,94
810023105112,"HARSHINEE A",18,85
810023105114,"ANUSHA M",15,40
810023105115,"VALLIPRIYA N",19,77
810023105116,"VICHITRA V",18,57
810023105117,"ANANTHALAKSHMI P",19,60
"Total Attendance:20"
