"UNIVERSITY COLLEGE OF ENGINEERING, BIT CAMPUS, ANNA UNIVERSITY,TIRUCHIRAPPALLI - 620024"
"FACULTY : MRS.R.Sasikala"
"CLASS : EEE-B","SUBJECT : GE3171"
regno,name,ge3171_mark,ge3171_attendance
810023105059,"VENGATESH V",98,60
810023105060,"SHAMLI M",92,60
810023105061,"BOWNIKA M",95,60
810023105062,SURYA,100,60
810023105063,"SWATHI S",96,60
810023105064,"VENNILA M",100,60
810023105065,"SUDHARSANAN S",94,60
810023105066,"RAGUL R",92,60
810023105067,"SHANMUGANATHAN D",93,58
810023105068,"ABARNA B",90,58
810023105069,"NAVEEN M",94,60
810023105070,"RAMYA LAKSHMI P",Left,0
810023105071,"MALATHI M",95,60
810023105072,"DEVAPRASATH S",95,60
810023105073,"MANORANJAN B",95,60
810023105074,"DHARSHINI K",92,60
810023105075,"SOBI KATHIR C",95,60
810023105076,"SARABAVAN S",96,60
810023105077,"DHARSHINI R",100,60
810023105078,"SUDHARSHAN V",96,60
810023105079,"VEDHA S",95,60
810023105080,"EMERSON ETHIRAJ A",96,60
810023105081,"NEETHIARASI M",95,59
810023105082,"NAGUL R",93,60
810023105083,"AKASH A",94,60
810023105084,"KEERTHANA M",98,60
810023105085,"KALAIYARASAN K",96,58
810023105086,"YAZHINI A",95,60
810023105087,"KANNIHA R",98,60
810023105088,"PRIYADHARSHINI S",100,60
810023105089,"SACHIN P",96,60
810023105090,"AMIRTHARATHINAM P",97,60
810023105091,"MEGHA S",96,60
810023105092,"DINESH S",95,60
810023105093,"YUGENDIRAN I",94,60
810023105094,"SRI SINDHU L",95,60
810023105095,"SRISANMATHI S",96,58
810023105096,"JAYASHREE B",97,60
810023105097,"YASIN KHAN N",93,58
810023105099,"MONISHA S",95,60
810023105100,"MAHALAKSHMI J",96,58
810023105101,"SUBEGA M",92,60
810023105102,"PRASANNA M",93,60
810023105103,"VIMAL RAJ N",94,60
810023105104,"SARAVANA PRAGADEESH E",95,60
810023105105,"GURU RAM S",93,60
810023105106,"VIGNESH S",96,60
810023105107,"ANITHA A",94,60
810023105108,"SANYO S",96,60
810023105109,"KALAIMANI K",95,54
810023105110,"KAVIARASU K",91,60
810023105111,"LAAVANYA M",100,60
810023105112,"HARSHINEE A",98,60
810023105114,"ANUSHA M",94,60
810023105115,"VALLIPRIYA N",92,52
810023105116,"VICHITRA V",91,60
810023105117,"ANANTHALAKSHMI P",91,58
"Total Attendance:60"
