regno,name,be3251_attendance,be3251_mark
810023205001,"SURYA S",26,69
810023205002,"NIRANJAN R",24,66
810023205003,"GIRIJA K",27,84
810023205004,"DHIVYA M",25,63
810023205005,"SENTHAMIZHAN A",27,74
810023205006,"KEERTHIVASAN P S",25,60
810023205007,"PRAKASH M",27,68
810023205008,"HARIHARAN T",27,68
810023205009,"SIVA SANKAR V",25,64
810023205010,"PUGAZHESHWARAN V",26,67
810023205011,"VIGNESHWARAN S",26,77
810023205012,"SATHIYA M",27,95
810023205013,"AJAY D",26,69
810023205014,"DHANALAKSHMI S",26,69
810023205015,"DESIKA S",26,74
810023205016,"GOVARDHAN S",27,92
810023205017,"ABINAYA U",26,87
810023205018,"JONES PRISTY D",27,91
810023205019,"DHAARANYA S",27,88
810023205020,"HARINI K",27,74
810023205021,"ANTIN SHERIN V U",27,73
810023205022,"BARATH R",25,65
810023205023,"SAFILA FARHATH A S",26,67
810023205024,"BHARATHI M",27,65
810023205025,"ARCHANA J",26,86
810023205026,"KAAVYA VARSHA R",27,85
810023205027,"KARNIKA S",26,70
810023205028,"JAYA BHARATHI S",26,81
810023205029,"GUNAVARTHINI K",26,75
810023205030,"DHANASEKAR K",27,75
810023205031,"SURJITH S",26,65
810023205032,"ANUSUYA V",27,75
810023205033,"KEERTHIKA G B",27,95
810023205034,"JANANI L",26,89
810023205035,"PAVITHRA J",27,92
810023205036,"PRAKASH S",27,80
810023205037,"SWATHI K",27,90
810023205038,"THEJASH S",26,65
810023205039,"HARIKRISHNAN T",26,75
810023205040,"RAJESHWARI P",26,85
810023205041,"SARIHA S",25,85
810023205042,"MANOBALA T N",26,74
810023205043,"AJAY A",26,76
810023205044,"MUHAMMED AARIF J",25,63
810023205045,"ARUNKUMAR M",27,65
810023205046,"NIRAIMATHI M",27,87
810023205047,"HEYMANTH S M",26,70
810023205048,"NIVEDHA M",27,90
810023205049,"DEEPAN RAJA G",25,75
810023205050,"ESSTHAR ANNAL J",26,89
810023205051,"MOHAMED ISRIN A",26,65
810023205052,"SRI RAGABHARATHI R",26,67
810023205053,"ROJITH R A",26,75
810023205054,"SINDHUJA S",27,92
810023205055,"RAJIVI M",26,64
810023205056,"LAKSHANA M",24,72
810023205057,"VENMANI V",26,75
810023205058,"PRAKASH S",26,81
"Total Attendance:27"
