"UNIVERSITY COLLEGE OF ENGINEERING, BIT CAMPUS, ANNA UNIVERSITY,TIRUCHIRAPPALLI - 620024"
"FACULTY : Dr.S.Moscow"
"CLASS : IT-A","SUBJECT : BS3171"
regno,name,bs3171_mark,bs3171_attendance
810023205001,"SURYA S",93,60
810023205002,"NIRANJAN R",97,60
810023205003,"GIRIJA K",96,60
810023205004,"DHIVYA M",92,60
810023205005,"SENTHAMIZHAN A",95,60
810023205006,"KEERTHIVASAN P S",96,60
810023205007,"PRAKASH M",96,60
810023205008,"HARIHARAN T",97,60
810023205009,"SIVA SANKAR V",97,60
810023205010,"PUGAZHESHWARAN V",98,60
810023205011,"VIGNESHWARAN S",97,60
810023205012,"SATHIYA M",98,60
810023205013,"AJAY D",95,60
810023205014,"DHANALAKSHMI S",96,60
810023205015,"DESIKA S",96,60
810023205016,"GOVARDHAN S",97,60
810023205017,"ABINAYA U",96,60
810023205018,"JONES PRISTY D",93,60
810023205019,"DHAARANYA S",94,60
810023205020,"HARINI K",99,60
810023205021,"ANTIN SHERIN V U",95,60
810023205022,"BARATH R",95,60
810023205023,"SAFILA FARHATH A S",96,60
810023205024,"BHARATHI M",94,60
810023205025,"ARCHANA J",97,60
810023205026,"KAAVYA VARSHA R",96,60
810023205027,"KARNIKA S",96,60
810023205028,"JAYA BHARATHI S",94,60
810023205029,"GUNAVARTHINI K",95,60
810023205030,"DHANASEKAR K",96,60
810023205031,"SURJITH S",90,57
810023205032,"ANUSUYA V",94,60
810023205033,"KEERTHIKA G B",95,60
810023205034,"JANANI L",94,60
810023205035,"PAVITHRA J",95,60
810023205036,"PRAKASH S",94,60
810023205037,"SWATHI K",96,60
810023205038,"THEJASH S",97,60
810023205039,"HARIKRISHNAN T",95,60
810023205040,"RAJESHWARI P",96,60
810023205041,"SARIHA S",96,60
810023205042,"MANOBALA T N",95,60
810023205043,"AJAY A",95,60
810023205044,"MUHAMMED AARIF J",97,60
810023205045,"ARUNKUMAR M",92,60
810023205046,"NIRAIMATHI M",97,60
810023205047,"HEYMANTH S M",96,60
810023205048,"NIVEDHA M",97,60
810023205049,"DEEPAN RAJA G",94,60
810023205050,"ESSTHAR ANNAL J",95,60
810023205051,"MOHAMED ISRIN A",96,60
810023205052,"SRI RAGABHARATHI R",92,60
810023205053,"ROJITH R A",93,60
810023205054,"SINDHUJA S",94,60
810023205055,"RAJIVI M",92,60
810023205056,"LAKSHANA M",97,60
810023205057,"VENMANI V",96,60
810023205058,"PRAKASH S",95,60
"Total Attendance:60"
