regno,name,be3271_mark,be3271_attendance
810023205001,"SURYA S",88,48
810023205002,"NIRANJAN R",94,52
810023205003,"GIRIJA K",100,60
810023205004,"DHIVYA M",100,60
810023205005,"SENTHAMIZHAN A",100,60
810023205006,"KEERTHIVASAN P S",100,60
810023205007,"PRAKASH M",94,52
810023205008,"HARIHARAN T",100,60
810023205009,"SIVA SANKAR V",94,52
810023205010,"PUGAZHESHWARAN V",94,52
810023205011,"VIGNESHWARAN S",100,60
810023205012,"SATHIYA M",100,60
810023205013,"AJAY D",94,52
810023205014,"DHANALAKSHMI S",100,60
810023205015,"DESIKA S",100,60
810023205016,"GOVARDHAN S",100,60
810023205017,"ABINAYA U",100,60
810023205018,"JONES PRISTY D",100,60
810023205019,"DHAARANYA S",100,60
810023205020,"HARINI K",100,60
810023205021,"ANTIN SHERIN V U",100,60
810023205022,"BARATH R",94,52
810023205023,"SAFILA FARHATH A S",100,60
810023205024,"BHARATHI M",100,60
810023205025,"ARCHANA J",100,60
810023205026,"KAAVYA VARSHA R",94,52
810023205027,"KARNIKA S",94,52
810023205028,"JAYA BHARATHI S",100,60
810023205029,"GUNAVARTHINI K",100,60
810023205030,"DHANASEKAR K",98,56
810023205031,"SURJITH S",100,60
810023205032,"ANUSUYA V",100,60
810023205033,"KEERTHIKA G B",100,60
810023205034,"JANANI L",100,60
810023205035,"PAVITHRA J",100,60
810023205036,"PRAKASH S",100,60
810023205037,"SWATHI K",100,60
810023205038,"THEJASH S",98,52
810023205039,"HARIKRISHNAN T",100,60
810023205040,"RAJESHWARI P",100,60
810023205041,"SARIHA S",100,60
810023205042,"MANOBALA T N",98,56
810023205043,"AJAY A",98,56
810023205044,"MUHAMMED AARIF J",94,52
810023205045,"ARUNKUMAR M",94,52
810023205046,"NIRAIMATHI M",100,60
810023205047,"HEYMANTH S M",100,60
810023205048,"NIVEDHA M",100,60
810023205049,"DEEPAN RAJA G",100,60
810023205050,"ESSTHAR ANNAL J",100,60
810023205051,"MOHAMED ISRIN A",100,60
810023205052,"SRI RAGABHARATHI R",100,60
810023205053,"ROJITH R A",98,56
810023205054,"SINDHUJA S",100,60
810023205055,"RAJIVI M",100,60
810023205056,"LAKSHANA M",100,60
810023205057,"VENMANI V",94,52
810023205058,"PRAKASH S",100,60
"Total Attendance:60"
