"UNIVERSITY COLLEGE OF ENGINEERING, BIT CAMPUS, ANNA UNIVERSITY,TIRUCHIRAPPALLI - 620024"
"FACULTY : Dr.E.Anuja"
"CLASS : IT-A","SUBJECT : CY3151"
regno,name,cy3151_mark,cy3151_attendance
810023205001,"SURYA S",52,21
810023205002,"NIRANJAN R",89,29
810023205003,"GIRIJA K",97,30
810023205004,"DHIVYA M",75,29
810023205005,"SENTHAMIZHAN A",81,24
810023205006,"KEERTHIVASAN P S",97,20
810023205007,"PRAKASH M",75,18
810023205008,"HARIHARAN T",66,26
810023205009,"SIVA SANKAR V",68,27
810023205010,"PUGAZHESHWARAN V",73,28
810023205011,"VIGNESHWARAN S",84,30
810023205012,"SATHIYA M",97,29
810023205013,"AJAY D",81,27
810023205014,"DHANALAKSHMI S",62,27
810023205015,"DESIKA S",95,27
810023205016,"GOVARDHAN S",90,25
810023205017,"ABINAYA U",91,25
810023205018,"JONES PRISTY D",96,30
810023205019,"DHAARANYA S",97,28
810023205020,"HARINI K",97,27
810023205021,"ANTIN SHERIN V U",96,29
810023205022,"BARATH R",70,30
810023205023,"SAFILA FARHATH A S",95,29
810023205024,"BHARATHI M",87,30
810023205025,"ARCHANA J",97,30
810023205026,"KAAVYA VARSHA R",93,29
810023205027,"KARNIKA S",90,25
810023205028,"JAYA BHARATHI S",92,30
810023205029,"GUNAVARTHINI K",71,27
810023205030,"DHANASEKAR K",90,22
810023205031,"SURJITH S",90,30
810023205032,"ANUSUYA V",93,25
810023205033,"KEERTHIKA G B",88,30
810023205034,"JANANI L",96,30
810023205035,"PAVITHRA J",98,27
810023205036,"PRAKASH S",97,26
810023205037,"SWATHI K",95,30
810023205038,"THEJASH S",93,25
810023205039,"HARIKRISHNAN T",91,25
810023205040,"RAJESHWARI P",87,30
810023205041,"SARIHA S",89,30
810023205042,"MANOBALA T N",88,23
810023205043,"AJAY A",74,22
810023205044,"MUHAMMED AARIF J",74,20
810023205045,"ARUNKUMAR M",55,27
810023205046,"NIRAIMATHI M",92,30
810023205047,"HEYMANTH S M",74,23
810023205048,"NIVEDHA M",95,30
810023205049,"DEEPAN RAJA G",91,27
810023205050,"ESSTHAR ANNAL J",96,28
810023205051,"MOHAMED ISRIN A",87,28
810023205052,"SRI RAGABHARATHI R",75,28
810023205053,"ROJITH R A",70,26
810023205054,"SINDHUJA S",99,30
810023205055,"RAJIVI M",78,25
810023205056,"LAKSHANA M",94,30
810023205057,"VENMANI V",83,22
810023205058,"PRAKASH S",67,26
"Total Attendance:30"
