"UNIVERSITY COLLEGE OF ENGINEERING, BIT CAMPUS, ANNA UNIVERSITY,TIRUCHIRAPPALLI - 620024"
"FACULTY : Dr.Blessy Selvam"
"CLASS : IT-A","SUBJECT : CS3251"
regno,name,cs3251_mark,cs3251_attendance
810023205001,"SURYA S",78,11
810023205002,"NIRANJAN R",95,14
810023205003,"GIRIJA K",99,14
810023205004,"DHIVYA M",91,12
810023205005,"SENTHAMIZHAN A",92,10
810023205006,"KEERTHIVASAN P S",96,12
810023205007,"PRAKASH M",92,8
810023205008,"HARIHARAN T",91,12
810023205009,"SIVA SANKAR V",90,13
810023205010,"PUGAZHESHWARAN V",90,15
810023205011,"VIGNESHWARAN S",91,12
810023205012,"SATHIYA M",96,14
810023205013,"AJAY D",91,10
810023205014,"DHANALAKSHMI S",93,11
810023205015,"DESIKA S",93,13
810023205016,"GOVARDHAN S",92,10
810023205017,"ABINAYA U",97,10
810023205018,"JONES PRISTY D",98,12
810023205019,"DHAARANYA S",98,15
810023205020,"HARINI K",98,12
810023205021,"ANTIN SHERIN V U",97,12
810023205022,"BARATH R",85,11
810023205023,"SAFILA FARHATH A S",95,14
810023205024,"BHARATHI M",98,12
810023205025,"ARCHANA J",94,12
810023205026,"KAAVYA VARSHA R",97,12
810023205027,"KARNIKA S",92,14
810023205028,"JAYA BHARATHI S",94,12
810023205029,"GUNAVARTHINI K",92,12
810023205030,"DHANASEKAR K",92,12
810023205031,"SURJITH S",97,10
810023205032,"ANUSUYA V",95,15
810023205033,"KEERTHIKA G B",97,12
810023205034,"JANANI L",97,12
810023205035,"PAVITHRA J",99,12
810023205036,"PRAKASH S",96,14
810023205037,"SWATHI K",96,11
810023205038,"THEJASH S",92,12
810023205039,"HARIKRISHNAN T",98,14
810023205040,"RAJESHWARI P",91,14
810023205041,"SARIHA S",96,14
810023205042,"MANOBALA T N",91,10
810023205043,"AJAY A",92,10
810023205044,"MUHAMMED AARIF J",82,11
810023205045,"ARUNKUMAR M",91,11
810023205046,"NIRAIMATHI M",97,12
810023205047,"HEYMANTH S M",95,14
810023205048,"NIVEDHA M",98,14
810023205049,"DEEPAN RAJA G",98,14
810023205050,"ESSTHAR ANNAL J",98,12
810023205051,"MOHAMED ISRIN A",98,13
810023205052,"SRI RAGABHARATHI R",90,12
810023205053,"ROJITH R A",94,12
810023205054,"SINDHUJA S",96,12
810023205055,"RAJIVI M",94,12
810023205056,"LAKSHANA M",96,14
810023205057,"VENMANI V",98,13
810023205058,"PRAKASH S",88,13
"Total Attendance:15"
