"UNIVERSITY COLLEGE OF ENGINEERING, BIT CAMPUS, ANNA UNIVERSITY,TIRUCHIRAPPALLI - 620024"
"FACULTY : Dr.D.Elizabeth"
"CLASS : IT-A","SUBJECT : GE3272"
regno,name,ge3272_mark,ge3272_attendance
810023205001,"SURYA S",80,46
810023205002,"NIRANJAN R",95,50
810023205003,"GIRIJA K",90,60
810023205004,"DHIVYA M",86,46
810023205005,"SENTHAMIZHAN A",89,46
810023205006,"KEERTHIVASAN P S",92,46
810023205007,"PRAKASH M",85,46
810023205008,"HARIHARAN T",87,46
810023205009,"SIVA SANKAR V",88,58
810023205010,"PUGAZHESHWARAN V",86,58
810023205011,"VIGNESHWARAN S",89,54
810023205012,"SATHIYA M",93,54
810023205013,"AJAY D",85,54
810023205014,"DHANALAKSHMI S",87,54
810023205015,"DESIKA S",90,54
810023205016,"GOVARDHAN S",90,50
810023205017,"ABINAYA U",100,54
810023205018,"JONES PRISTY D",100,54
810023205019,"DHAARANYA S",100,56
810023205020,"HARINI K",98,54
810023205021,"ANTIN SHERIN V U",96,58
810023205022,"BARATH R",90,54
810023205023,"SAFILA FARHATH A S",94,58
810023205024,"BHARATHI M",90,58
810023205025,"ARCHANA J",93,58
810023205026,"KAAVYA VARSHA R",97,58
810023205027,"KARNIKA S",90,54
810023205028,"JAYA BHARATHI S",93,50
810023205029,"GUNAVARTHINI K",87,58
810023205030,"DHANASEKAR K",88,46
810023205031,"SURJITH S",96,58
810023205032,"ANUSUYA V",93,58
810023205033,"KEERTHIKA G B",90,54
810023205034,"JANANI L",88,60
810023205035,"PAVITHRA J",92,54
810023205036,"PRAKASH S",95,54
810023205037,"SWATHI K",91,58
810023205038,"THEJASH S",89,46
810023205039,"HARIKRISHNAN T",92,54
810023205040,"RAJESHWARI P",88,60
810023205041,"SARIHA S",90,58
810023205042,"MANOBALA T N",90,46
810023205043,"AJAY A",90,46
810023205044,"MUHAMMED AARIF J",89,54
810023205045,"ARUNKUMAR M",87,46
810023205046,"NIRAIMATHI M",100,50
810023205047,"HEYMANTH S M",100,58
810023205048,"NIVEDHA M",91,58
810023205049,"DEEPAN RAJA G",89,54
810023205050,"ESSTHAR ANNAL J",92,60
810023205051,"MOHAMED ISRIN A",90,54
810023205052,"SRI RAGABHARATHI R",88,46
810023205053,"ROJITH R A",95,46
810023205054,"SINDHUJA S",100,60
810023205055,"RAJIVI M",92,50
810023205056,"LAKSHANA M",98,54
810023205057,"VENMANI V",94,54
810023205058,"PRAKASH S",88,50
"Total Attendance:60"
