regno,name,ge3171_mark,ge3171_attendance
810023205001,"SURYA S",87,51
810023205002,"NIRANJAN R",95,63
810023205003,"GIRIJA K",94,63
810023205004,"DHIVYA M",94,57
810023205005,"SENTHAMIZHAN A",91,60
810023205006,"KEERTHIVASAN P S",92,51
810023205007,"PRAKASH M",91,57
810023205008,"HARIHARAN T",92,60
810023205009,"SIVA SANKAR V",93,54
810023205010,"PUGAZHESHWARAN V",91,60
810023205011,"VIGNESHWARAN S",94,57
810023205012,"SATHIYA M",94,63
810023205013,"AJAY D",91,51
810023205014,"DHANALAKSHMI S",94,57
810023205015,"DESIKA S",93,57
810023205016,"GOVARDHAN S",95,54
810023205017,"ABINAYA U",94,57
810023205018,"JONES PRISTY D",95,54
810023205019,"DHAARANYA S",94,60
810023205020,"HARINI K",93,60
810023205021,"ANTIN SHERIN V U",94,57
810023205022,"BARATH R",91,54
810023205023,"SAFILA FARHATH A S",94,54
810023205024,"BHARATHI M",95,63
810023205025,"ARCHANA J",91,63
810023205026,"KAAVYA VARSHA R",95,57
810023205027,"KARNIKA S",95,60
810023205028,"JAYA BHARATHI S",93,63
810023205029,"GUNAVARTHINI K",94,60
810023205030,"DHANASEKAR K",88,48
810023205031,"SURJITH S",94,60
810023205032,"ANUSUYA V",95,54
810023205033,"KEERTHIKA G B",94,63
810023205034,"JANANI L",94,60
810023205035,"PAVITHRA J",95,54
810023205036,"PRAKASH S",90,60
810023205037,"SWATHI K",91,60
810023205038,"THEJASH S",88,57
810023205039,"HARIKRISHNAN T",90,63
810023205040,"RAJESHWARI P",91,60
810023205041,"SARIHA S",94,57
810023205042,"MANOBALA T N",93,51
810023205043,"AJAY A",91,51
810023205044,"MUHAMMED AARIF J",93,60
810023205045,"ARUNKUMAR M",92,54
810023205046,"NIRAIMATHI M",93,57
810023205047,"HEYMANTH S M",95,57
810023205048,"NIVEDHA M",95,63
810023205049,"DEEPAN RAJA G",93,60
810023205050,"ESSTHAR ANNAL J",94,63
810023205051,"MOHAMED ISRIN A",93,63
810023205052,"SRI RAGABHARATHI R",94,57
810023205053,"ROJITH R A",94,54
810023205054,"SINDHUJA S",94,63
810023205055,"RAJIVI M",94,60
810023205056,"LAKSHANA M",95,63
810023205057,"VENMANI V",93,57
810023205058,"PRAKASH S",91,60
"Total Attendance:63"
