"UNIVERSITY COLLEGE OF ENGINEERING, BIT CAMPUS, ANNA UNIVERSITY,TIRUCHIRAPPALLI - 620024"
"FACULTY : Dr.D.Elizabeth"
"CLASS : IT-A","SUBJECT : HS3252"
regno,name,hs3252_attendance,hs3252_mark
810023205001,"SURYA S",12,47
810023205002,"NIRANJAN R",17,87
810023205003,"GIRIJA K",19,74
810023205004,"DHIVYA M",17,64
810023205005,"SENTHAMIZHAN A",15,68
810023205006,"KEERTHIVASAN P S",17,77
810023205007,"PRAKASH M",12,58
810023205008,"HARIHARAN T",18,66
810023205009,"SIVA SANKAR V",16,60
810023205010,"PUGAZHESHWARAN V",19,60
810023205011,"VIGNESHWARAN S",19,68
810023205012,"SATHIYA M",18,80
810023205013,"AJAY D",15,54
810023205014,"DHANALAKSHMI S",18,59
810023205015,"DESIKA S",19,72
810023205016,"GOVARDHAN S",17,71
810023205017,"ABINAYA U",19,94
810023205018,"JONES PRISTY D",17,84
810023205019,"DHAARANYA S",19,71
810023205020,"HARINI K",18,81
810023205021,"ANTIN SHERIN V U",19,85
810023205022,"BARATH R",19,72
810023205023,"SAFILA FARHATH A S",18,82
810023205024,"BHARATHI M",19,73
810023205025,"ARCHANA J",18,81
810023205026,"KAAVYA VARSHA R",19,85
810023205027,"KARNIKA S",18,72
810023205028,"JAYA BHARATHI S",16,76
810023205029,"GUNAVARTHINI K",18,61
810023205030,"DHANASEKAR K",18,61
810023205031,"SURJITH S",17,86
810023205032,"ANUSUYA V",19,80
810023205033,"KEERTHIKA G B",17,70
810023205034,"JANANI L",18,61
810023205035,"PAVITHRA J",19,74
810023205036,"PRAKASH S",17,78
810023205037,"SWATHI K",19,71
810023205038,"THEJASH S",17,66
810023205039,"HARIKRISHNAN T",18,78
810023205040,"RAJESHWARI P",18,60
810023205041,"SARIHA S",17,68
810023205042,"MANOBALA T N",16,89
810023205043,"AJAY A",16,87
810023205044,"MUHAMMED AARIF J",18,66
810023205045,"ARUNKUMAR M",18,58
810023205046,"NIRAIMATHI M",18,90
810023205047,"HEYMANTH S M",17,82
810023205048,"NIVEDHA M",17,79
810023205049,"DEEPAN RAJA G",17,68
810023205050,"ESSTHAR ANNAL J",19,80
810023205051,"MOHAMED ISRIN A",19,73
810023205052,"SRI RAGABHARATHI R",17,64
810023205053,"ROJITH R A",16,81
810023205054,"SINDHUJA S",19,82
810023205055,"RAJIVI M",19,76
810023205056,"LAKSHANA M",18,81
810023205057,"VENMANI V",18,75
810023205058,"PRAKASH S",16,66
"Total Attendance:19"
