"UNIVERSITY COLLEGE OF ENGINEERING, BIT CAMPUS, ANNA UNIVERSITY,TIRUCHIRAPPALLI - 620024"
"FACULTY : Dr.C.Sharmila Devi"
"CLASS : IT-A","SUBJECT : MA3251"
regno,name,ma3251_attendance,ma3251_mark
810023205001,"SURYA S",31,75
810023205002,"NIRANJAN R",28,92
810023205003,"GIRIJA K",32,95
810023205004,"DHIVYA M",30,78
810023205005,"SENTHAMIZHAN A",28,88
810023205006,"KEERTHIVASAN P S",30,89
810023205007,"PRAKASH M",30,75
810023205008,"HARIHARAN T",32,84
810023205009,"SIVA SANKAR V",32,82
810023205010,"PUGAZHESHWARAN V",31,82
810023205011,"VIGNESHWARAN S",32,90
810023205012,"SATHIYA M",32,98
810023205013,"AJAY D",30,70
810023205014,"DHANALAKSHMI S",31,76
810023205015,"DESIKA S",32,92
810023205016,"GOVARDHAN S",30,90
810023205017,"ABINAYA U",28,92
810023205018,"JONES PRISTY D",31,91
810023205019,"DHAARANYA S",30,95
810023205020,"HARINI K",32,94
810023205021,"ANTIN SHERIN V U",32,91
810023205022,"BARATH R",29,75
810023205023,"SAFILA FARHATH A S",32,91
810023205024,"BHARATHI M",32,88
810023205025,"ARCHANA J",30,90
810023205026,"KAAVYA VARSHA R",32,91
810023205027,"KARNIKA S",28,87
810023205028,"JAYA BHARATHI S",32,90
810023205029,"GUNAVARTHINI K",32,88
810023205030,"DHANASEKAR K",32,93
810023205031,"SURJITH S",27,91
810023205032,"ANUSUYA V",30,93
810023205033,"KEERTHIKA G B",32,95
810023205034,"JANANI L",32,90
810023205035,"PAVITHRA J",32,98
810023205036,"PRAKASH S",32,90
810023205037,"SWATHI K",32,91
810023205038,"THEJASH S",30,75
810023205039,"HARIKRISHNAN T",32,94
810023205040,"RAJESHWARI P",32,91
810023205041,"SARIHA S",25,91
810023205042,"MANOBALA T N",32,76
810023205043,"AJAY A",31,77
810023205044,"MUHAMMED AARIF J",30,78
810023205045,"ARUNKUMAR M",32,74
810023205046,"NIRAIMATHI M",32,87
810023205047,"HEYMANTH S M",32,84
810023205048,"NIVEDHA M",30,93
810023205049,"DEEPAN RAJA G",32,90
810023205050,"ESSTHAR ANNAL J",30,95
810023205051,"MOHAMED ISRIN A",31,86
810023205052,"SRI RAGABHARATHI R",32,93
810023205053,"ROJITH R A",28,75
810023205054,"SINDHUJA S",30,98
810023205055,"RAJIVI M",30,76
810023205056,"LAKSHANA M",28,98
810023205057,"VENMANI V",28,94
810023205058,"PRAKASH S",32,72
"Total Attendance:32"
