regno,name,ph3256_attendance,ph3256_mark
810023205001,"SURYA S",23,48
810023205002,"NIRANJAN R",19,84
810023205003,"GIRIJA K",26,75
810023205004,"DHIVYA M",22,60
810023205005,"SENTHAMIZHAN A",21,75
810023205006,"KEERTHIVASAN P S",26,79
810023205007,"PRAKASH M",20,60
810023205008,"HARIHARAN T",25,58
810023205009,"SIVA SANKAR V",22,66
810023205010,"PUGAZHESHWARAN V",24,62
810023205011,"VIGNESHWARAN S",24,68
810023205012,"SATHIYA M",27,97
810023205013,"AJAY D",20,56
810023205014,"DHANALAKSHMI S",23,64
810023205015,"DESIKA S",22,87
810023205016,"GOVARDHAN S",27,84
810023205017,"ABINAYA U",19,80
810023205018,"JONES PRISTY D",24,92
810023205019,"DHAARANYA S",25,77
810023205020,"HARINI K",25,80
810023205021,"ANTIN SHERIN V U",25,60
810023205022,"BARATH R",23,52
810023205023,"SAFILA FARHATH A S",25,90
810023205024,"BHARATHI M",22,78
810023205025,"ARCHANA J",23,60
810023205026,"KAAVYA VARSHA R",22,57
810023205027,"KARNIKA S",17,74
810023205028,"JAYA BHARATHI S",23,74
810023205029,"GUNAVARTHINI K",25,65
810023205030,"DHANASEKAR K",25,60
810023205031,"SURJITH S",26,60
810023205032,"ANUSUYA V",20,63
810023205033,"KEERTHIKA G B",24,72
810023205034,"JANANI L",27,78
810023205035,"PAVITHRA J",25,90
810023205036,"PRAKASH S",23,63
810023205037,"SWATHI K",26,77
810023205038,"THEJASH S",24,65
810023205039,"HARIKRISHNAN T",22,71
810023205040,"RAJESHWARI P",23,66
810023205041,"SARIHA S",20,72
810023205042,"MANOBALA T N",24,64
810023205043,"AJAY A",23,72
810023205044,"MUHAMMED AARIF J",27,60
810023205045,"ARUNKUMAR M",20,53
810023205046,"NIRAIMATHI M",24,90
810023205047,"HEYMANTH S M",25,80
810023205048,"NIVEDHA M",24,92
810023205049,"DEEPAN RAJA G",25,73
810023205050,"ESSTHAR ANNAL J",24,85
810023205051,"MOHAMED ISRIN A",24,74
810023205052,"SRI RAGABHARATHI R",22,70
810023205053,"ROJITH R A",20,61
810023205054,"SINDHUJA S",25,97
810023205055,"RAJIVI M",22,78
810023205056,"LAKSHANA M",19,57
810023205057,"VENMANI V",22,77
810023205058,"PRAKASH S",22,60
"Total Attendance:27"
