regno,name,be3251_attendance,be3251_mark
810023205059,"KALAIYARASI M",26,98
810023205060,"LOGESHKUMAR M",25,73
810023205061,"SUGANTHAN R",22,63
810023205062,"VIGNESHWARAN L",26,85
810023205063,"SANTHOSH A",25,95
810023205064,"MADHUMITHA R",25,98
810023205065,KEERTHANA,26,98
810023205066,"KEERTHANA A",27,98
810023205067,"GOMATHI R",26,86
810023205068,"KEERTHANA R",25,68
810023205069,"SARANRAJ R",24,71
810023205070,"EZHILARASAN J",26,65
810023205071,"DEEPADHARSHINI M",27,73
810023205072,"SRINITHI S",27,72
810023205073,"BHARATHI P",25,65
810023205074,"SRIBALAJI G",25,82
810023205075,"RAHUL K",23,65
810023205076,"ARJUN C",25,63
810023205077,SIVAPRASANTH,20,40
810023205078,"PRICIKA K",26,89
810023205079,"SRIMATHI J",27,86
810023205081,"ABITHADEVI R",25,81
810023205082,"MOHANRAJ V",25,68
810023205083,"JANANI S",25,85
810023205084,"AKSHAYA S",20,64
810023205085,"LAVANYA A",26,66
810023205086,"SUVARNALEKHAA N",25,85
810023205087,"KESAVAN E",25,85
810023205088,"BHAVADHARANI B",21,63
810023205089,"LAVANYA D",25,80
810023205090,"SANTHIYA E",26,90
810023205091,"RANGANATHAN M",24,55
810023205092,"JAI AAKASH R",20,40
810023205093,"KARTHIKEYAN H",26,68
810023205094,"JANAHAN E",27,90
810023205095,"MANOJ C",27,95
810023205096,"YOGESH U G",27,90
810023205097,"JANARANJANI M",26,90
810023205098,"ABISHEK K",26,80
810023205099,"HARINI S",26,90
810023205100,"MARY SHALINI A",27,80
810023205101,SATHYASEELAN,17,30
810023205102,"VARSHA T",26,98
810023205103,"KISHORE R",25,70
810023205104,"AHAMED NOOR Z",26,90
810023205105,"SANGEETHA M",23,82
810023205106,"ANBUKUMAR M",25,85
810023205107,"RAVINASRI R",26,95
810023205108,"MARUTHAKUMARAN M",23,80
810023205110,MANIKANDAN,23,63
810023205111,"NAVEEN M",26,85
810023205112,"SIVABALAN S",23,60
810023205113,"KAVINRAJAN K",23,60
810023205114,"ELAIYAMUGILAN S",27,65
810023205115,"HITHESH K",26,62
810023205116,"GOKULNATH V",23,55
"Total Attendance:27"
