"UNIVERSITY COLLEGE OF ENGINEERING, BIT CAMPUS, ANNA UNIVERSITY,TIRUCHIRAPPALLI - 620024"
"FACULTY : Dr.V.K.Sethurpandian"
"CLASS : IT-B","SUBJECT : BS3171"
regno,name,bs3171_mark,bs3171_attendance
810023205059,"KALAIYARASI M",100,60
810023205060,"LOGESHKUMAR M",100,57
810023205061,"SUGANTHAN R",100,60
810023205062,"VIGNESHWARAN L",100,60
810023205063,"SANTHOSH A",100,60
810023205064,"MADHUMITHA R",100,55
810023205065,KEERTHANA,100,60
810023205066,"KEERTHANA A",100,54
810023205067,"GOMATHI R",100,60
810023205068,"KEERTHANA R",99,60
810023205069,"SARANRAJ R",93,57
810023205070,"EZHILARASAN J",89,57
810023205071,"DEEPADHARSHINI M",98,60
810023205072,"SRINITHI S",100,60
810023205073,"BHARATHI P",100,60
810023205074,"SRIBALAJI G",96,60
810023205075,"RAHUL K",90,47
810023205076,"ARJUN C",100,60
810023205077,SIVAPRASANTH,70,55
810023205078,"PRICIKA K",96,60
810023205079,"SRIMATHI J",100,60
810023205081,"ABITHADEVI R",100,60
810023205082,"MOHANRAJ V",90,60
810023205083,"JANANI S",95,58
810023205084,"AKSHAYA S",88,55
810023205085,"LAVANYA A",94,52
810023205086,"SUVARNALEKHAA N",100,55
810023205087,"KESAVAN E",97,60
810023205088,"BHAVADHARANI B",100,60
810023205089,"LAVANYA D",100,60
810023205090,"SANTHIYA E",100,60
810023205091,"RANGANATHAN M",73,58
810023205092,"JAI AAKASH R",88,58
810023205093,"KARTHIKEYAN H",100,58
810023205094,"JANAHAN E",99,58
810023205095,"MANOJ C",100,60
810023205096,"YOGESH U G",90,60
810023205097,"JANARANJANI M",99,60
810023205098,"ABISHEK K",90,60
810023205099,"HARINI S",100,60
810023205100,"MARY SHALINI A",100,60
810023205101,SATHYASEELAN,80,49
810023205102,"VARSHA T",100,60
810023205103,"KISHORE R",96,55
810023205104,"AHAMED NOOR Z",90,53
810023205105,"SANGEETHA M",98,60
810023205106,"ANBUKUMAR M",95,55
810023205107,"RAVINASRI R",100,60
810023205108,"MARUTHAKUMARAN M",100,58
810023205110,MANIKANDAN,88,54
810023205111,"NAVEEN M",100,60
810023205112,"SIVABALAN S",88,56
810023205113,"KAVINRAJAN K",94,60
810023205114,"ELAIYAMUGILAN S",84,60
810023205115,"HITHESH K",90,60
810023205116,"GOKULNATH V",90,60
"Total Attendance:60"
