"UNIVERSITY COLLEGE OF ENGINEERING, BIT CAMPUS, ANNA UNIVERSITY,TIRUCHIRAPPALLI - 620024"
"FACULTY : Dr.V.K.Sethurpandian"
"CLASS : IT-B","SUBJECT : CY3151"
regno,name,cy3151_mark,cy3151_attendance
810023205059,"KALAIYARASI M",94,25
810023205060,"LOGESHKUMAR M",92,20
810023205061,"SUGANTHAN R",91,21
810023205062,"VIGNESHWARAN L",90,22
810023205063,"SANTHOSH A",99,24
810023205064,"MADHUMITHA R",90,24
810023205065,KEERTHANA,96,26
810023205066,"KEERTHANA A",97,24
810023205067,"GOMATHI R",98,26
810023205068,"KEERTHANA R",89,24
810023205069,"SARANRAJ R",73,22
810023205070,"EZHILARASAN J",84,23
810023205071,"DEEPADHARSHINI M",88,22
810023205072,"SRINITHI S",94,24
810023205073,"BHARATHI P",92,22
810023205074,"SRIBALAJI G",86,25
810023205075,"RAHUL K",70,16
810023205076,"ARJUN C",22,92
810023205077,SIVAPRASANTH,22,70
810023205078,"PRICIKA K",86,26
810023205079,"SRIMATHI J",92,25
810023205081,"ABITHADEVI R",94,25
810023205082,"MOHANRAJ V",80,22
810023205083,"JANANI S",85,24
810023205084,"AKSHAYA S",78,22
810023205085,"LAVANYA A",84,26
810023205086,"SUVARNALEKHAA N",97,25
810023205087,"KESAVAN E",87,25
810023205088,"BHAVADHARANI B",94,25
810023205089,"LAVANYA D",92,26
810023205090,"SANTHIYA E",90,25
810023205091,"RANGANATHAN M",68,22
810023205092,"JAI AAKASH R",48,23
810023205093,"KARTHIKEYAN H",93,22
810023205094,"JANAHAN E",89,22
810023205095,"MANOJ C",94,25
810023205096,"YOGESH U G",80,24
810023205097,"JANARANJANI M",89,24
810023205098,"ABISHEK K",80,23
810023205099,"HARINI S",95,23
810023205100,"MARY SHALINI A",91,25
810023205101,SATHYASEELAN,54,24
810023205102,"VARSHA T",99,25
810023205103,"KISHORE R",86,21
810023205104,"AHAMED NOOR Z",40,14
810023205105,"SANGEETHA M",88,25
810023205106,"ANBUKUMAR M",85,15
810023205107,"RAVINASRI R",93,25
810023205108,"MARUTHAKUMARAN M",92,23
810023205110,MANIKANDAN,71,25
810023205111,"NAVEEN M",93,26
810023205112,"SIVABALAN S",55,18
810023205113,"KAVINRAJAN K",71,23
810023205114,"ELAIYAMUGILAN S",84,22
810023205115,"HITHESH K",74,24
810023205116,"GOKULNATH V",60,23
"Total Attendance:26"
