"UNIVERSITY COLLEGE OF ENGINEERING, BIT CAMPUS, ANNA UNIVERSITY,TIRUCHIRAPPALLI - 620024"
"FACULTY : Mrs.R.Shamini"
"CLASS : IT-B","SUBJECT : CS3271"
regno,name,cs3271_mark,cs3271_attendance
810023205059,"KALAIYARASI M",97,60
810023205060,"LOGESHKUMAR M",90,48
810023205061,"SUGANTHAN R",70,52
810023205062,"VIGNESHWARAN L",90,48
810023205063,"SANTHOSH A",96,56
810023205064,"MADHUMITHA R",95,52
810023205065,KEERTHANA,96,60
810023205066,"KEERTHANA A",98,56
810023205067,"GOMATHI R",94,52
810023205068,"KEERTHANA R",95,52
810023205069,"SARANRAJ R",70,48
810023205070,"EZHILARASAN J",70,48
810023205071,"DEEPADHARSHINI M",99,60
810023205072,"SRINITHI S",98,56
810023205073,"BHARATHI P",96,56
810023205074,"SRIBALAJI G",95,52
810023205075,"RAHUL K",93,40
810023205076,"ARJUN C",96,56
810023205077,SIVAPRASANTH,70,56
810023205078,"PRICIKA K",95,52
810023205079,"SRIMATHI J",99,56
810023205081,"ABITHADEVI R",97,56
810023205082,"MOHANRAJ V",96,56
810023205083,"JANANI S",95,56
810023205084,"AKSHAYA S",70,48
810023205085,"LAVANYA A",93,44
810023205086,"SUVARNALEKHAA N",91,52
810023205087,"KESAVAN E",90,52
810023205088,"BHAVADHARANI B",91,48
810023205089,"LAVANYA D",94,56
810023205090,"SANTHIYA E",93,56
810023205091,"RANGANATHAN M",70,52
810023205092,"JAI AAKASH R",70,48
810023205093,"KARTHIKEYAN H",89,52
810023205094,"JANAHAN E",90,52
810023205095,"MANOJ C",98,60
810023205096,"YOGESH U G",97,60
810023205097,"JANARANJANI M",92,48
810023205098,"ABISHEK K",94,52
810023205099,"HARINI S",96,60
810023205100,"MARY SHALINI A",96,56
810023205101,SATHYASEELAN,69,40
810023205102,"VARSHA T",97,60
810023205103,"KISHORE R",69,44
810023205104,"AHAMED NOOR Z",89,52
810023205105,"SANGEETHA M",90,52
810023205106,"ANBUKUMAR M",89,44
810023205107,"RAVINASRI R",94,56
810023205108,"MARUTHAKUMARAN M",90,60
810023205110,MANIKANDAN,69,40
810023205111,"NAVEEN M",90,52
810023205112,"SIVABALAN S",69,48
810023205113,"KAVINRAJAN K",69,40
810023205114,"ELAIYAMUGILAN S",91,48
810023205115,"HITHESH K",92,56
810023205116,"GOKULNATH V",89,40
"Total Attendance:60"
