"UNIVERSITY COLLEGE OF ENGINEERING, BIT CAMPUS, ANNA UNIVERSITY,TIRUCHIRAPPALLI - 620024"
"FACULTY : Dr.D.Elizabeth"
"CLASS : IT-B","SUBJECT : GE3272"
regno,name,ge3272_mark,ge3272_attendance
810023205059,"KALAIYARASI M",88,60
810023205060,"LOGESHKUMAR M",90,52
810023205061,"SUGANTHAN R",93,48
810023205062,"VIGNESHWARAN L",89,48
810023205063,"SANTHOSH A",100,58
810023205064,"MADHUMITHA R",100,58
810023205065,KEERTHANA,88,60
810023205066,"KEERTHANA A",93,60
810023205067,"GOMATHI R",90,52
810023205068,"KEERTHANA R",87,48
810023205069,"SARANRAJ R",90,46
810023205070,"EZHILARASAN J",86,46
810023205071,"DEEPADHARSHINI M",90,48
810023205072,"SRINITHI S",88,60
810023205073,"BHARATHI P",94,52
810023205074,"SRIBALAJI G",89,56
810023205075,"RAHUL K",86,46
810023205076,"ARJUN C",90,48
810023205077,SIVAPRASANTH,85,46
810023205078,"PRICIKA K",89,60
810023205079,"SRIMATHI J",94,52
810023205081,"ABITHADEVI R",88,52
810023205082,"MOHANRAJ V",88,46
810023205083,"JANANI S",90,56
810023205084,"AKSHAYA S",92,46
810023205085,"LAVANYA A",89,46
810023205086,"SUVARNALEKHAA N",100,52
810023205087,"KESAVAN E",93,60
810023205088,"BHAVADHARANI B",90,46
810023205089,"LAVANYA D",87,60
810023205090,"SANTHIYA E",90,56
810023205091,"RANGANATHAN M",89,46
810023205092,"JAI AAKASH R",85,46
810023205093,"KARTHIKEYAN H",94,56
810023205094,"JANAHAN E",95,48
810023205095,"MANOJ C",100,60
810023205096,"YOGESH U G",94,56
810023205097,"JANARANJANI M",95,60
810023205098,"ABISHEK K",88,48
810023205099,"HARINI S",94,52
810023205100,"MARY SHALINI A",90,52
810023205101,SATHYASEELAN,85,46
810023205102,"VARSHA T",96,56
810023205103,"KISHORE R",89,46
810023205104,"AHAMED NOOR Z",100,52
810023205105,"SANGEETHA M",89,48
810023205106,"ANBUKUMAR M",89,46
810023205107,"RAVINASRI R",89,60
810023205108,"MARUTHAKUMARAN M",88,52
810023205110,MANIKANDAN,87,46
810023205111,"NAVEEN M",90,52
810023205112,"SIVABALAN S",88,46
810023205113,"KAVINRAJAN K",86,46
810023205114,"ELAIYAMUGILAN S",87,48
810023205115,"HITHESH K",89,56
810023205116,"GOKULNATH V",85,46
"Total Attendance:60"
