"UNIVERSITY COLLEGE OF ENGINEERING, BIT CAMPUS, ANNA UNIVERSITY,TIRUCHIRAPPALLI - 620024"
"FACULTY : Dr.D.Elizabeth"
"CLASS : IT-B","SUBJECT : GE3172"
regno,name,ge3172_mark,ge3172_attendance
810023205059,"KALAIYARASI M",89,30
810023205060,"LOGESHKUMAR M",92,28
810023205061,"SUGANTHAN R",94,30
810023205062,"VIGNESHWARAN L",93,28
810023205063,"SANTHOSH A",90,28
810023205064,"MADHUMITHA R",100,30
810023205065,KEERTHANA,97,30
810023205066,"KEERTHANA A",93,30
810023205067,"GOMATHI R",94,30
810023205068,"KEERTHANA R",80,28
810023205069,"SARANRAJ R",90,24
810023205070,"EZHILARASAN J",91,28
810023205071,"DEEPADHARSHINI M",93,28
810023205072,"SRINITHI S",86,30
810023205073,"BHARATHI P",86,28
810023205074,"SRIBALAJI G",80,28
810023205075,"RAHUL K",88,20
810023205076,"ARJUN C",90,28
810023205077,SIVAPRASANTH,87,24
810023205078,"PRICIKA K",89,28
810023205079,"SRIMATHI J",91,30
810023205081,"ABITHADEVI R",88,30
810023205082,"MOHANRAJ V",86,30
810023205083,"JANANI S",89,28
810023205084,"AKSHAYA S",90,26
810023205085,"LAVANYA A",90,22
810023205086,"SUVARNALEKHAA N",98,30
810023205087,"KESAVAN E",86,30
810023205088,"BHAVADHARANI B",89,28
810023205089,"LAVANYA D",85,28
810023205090,"SANTHIYA E",90,30
810023205091,"RANGANATHAN M",92,26
810023205092,"JAI AAKASH R",85,26
810023205093,"KARTHIKEYAN H",97,20
810023205094,"JANAHAN E",89,30
810023205095,"MANOJ C",95,28
810023205096,"YOGESH U G",86,30
810023205097,"JANARANJANI M",89,30
810023205098,"ABISHEK K",86,24
810023205099,"HARINI S",89,30
810023205100,"MARY SHALINI A",87,28
810023205101,SATHYASEELAN,85,20
810023205102,"VARSHA T",90,30
810023205103,"KISHORE R",88,24
810023205104,"AHAMED NOOR Z",100,28
810023205105,"SANGEETHA M",88,26
810023205106,"ANBUKUMAR M",89,16
810023205107,"RAVINASRI R",90,28
810023205108,"MARUTHAKUMARAN M",90,28
810023205110,MANIKANDAN,85,16
810023205111,"NAVEEN M",95,28
810023205112,"SIVABALAN S",84,12
810023205113,"KAVINRAJAN K",85,26
810023205114,"ELAIYAMUGILAN S",88,24
810023205115,"HITHESH K",89,30
810023205116,"GOKULNATH V",80,28
"Total Attendance:30"
