regno,name,ge3171_mark,ge3171_attendance
810023205059,"KALAIYARASI M",95,63
810023205060,"LOGESHKUMAR M",90,48
810023205061,"SUGANTHAN R",88,47
810023205062,"VIGNESHWARAN L",93,60
810023205063,"SANTHOSH A",93,60
810023205064,"MADHUMITHA R",93,60
810023205065,KEERTHANA,94,63
810023205066,"KEERTHANA A",95,60
810023205067,"GOMATHI R",95,60
810023205068,"KEERTHANA R",94,60
810023205069,"SARANRAJ R",94,54
810023205070,"EZHILARASAN J",93,54
810023205071,"DEEPADHARSHINI M",94,60
810023205072,"SRINITHI S",94,57
810023205073,"BHARATHI P",93,60
810023205074,"SRIBALAJI G",92,63
810023205075,"RAHUL K",87,45
810023205076,"ARJUN C",91,57
810023205077,SIVAPRASANTH,92,42
810023205078,"PRICIKA K",94,60
810023205079,"SRIMATHI J",94,57
810023205081,"ABITHADEVI R",87,63
810023205082,"MOHANRAJ V",93,57
810023205083,"JANANI S",87,63
810023205084,"AKSHAYA S",87,48
810023205085,"LAVANYA A",87,45
810023205086,"SUVARNALEKHAA N",93,63
810023205087,"KESAVAN E",93,60
810023205088,"BHAVADHARANI B",87,57
810023205089,"LAVANYA D",95,63
810023205090,"SANTHIYA E",94,63
810023205091,"RANGANATHAN M",93,57
810023205092,"JAI AAKASH R",93,54
810023205093,"KARTHIKEYAN H",93,60
810023205094,"JANAHAN E",93,57
810023205095,"MANOJ C",94,60
810023205096,"YOGESH U G",93,63
810023205097,"JANARANJANI M",95,63
810023205098,"ABISHEK K",92,63
810023205099,"HARINI S",94,60
810023205100,"MARY SHALINI A",92,63
810023205101,SATHYASEELAN,91,57
810023205102,"VARSHA T",95,60
810023205103,"KISHORE R",92,57
810023205104,"AHAMED NOOR Z",87,51
810023205105,"SANGEETHA M",91,54
810023205106,"ANBUKUMAR M",91,45
810023205107,"RAVINASRI R",95,60
810023205108,"MARUTHAKUMARAN M",94,63
810023205110,MANIKANDAN,91,54
810023205111,"NAVEEN M",91,60
810023205112,"SIVABALAN S",87,42
810023205113,"KAVINRAJAN K",91,54
810023205114,"ELAIYAMUGILAN S",93,63
810023205115,"HITHESH K",87,60
810023205116,"GOKULNATH V",94,60
"Total Attendance:63"
