"UNIVERSITY COLLEGE OF ENGINEERING, BIT CAMPUS, ANNA UNIVERSITY,TIRUCHIRAPPALLI - 620024"
"FACULTY : Dr.M.Chandrasekaran"
"CLASS : IT-B","SUBJECT : GE3152"
regno,name,ge3152_mark,ge3152_attendance
810023205059,"KALAIYARASI M",77,7
810023205060,"LOGESHKUMAR M",73,5
810023205061,"SUGANTHAN R",65,6
810023205062,"VIGNESHWARAN L",78,6
810023205063,"SANTHOSH A",80,7
810023205064,"MADHUMITHA R",52,7
810023205065,KEERTHANA,75,8
810023205066,"KEERTHANA A",87,6
810023205067,"GOMATHI R",82,8
810023205068,"KEERTHANA R",81,7
810023205069,"SARANRAJ R",62,8
810023205070,"EZHILARASAN J",70,7
810023205071,"DEEPADHARSHINI M",83,7
810023205072,"SRINITHI S",67,7
810023205073,"BHARATHI P",76,6
810023205074,"SRIBALAJI G",82,7
810023205075,"RAHUL K",17,5
810023205076,"ARJUN C",76,6
810023205077,SIVAPRASANTH,50,8
810023205078,"PRICIKA K",56,8
810023205079,"SRIMATHI J",85,8
810023205081,"ABITHADEVI R",87,7
810023205082,"MOHANRAJ V",72,7
810023205083,"JANANI S",64,7
810023205084,"AKSHAYA S",67,8
810023205085,"LAVANYA A",60,8
810023205086,"SUVARNALEKHAA N",75,7
810023205087,"KESAVAN E",83,7
810023205088,"BHAVADHARANI B",75,7
810023205089,"LAVANYA D",74,8
810023205090,"SANTHIYA E",76,7
810023205091,"RANGANATHAN M",65,8
810023205092,"JAI AAKASH R",45,8
810023205093,"KARTHIKEYAN H",76,7
810023205094,"JANAHAN E",77,6
810023205095,"MANOJ C",71,8
810023205096,"YOGESH U G",73,6
810023205097,"JANARANJANI M",78,6
810023205098,"ABISHEK K",72,7
810023205099,"HARINI S",80,7
810023205100,"MARY SHALINI A",88,7
810023205101,SATHYASEELAN,55,6
810023205102,"VARSHA T",91,7
810023205103,"KISHORE R",24,5
810023205104,"AHAMED NOOR Z",70,6
810023205105,"SANGEETHA M",91,7
810023205106,"ANBUKUMAR M",67,7
810023205107,"RAVINASRI R",77,7
810023205108,"MARUTHAKUMARAN M",80,7
810023205110,MANIKANDAN,27,7
810023205111,"NAVEEN M",75,8
810023205112,"SIVABALAN S",52,6
810023205113,"KAVINRAJAN K",58,8
810023205114,"ELAIYAMUGILAN S",78,7
810023205115,"HITHESH K",75,8
810023205116,"GOKULNATH V",67,8
"Total Attendance:8"
