regno,name,ge3151_mark,ge3151_attendance
810023205059,"KALAIYARASI M",86,31
810023205060,"LOGESHKUMAR M",64,24
810023205061,"SUGANTHAN R",74,25
810023205062,"VIGNESHWARAN L",63,25
810023205063,"SANTHOSH A",71,24
810023205064,"MADHUMITHA R",57,30
810023205065,KEERTHANA,78,31
810023205066,"KEERTHANA A",86,30
810023205067,"GOMATHI R",74,31
810023205068,"KEERTHANA R",66,29
810023205069,"SARANRAJ R",67,29
810023205070,"EZHILARASAN J",60,29
810023205071,"DEEPADHARSHINI M",68,29
810023205072,"SRINITHI S",66,29
810023205073,"BHARATHI P",65,27
810023205074,"SRIBALAJI G",82,31
810023205075,"RAHUL K",35,22
810023205076,"ARJUN C",61,25
810023205077,SIVAPRASANTH,59,29
810023205078,"PRICIKA K",64,30
810023205079,"SRIMATHI J",73,31
810023205081,"ABITHADEVI R",81,28
810023205082,"MOHANRAJ V",68,27
810023205083,"JANANI S",48,27
810023205084,"AKSHAYA S",30,29
810023205085,"LAVANYA A",40,31
810023205086,"SUVARNALEKHAA N",68,25
810023205087,"KESAVAN E",60,31
810023205088,"BHAVADHARANI B",61,30
810023205089,"LAVANYA D",62,31
810023205090,"SANTHIYA E",79,31
810023205091,"RANGANATHAN M",60,27
810023205092,"JAI AAKASH R",41,27
810023205093,"KARTHIKEYAN H",60,31
810023205094,"JANAHAN E",70,26
810023205095,"MANOJ C",81,31
810023205096,"YOGESH U G",57,26
810023205097,"JANARANJANI M",69,30
810023205098,"ABISHEK K",77,30
810023205099,"HARINI S",78,31
810023205100,"MARY SHALINI A",68,30
810023205101,SATHYASEELAN,32,27
810023205102,"VARSHA T",87,31
810023205103,"KISHORE R",45,23
810023205104,"AHAMED NOOR Z",32,22
810023205105,"SANGEETHA M",69,28
810023205106,"ANBUKUMAR M",36,23
810023205107,"RAVINASRI R",63,31
810023205108,"MARUTHAKUMARAN M",56,30
810023205110,MANIKANDAN,58,31
810023205111,"NAVEEN M",62,28
810023205112,"SIVABALAN S",24,24
810023205113,"KAVINRAJAN K",51,27
810023205114,"ELAIYAMUGILAN S",57,29
810023205115,"HITHESH K",54,25
810023205116,"GOKULNATH V",39,28
"Total Attendance:31"
