regno,name,ge3271_mark,ge3271_attendance
810023205059,"KALAIYARASI M",98,60
810023205060,"LOGESHKUMAR M",92,52
810023205061,"SUGANTHAN R",80,46
810023205062,"VIGNESHWARAN L",92,56
810023205063,"SANTHOSH A",95,60
810023205064,"MADHUMITHA R",90,56
810023205065,KEERTHANA,92,60
810023205066,"KEERTHANA A",98,58
810023205067,"GOMATHI R",95,54
810023205068,"KEERTHANA R",98,54
810023205069,"SARANRAJ R",74,46
810023205070,"EZHILARASAN J",74,46
810023205071,"DEEPADHARSHINI M",98,56
810023205072,"SRINITHI S",98,60
810023205073,"BHARATHI P",71,42
810023205074,"SRIBALAJI G",74,50
810023205075,"RAHUL K",66,33
810023205076,"ARJUN C",80,54
810023205077,SIVAPRASANTH,65,39
810023205078,"PRICIKA K",98,58
810023205079,"SRIMATHI J",98,56
810023205081,"ABITHADEVI R",98,54
810023205082,"MOHANRAJ V",80,54
810023205083,"JANANI S",92,54
810023205084,"AKSHAYA S",66,42
810023205085,"LAVANYA A",69,49
810023205086,"SUVARNALEKHAA N",92,54
810023205087,"KESAVAN E",90,60
810023205088,"BHAVADHARANI B",70,46
810023205089,"LAVANYA D",98,58
810023205090,"SANTHIYA E",82,60
810023205091,"RANGANATHAN M",67,44
810023205092,"JAI AAKASH R",61,36
810023205093,"KARTHIKEYAN H",86,52
810023205094,"JANAHAN E",86,52
810023205095,"MANOJ C",80,60
810023205096,"YOGESH U G",80,56
810023205097,"JANARANJANI M",98,56
810023205098,"ABISHEK K",70,40
810023205099,"HARINI S",92,56
810023205100,"MARY SHALINI A",92,54
810023205101,SATHYASEELAN,59,20
810023205102,"VARSHA T",98,60
810023205103,"KISHORE R",70,46
810023205104,"AHAMED NOOR Z",70,42
810023205105,"SANGEETHA M",98,54
810023205106,"ANBUKUMAR M",67,42
810023205107,"RAVINASRI R",90,60
810023205108,"MARUTHAKUMARAN M",74,48
810023205110,MANIKANDAN,70,36
810023205111,"NAVEEN M",80,54
810023205112,"SIVABALAN S",74,46
810023205113,"KAVINRAJAN K",70,46
810023205114,"ELAIYAMUGILAN S",71,42
810023205115,"HITHESH K",74,46
810023205116,"GOKULNATH V",70,42
"Total Attendance:60"
