"UNIVERSITY COLLEGE OF ENGINEERING, BIT CAMPUS, ANNA UNIVERSITY,TIRUCHIRAPPALLI - 620024"
"FACULTY : Mr.C.Ramesh"
"CLASS : IT-B","SUBJECT : GE3251"
regno,name,ge3251_mark,ge3251_attendance
810023205059,"KALAIYARASI M",93,30
810023205060,"LOGESHKUMAR M",82,20
810023205061,"SUGANTHAN R",85,18
810023205062,"VIGNESHWARAN L",75,20
810023205063,"SANTHOSH A",90,28
810023205064,"MADHUMITHA R",97,30
810023205065,KEERTHANA,97,26
810023205066,"KEERTHANA A",87,24
810023205067,"GOMATHI R",93,28
810023205068,"KEERTHANA R",87,28
810023205069,"SARANRAJ R",82,22
810023205070,"EZHILARASAN J",75,18
810023205071,"DEEPADHARSHINI M",91,28
810023205072,"SRINITHI S",88,26
810023205073,"BHARATHI P",92,28
810023205074,"SRIBALAJI G",94,30
810023205075,"RAHUL K",88,20
810023205076,"ARJUN C",85,14
810023205077,SIVAPRASANTH,75,22
810023205078,"PRICIKA K",88,28
810023205079,"SRIMATHI J",96,22
810023205081,"ABITHADEVI R",87,24
810023205082,"MOHANRAJ V",85,22
810023205083,"JANANI S",87,26
810023205084,"AKSHAYA S",89,26
810023205085,"LAVANYA A",75,6
810023205086,"SUVARNALEKHAA N",98,30
810023205087,"KESAVAN E",94,24
810023205088,"BHAVADHARANI B",84,22
810023205089,"LAVANYA D",88,30
810023205090,"SANTHIYA E",89,28
810023205091,"RANGANATHAN M",75,20
810023205092,"JAI AAKASH R",76,16
810023205093,"KARTHIKEYAN H",88,24
810023205094,"JANAHAN E",84,20
810023205095,"MANOJ C",98,30
810023205096,"YOGESH U G",91,28
810023205097,"JANARANJANI M",92,30
810023205098,"ABISHEK K",81,30
810023205099,"HARINI S",96,30
810023205100,"MARY SHALINI A",94,22
810023205101,SATHYASEELAN,75,20
810023205102,"VARSHA T",94,28
810023205103,"KISHORE R",75,20
810023205104,"AHAMED NOOR Z",93,24
810023205105,"SANGEETHA M",94,24
810023205106,"ANBUKUMAR M",77,28
810023205107,"RAVINASRI R",75,26
810023205108,"MARUTHAKUMARAN M",82,24
810023205110,MANIKANDAN,75,16
810023205111,"NAVEEN M",87,30
810023205112,"SIVABALAN S",75,20
810023205113,"KAVINRAJAN K",76,20
810023205114,"ELAIYAMUGILAN S",96,26
810023205115,"HITHESH K",76,28
810023205116,"GOKULNATH V",75,22
"Total Attendance:30"
