regno,name,ge3252_attendance,ge3252_mark
810023205059,"KALAIYARASI M",8,80
810023205060,"LOGESHKUMAR M",6,77
810023205061,"SUGANTHAN R",8,68
810023205062,"VIGNESHWARAN L",5,80
810023205063,"SANTHOSH A",8,78
810023205064,"MADHUMITHA R",8,83
810023205065,KEERTHANA,8,74
810023205066,"KEERTHANA A",8,94
810023205067,"GOMATHI R",8,87
810023205068,"KEERTHANA R",7,74
810023205069,"SARANRAJ R",7,51
810023205070,"EZHILARASAN J",7,58
810023205071,"DEEPADHARSHINI M",8,74
810023205072,"SRINITHI S",8,70
810023205073,"BHARATHI P",5,67
810023205074,"SRIBALAJI G",8,68
810023205075,"RAHUL K",4,52
810023205076,"ARJUN C",5,74
810023205077,SIVAPRASANTH,6,40
810023205078,"PRICIKA K",8,63
810023205079,"SRIMATHI J",7,85
810023205081,"ABITHADEVI R",7,84
810023205082,"MOHANRAJ V",8,63
810023205083,"JANANI S",8,67
810023205084,"AKSHAYA S",6,51
810023205085,"LAVANYA A",8,56
810023205086,"SUVARNALEKHAA N",7,64
810023205087,"KESAVAN E",6,80
810023205088,"BHAVADHARANI B",4,62
810023205089,"LAVANYA D",8,68
810023205090,"SANTHIYA E",7,77
810023205091,"RANGANATHAN M",6,53
810023205092,"JAI AAKASH R",6,40
810023205093,"KARTHIKEYAN H",7,60
810023205094,"JANAHAN E",5,70
810023205095,"MANOJ C",8,68
810023205096,"YOGESH U G",8,55
810023205097,"JANARANJANI M",8,80
810023205098,"ABISHEK K",8,60
810023205099,"HARINI S",7,68
810023205100,"MARY SHALINI A",8,80
810023205101,SATHYASEELAN,3,40
810023205102,"VARSHA T",7,81
810023205103,"KISHORE R",7,62
810023205104,"AHAMED NOOR Z",7,60
810023205105,"SANGEETHA M",7,80
810023205106,"ANBUKUMAR M",3,46
810023205107,"RAVINASRI R",7,70
810023205108,"MARUTHAKUMARAN M",7,73
810023205110,MANIKANDAN,5,52
810023205111,"NAVEEN M",7,58
810023205112,"SIVABALAN S",8,49
810023205113,"KAVINRAJAN K",7,58
810023205114,"ELAIYAMUGILAN S",7,70
810023205115,"HITHESH K",7,54
810023205116,"GOKULNATH V",5,56
"Total Attendance:8"
