"UNIVERSITY COLLEGE OF ENGINEERING, BIT CAMPUS, ANNA UNIVERSITY,TIRUCHIRAPPALLI - 620024"
"FACULTY : Dr.D.Elizabeth"
"CLASS : IT-B","SUBJECT : HS3152"
regno,name,hs3152_mark,hs3152_attendance
810023205059,"KALAIYARASI M",61,28
810023205060,"LOGESHKUMAR M",60,25
810023205061,"SUGANTHAN R",68,21
810023205062,"VIGNESHWARAN L",68,26
810023205063,"SANTHOSH A",72,23
810023205064,"MADHUMITHA R",82,23
810023205065,KEERTHANA,71,28
810023205066,"KEERTHANA A",80,28
810023205067,"GOMATHI R",78,27
810023205068,"KEERTHANA R",50,23
810023205069,"SARANRAJ R",60,18
810023205070,"EZHILARASAN J",60,22
810023205071,"DEEPADHARSHINI M",72,25
810023205072,"SRINITHI S",65,24
810023205073,"BHARATHI P",64,18
810023205074,"SRIBALAJI G",50,27
810023205075,"RAHUL K",64,19
810023205076,"ARJUN C",78,17
810023205077,SIVAPRASANTH,59,21
810023205078,"PRICIKA K",64,27
810023205079,"SRIMATHI J",84,28
810023205081,"ABITHADEVI R",62,27
810023205082,"MOHANRAJ V",60,25
810023205083,"JANANI S",66,26
810023205084,"AKSHAYA S",67,25
810023205085,"LAVANYA A",71,28
810023205086,"SUVARNALEKHAA N",89,26
810023205087,"KESAVAN E",60,27
810023205088,"BHAVADHARANI B",73,26
810023205089,"LAVANYA D",54,28
810023205090,"SANTHIYA E",80,27
810023205091,"RANGANATHAN M",80,23
810023205092,"JAI AAKASH R",51,23
810023205093,"KARTHIKEYAN H",63,25
810023205094,"JANAHAN E",80,26
810023205095,"MANOJ C",75,27
810023205096,"YOGESH U G",70,26
810023205097,"JANARANJANI M",80,27
810023205098,"ABISHEK K",60,24
810023205099,"HARINI S",73,27
810023205100,"MARY SHALINI A",65,27
810023205101,SATHYASEELAN,52,17
810023205102,"VARSHA T",83,28
810023205103,"KISHORE R",63,21
810023205104,"AHAMED NOOR Z",76,20
810023205105,"SANGEETHA M",70,23
810023205106,"ANBUKUMAR M",71,17
810023205107,"RAVINASRI R",71,27
810023205108,"MARUTHAKUMARAN M",71,27
810023205110,MANIKANDAN,56,28
810023205111,"NAVEEN M",65,26
810023205112,"SIVABALAN S",52,20
810023205113,"KAVINRAJAN K",55,26
810023205114,"ELAIYAMUGILAN S",60,23
810023205115,"HITHESH K",66,25
810023205116,"GOKULNATH V",50,24
"Total Attendance:28"
