"UNIVERSITY COLLEGE OF ENGINEERING, BIT CAMPUS, ANNA UNIVERSITY,TIRUCHIRAPPALLI - 620024"
"FACULTY : Dr.D.Elizabeth"
"CLASS : IT-B","SUBJECT : HS3252"
regno,name,hs3252_attendance,hs3252_mark
810023205059,"KALAIYARASI M",16,68
810023205060,"LOGESHKUMAR M",11,73
810023205061,"SUGANTHAN R",16,76
810023205062,"VIGNESHWARAN L",9,67
810023205063,"SANTHOSH A",16,89
810023205064,"MADHUMITHA R",15,92
810023205065,KEERTHANA,16,67
810023205066,"KEERTHANA A",12,75
810023205067,"GOMATHI R",16,70
810023205068,"KEERTHANA R",12,60
810023205069,"SARANRAJ R",13,71
810023205070,"EZHILARASAN J",14,59
810023205071,"DEEPADHARSHINI M",16,70
810023205072,"SRINITHI S",16,65
810023205073,"BHARATHI P",14,78
810023205074,"SRIBALAJI G",16,67
810023205075,"RAHUL K",12,60
810023205076,"ARJUN C",14,71
810023205077,SIVAPRASANTH,14,40
810023205078,"PRICIKA K",16,69
810023205079,"SRIMATHI J",8,79
810023205081,"ABITHADEVI R",16,63
810023205082,"MOHANRAJ V",16,63
810023205083,"JANANI S",16,71
810023205084,"AKSHAYA S",15,77
810023205085,"LAVANYA A",15,58
810023205086,"SUVARNALEKHAA N",16,91
810023205087,"KESAVAN E",16,80
810023205088,"BHAVADHARANI B",13,72
810023205089,"LAVANYA D",15,69
810023205090,"SANTHIYA E",13,71
810023205091,"RANGANATHAN M",13,68
810023205092,"JAI AAKASH R",13,40
810023205093,"KARTHIKEYAN H",16,78
810023205094,"JANAHAN E",16,83
810023205095,"MANOJ C",16,90
810023205096,"YOGESH U G",13,75
810023205097,"JANARANJANI M",16,78
810023205098,"ABISHEK K",16,62
810023205099,"HARINI S",13,78
810023205100,"MARY SHALINI A",16,67
810023205101,SATHYASEELAN,10,40
810023205102,"VARSHA T",13,83
810023205103,"KISHORE R",14,66
810023205104,"AHAMED NOOR Z",13,82
810023205105,"SANGEETHA M",12,68
810023205106,"ANBUKUMAR M",9,68
810023205107,"RAVINASRI R",14,68
810023205108,"MARUTHAKUMARAN M",14,68
810023205110,MANIKANDAN,9,53
810023205111,"NAVEEN M",14,67
810023205112,"SIVABALAN S",16,50
810023205113,"KAVINRAJAN K",14,54
810023205114,"ELAIYAMUGILAN S",14,61
810023205115,"HITHESH K",14,68
810023205116,"GOKULNATH V",10,51
"Total Attendance:16"
