"UNIVERSITY COLLEGE OF ENGINEERING, BIT CAMPUS, ANNA UNIVERSITY,TIRUCHIRAPPALLI - 620024"
"FACULTY : Dr.K.Kamaraj"
"CLASS : IT-B","SUBJECT : MA3151"
regno,name,ma3151_mark,ma3151_attendance
810023205059,"KALAIYARASI M",74,31
810023205060,"LOGESHKUMAR M",45,29
810023205061,"SUGANTHAN R",89,29
810023205062,"VIGNESHWARAN L",62,29
810023205063,"SANTHOSH A",65,28
810023205064,"MADHUMITHA R",59,28
810023205065,KEERTHANA,71,31
810023205066,"KEERTHANA A",89,29
810023205067,"GOMATHI R",76,31
810023205068,"KEERTHANA R",77,26
810023205069,"SARANRAJ R",65,25
810023205070,"EZHILARASAN J",81,26
810023205071,"DEEPADHARSHINI M",94,28
810023205072,"SRINITHI S",77,28
810023205073,"BHARATHI P",88,27
810023205074,"SRIBALAJI G",57,31
810023205075,"RAHUL K",57,23
810023205076,"ARJUN C",77,27
810023205077,SIVAPRASANTH,60,26
810023205078,"PRICIKA K",67,30
810023205079,"SRIMATHI J",84,31
810023205081,"ABITHADEVI R",70,31
810023205082,"MOHANRAJ V",54,29
810023205083,"JANANI S",69,30
810023205084,"AKSHAYA S",73,24
810023205085,"LAVANYA A",50,31
810023205086,"SUVARNALEKHAA N",84,30
810023205087,"KESAVAN E",74,31
810023205088,"BHAVADHARANI B",62,30
810023205089,"LAVANYA D",63,31
810023205090,"SANTHIYA E",77,31
810023205091,"RANGANATHAN M",65,26
810023205092,"JAI AAKASH R",45,26
810023205093,"KARTHIKEYAN H",88,30
810023205094,"JANAHAN E",64,29
810023205095,"MANOJ C",64,30
810023205096,"YOGESH U G",91,31
810023205097,"JANARANJANI M",86,30
810023205098,"ABISHEK K",65,29
810023205099,"HARINI S",87,30
810023205100,"MARY SHALINI A",59,30
810023205101,SATHYASEELAN,41,19
810023205102,"VARSHA T",81,31
810023205103,"KISHORE R",52,26
810023205104,"AHAMED NOOR Z",50,22
810023205105,"SANGEETHA M",63,26
810023205106,"ANBUKUMAR M",70,24
810023205107,"RAVINASRI R",72,31
810023205108,"MARUTHAKUMARAN M",77,27
810023205110,MANIKANDAN,59,28
810023205111,"NAVEEN M",75,30
810023205112,"SIVABALAN S",46,17
810023205113,"KAVINRAJAN K",50,25
810023205114,"ELAIYAMUGILAN S",72,30
810023205115,"HITHESH K",59,31
810023205116,"GOKULNATH V",50,26
"Total Attendance:31"
