"UNIVERSITY COLLEGE OF ENGINEERING, BIT CAMPUS, ANNA UNIVERSITY,TIRUCHIRAPPALLI - 620024"
"FACULTY : Dr.R.Sebasthi Priya"
"CLASS : IT-B","SUBJECT : MA3251"
regno,name,ma3251_attendance,ma3251_mark
810023205059,"KALAIYARASI M",34,89
810023205060,"LOGESHKUMAR M",32,78
810023205061,"SUGANTHAN R",32,89
810023205062,"VIGNESHWARAN L",30,84
810023205063,"SANTHOSH A",32,80
810023205064,"MADHUMITHA R",33,99
810023205065,KEERTHANA,34,100
810023205066,"KEERTHANA A",34,98
810023205067,"GOMATHI R",34,88
810023205068,"KEERTHANA R",31,74
810023205069,"SARANRAJ R",30,60
810023205070,"EZHILARASAN J",30,71
810023205071,"DEEPADHARSHINI M",34,60
810023205072,"SRINITHI S",33,53
810023205073,"BHARATHI P",33,67
810023205074,"SRIBALAJI G",34,96
810023205075,"RAHUL K",27,40
810023205076,"ARJUN C",33,82
810023205077,SIVAPRASANTH,29,40
810023205078,"PRICIKA K",34,100
810023205079,"SRIMATHI J",33,81
810023205081,"ABITHADEVI R",32,84
810023205082,"MOHANRAJ V",33,69
810023205083,"JANANI S",33,92
810023205084,"AKSHAYA S",27,42
810023205085,"LAVANYA A",33,50
810023205086,"SUVARNALEKHAA N",33,87
810023205087,"KESAVAN E",32,86
810023205088,"BHAVADHARANI B",31,82
810023205089,"LAVANYA D",32,90
810023205090,"SANTHIYA E",33,98
810023205091,"RANGANATHAN M",29,92
810023205092,"JAI AAKASH R",28,40
810023205093,"KARTHIKEYAN H",33,92
810023205094,"JANAHAN E",32,92
810023205095,"MANOJ C",34,100
810023205096,"YOGESH U G",34,95
810023205097,"JANARANJANI M",34,84
810023205098,"ABISHEK K",33,63
810023205099,"HARINI S",33,88
810023205100,"MARY SHALINI A",34,100
810023205101,SATHYASEELAN,28,40
810023205102,"VARSHA T",33,95
810023205103,"KISHORE R",29,66
810023205104,"AHAMED NOOR Z",29,60
810023205105,"SANGEETHA M",32,96
810023205106,"ANBUKUMAR M",30,55
810023205107,"RAVINASRI R",33,92
810023205108,"MARUTHAKUMARAN M",32,58
810023205110,MANIKANDAN,32,68
810023205111,"NAVEEN M",31,99
810023205112,"SIVABALAN S",32,64
810023205113,"KAVINRAJAN K",30,58
810023205114,"ELAIYAMUGILAN S",34,74
810023205115,"HITHESH K",34,46
810023205116,"GOKULNATH V",29,52
"Total Attendance:34"
