regno,name,ph3256_attendance,ph3256_mark
810023205059,"KALAIYARASI M",24,93
810023205060,"LOGESHKUMAR M",20,61
810023205061,"SUGANTHAN R",21,74
810023205062,"VIGNESHWARAN L",22,75
810023205063,"SANTHOSH A",22,90
810023205064,"MADHUMITHA R",21,84
810023205065,KEERTHANA,24,90
810023205066,"KEERTHANA A",24,95
810023205067,"GOMATHI R",22,91
810023205068,"KEERTHANA R",22,71
810023205069,"SARANRAJ R",22,42
810023205070,"EZHILARASAN J",22,50
810023205071,"DEEPADHARSHINI M",22,75
810023205072,"SRINITHI S",22,70
810023205073,"BHARATHI P",21,66
810023205074,"SRIBALAJI G",24,55
810023205075,"RAHUL K",18,60
810023205076,"ARJUN C",24,70
810023205077,SIVAPRASANTH,17,30
810023205078,"PRICIKA K",24,64
810023205079,"SRIMATHI J",24,80
810023205081,"ABITHADEVI R",23,85
810023205082,"MOHANRAJ V",21,61
810023205083,"JANANI S",24,65
810023205084,"AKSHAYA S",20,65
810023205085,"LAVANYA A",22,61
810023205086,"SUVARNALEKHAA N",24,74
810023205087,"KESAVAN E",24,70
810023205088,"BHAVADHARANI B",19,55
810023205089,"LAVANYA D",21,95
810023205090,"SANTHIYA E",21,80
810023205091,"RANGANATHAN M",17,53
810023205092,"JAI AAKASH R",17,30
810023205093,"KARTHIKEYAN H",22,65
810023205094,"JANAHAN E",22,76
810023205095,"MANOJ C",24,73
810023205096,"YOGESH U G",24,61
810023205097,"JANARANJANI M",24,86
810023205098,"ABISHEK K",22,44
810023205099,"HARINI S",20,78
810023205100,"MARY SHALINI A",24,93
810023205101,SATHYASEELAN,15,0
810023205102,"VARSHA T",22,100
810023205103,"KISHORE R",21,70
810023205104,"AHAMED NOOR Z",17,82
810023205105,"SANGEETHA M",22,90
810023205106,"ANBUKUMAR M",18,45
810023205107,"RAVINASRI R",23,90
810023205108,"MARUTHAKUMARAN M",22,62
810023205110,MANIKANDAN,16,42
810023205111,"NAVEEN M",24,86
810023205112,"SIVABALAN S",20,40
810023205113,"KAVINRAJAN K",22,50
810023205114,"ELAIYAMUGILAN S",21,56
810023205115,"HITHESH K",22,68
810023205116,"GOKULNATH V",17,30
"Total Attendance:24"
