regno,name,ph3151_mark,ph3151_attendance
810023205059,"KALAIYARASI M",85,26
810023205060,"LOGESHKUMAR M",73,21
810023205061,"SUGANTHAN R",80,23
810023205062,"VIGNESHWARAN L",77,21
810023205063,"SANTHOSH A",83,24
810023205064,"MADHUMITHA R",62,26
810023205065,KEERTHANA,90,26
810023205066,"KEERTHANA A",90,26
810023205067,"GOMATHI R",87,25
810023205068,"KEERTHANA R",78,25
810023205069,"SARANRAJ R",40,23
810023205070,"EZHILARASAN J",71,23
810023205071,"DEEPADHARSHINI M",62,24
810023205072,"SRINITHI S",75,24
810023205073,"BHARATHI P",81,24
810023205074,"SRIBALAJI G",84,26
810023205075,"RAHUL K",45,19
810023205076,"ARJUN C",83,23
810023205077,SIVAPRASANTH,77,22
810023205078,"PRICIKA K",75,24
810023205079,"SRIMATHI J",86,26
810023205081,"ABITHADEVI R",76,24
810023205082,"MOHANRAJ V",67,24
810023205083,"JANANI S",64,24
810023205084,"AKSHAYA S",52,18
810023205085,"LAVANYA A",71,26
810023205086,"SUVARNALEKHAA N",70,25
810023205087,"KESAVAN E",85,23
810023205088,"BHAVADHARANI B",78,23
810023205089,"LAVANYA D",83,26
810023205090,"SANTHIYA E",85,26
810023205091,"RANGANATHAN M",78,22
810023205092,"JAI AAKASH R",58,23
810023205093,"KARTHIKEYAN H",66,25
810023205094,"JANAHAN E",75,24
810023205095,"MANOJ C",76,24
810023205096,"YOGESH U G",81,22
810023205097,"JANARANJANI M",75,25
810023205098,"ABISHEK K",86,24
810023205099,"HARINI S",80,25
810023205100,"MARY SHALINI A",83,26
810023205101,SATHYASEELAN,40,18
810023205102,"VARSHA T",88,26
810023205103,"KISHORE R",66,22
810023205104,"AHAMED NOOR Z",40,16
810023205105,"SANGEETHA M",77,25
810023205106,"ANBUKUMAR M",54,16
810023205107,"RAVINASRI R",88,26
810023205108,"MARUTHAKUMARAN M",80,25
810023205110,MANIKANDAN,96,25
810023205111,"NAVEEN M",75,25
810023205112,"SIVABALAN S",65,20
810023205113,"KAVINRAJAN K",60,23
810023205114,"ELAIYAMUGILAN S",80,26
810023205115,"HITHESH K",66,24
810023205116,"GOKULNATH V",60,23
"Total Attendance:26"
