regno,name,ma3151_mark,ma3151_attendance
810023114053,"MATHEW UDHAYACHANDRAN",78,30
810023114054,"AKASH M K",84,29
810023114055,"BARATH KUMARAN E",73,26
810023114056,"THIRUMOORTHI A",85,30
810023114057,"DHARANI T",70,22
810023114058,"MOHAMED REAYAS A",70,22
810023114059,"DEVANESAN B",84,27
810023114060,"SRIDHAR T",70,22
810023114061,"SATHISH KUMAR G",98,29
810023114062,"JEGATHEESWARAN T",75,16
810023114063,"HARI PRASATH P",70,29
810023114064,"MOUNIKA M",73,22
810023114065,"KRISHNAKUMAR S",80,18
810023114066,"PON AKASH P",78,28
810023114067,"ATHARSH P",83,29
810023114068,"MANIKANDAN K",79,24
810023114069,"KAVIARASAN T",86,30
810023114070,"DHILIP A",81,28
810023114071,"MAHADEVAN V",71,27
810023114072,"PRABANJAN P S",88,30
810023114073,"NAVEEN KUMAR R",78,23
810023114074,"SUTHARSAN B",77,17
810023114075,"AKASH M",85,28
810023114076,"VIKRAM S",70,18
810023114077,"VISHNU S",85,26
810023114078,"LENISH P",83,28
810023114079,"BALAJI V",81,30
810023114080,"BALA CHANDAR P",81,24
810023114081,"GOKUL A",86,20
810023114082,"JANA MURUGAPPA M",83,30
810023114083,"ROSHAN FARITH S",88,24
810023114084,"SIVABALAN K",86,24
810023114085,"VIJAYARAJ K R",84,30
810023114086,"SHANMUGANATHAN S",88,25
810023114087,"NISHANTH KUMAR K",84,22
810023114088,"NARESHKUMAR S",81,25
810023114089,"GOBINATH R",89,29
810023114090,"AMALESH A",78,24
810023114091,"AATHIKESAVAN K",71,27
810023114092,"SAMITH KANNA R",70,28
810023114093,"BOOBALAN R",87,24
810023114094,"NAVEEN B",88,29
810023114096,"DEV ANAND K",89,29
810023114097,"VIGNESH K",72,26
810023114098,"JEEVANANTHAM M",78,30
810023114099,"JAMERAJ S",78,28
810023114100,"RAKESHKUMAR M",74,18
810023114102,"ALAGUPRIYAN A",70,22
810023114103,"PASUPATHI T",71,25
810023114104,"SANTHOSH M",70,23
810023114105,"YOGAGNANASAMBANTHAN N",76,30
810023114106,"INBARASAN K",75,25
"Total Attendance:30"
