"UNIVERSITY COLLEGE OF ENGINEERING, BIT CAMPUS, ANNA UNIVERSITY,TIRUCHIRAPPALLI - 620024"
"FACULTY : Dr.K.Renuka"
"CLASS : MECHANICAL-A","SUBJECT : GE3272"
regno,name,ge3272_mark,ge3272_attendance
810023114001,"ACACIO D",80,40
810023114002,"SAMBATHKUMAR M",85,52
810023114004,"SANKARANARAYANAN G",85,44
810023114005,"RATHNA R",80,52
810023114006,"MUGESH K",90,40
810023114007,"RAHUL R",95,60
810023114008,"MOHAMED SHAFIK R",80,60
810023114009,"JAYARAJ A",80,60
810023114010,"SUDHAKARAN S",75,48
810023114011,"SAKTHIVEL V",75,36
810023114012,"SANJAY K",95,44
810023114013,"BHUVANESAN NV",75,48
810023114014,"PERIYA ARASU M",80,56
810023114015,"GIRIDHARAN G",80,46
810023114016,"DHARSHINI M",95,52
810023114017,"MAGI AGNUS P",75,40
810023114018,"RAJADURAI D",70,56
810023114019,"SUSHVANTH S",95,54
810023114020,"RANJITH M",85,44
810023114021,"KAMALAKKANNAN P",75,52
810023114022,"SUBRAMANI K",70,60
810023114023,"MOHANSELVAKUMAR P",75,48
810023114024,"BALAJI K",85,60
810023114025,"MUGESH S",90,52
810023114026,"NISHANTH S",80,56
810023114027,"NITHIN S",75,52
810023114028,"BEER MOHAMED N",85,38
810023114029,"BOOBALAN E",70,56
810023114030,"VIGNESHWARAN S",75,52
810023114031,"BHARANIVASAN T",100,56
810023114032,"ROHESHWARAN S",95,56
810023114033,"KAVI BHARATHI M",85,52
810023114034,"DHINESHKUMAR G",80,56
810023114035,"MOHAN G",75,36
810023114036,"HARIGOVINDAN S",75,36
810023114037,"SURAJ R",75,44
810023114038,"AUSTIN S",70,52
810023114039,"VINOTH KUMAR M",85,48
810023114040,"KARTHIKEYAN B",80,52
810023114041,"RAKSHITHA V",95,40
810023114042,"SURJITH R S",80,52
810023114043,"JEEVAA M",85,56
810023114044,"MITHUN S",85,60
810023114045,"BHARANIMUTHU V",80,56
810023114046,"GURUMOORTHI M",85,56
810023114047,"AKASH B",90,52
810023114048,"PRAVINKUMAR B",80,38
810023114049,"SHANJAI SRI RAM S",85,48
810023114050,"RATHINAVEL S",90,52
810023114051,"PREMKUMAR S",90,52
810023114052,"THASEER ALI J",75,52
"Total Attendance:60"
