"UNIVERSITY COLLEGE OF ENGINEERING, BIT CAMPUS, ANNA UNIVERSITY,TIRUCHIRAPPALLI - 620024"
"FACULTY : Dr.M.Chandrasekaran"
"CLASS : MECHANICAL-TM","SUBJECT : GE3252"
regno,name,ge3252_attendance,ge3252_mark
810023127001,"AMUDHAN S",4,4
810023127002,"SEVVELJAYAM S",5,51
810023127004,"ASHWIN G",0,AB
810023127005,"NAWINKUMAAR V",8,50
810023127006,"XAVIER AKASH A",8,50
810023127007,"KAVEENA M",8,62
810023127008,"NAVEEN S",6,62
810023127009,"BALAKRISHNAN R",8,70
810023127011,"DHANARANGAN R",6,62
810023127012,"SAKTHIVEL P",7,40
810023127013,"PUNITH S",8,50
810023127016,"SHAMEER AKTHAR S",7,50
"Total Attendance:8"
