"UNIVERSITY COLLEGE OF ENGINEERING, BIT CAMPUS, ANNA UNIVERSITY,TIRUCHIRAPPALLI - 620024"
"FACULTY : Mr.M. Vasantha Kumar"
"CLASS : MECHANICAL-TM","SUBJECT : BE3271"
regno,name,be3271_mark,be3271_attendance
810023127001,"AMUDHAN S",80,39
810023127002,"SEVVELJAYAM S",80,48
810023127004,"ASHWIN G",0,0
810023127005,"NAWINKUMAAR V",80,47
810023127006,"XAVIER AKASH A",80,51
810023127007,"KAVEENA M",100,56
810023127008,"NAVEEN S",85,55
810023127009,"BALAKRISHNAN R",90,48
810023127011,"DHANARANGAN R",80,44
810023127012,"SAKTHIVEL P",80,44
810023127013,"PUNITH S",80,48
810023127016,"SHAMEER AKTHAR S",100,59
"Total Attendance:60"
