"UNIVERSITY COLLEGE OF ENGINEERING, BIT CAMPUS, ANNA UNIVERSITY,TIRUCHIRAPPALLI - 620024"
"FACULTY : Mrs.P.Abirama Sundari"
"CLASS : MECHANICAL-B","SUBJECT : GE3171"
regno,name,ge3171_mark,ge3171_attendance
810023114053,"MATHEW UDHAYACHANDRAN",100,56
810023114054,"AKASH M K",90,50
810023114055,"BARATH KUMARAN E",60,42
810023114056,"THIRUMOORTHI A",85,60
810023114057,"DHARANI T",84,60
810023114058,"MOHAMED REAYAS A",50,54
810023114059,"DEVANESAN B",90,54
810023114060,"SRIDHAR T",78,56
810023114061,"SATHISH KUMAR G",100,60
810023114062,"JEGATHEESWARAN T",50,44
810023114063,"HARI PRASATH P",60,54
810023114064,"MOUNIKA M",88,56
810023114065,"KRISHNAKUMAR S",62,52
810023114066,"PON AKASH P",82,56
810023114067,"ATHARSH P",65,54
810023114068,"MANIKANDAN K",50,52
810023114069,"KAVIARASAN T",90,52
810023114070,"DHILIP A",65,54
810023114071,"MAHADEVAN V",60,58
810023114072,"PRABANJAN P S",90,56
810023114073,"NAVEEN KUMAR R",80,52
810023114074,"SUTHARSAN B",65,40
810023114075,"AKASH M",86,54
810023114076,"VIKRAM S",50,48
810023114077,"VISHNU S",70,52
810023114078,"LENISH P",85,52
810023114079,"BALAJI V",65,56
810023114080,"BALA CHANDAR P",65,50
810023114081,"GOKUL A",50,42
810023114082,"JANA MURUGAPPA M",50,58
810023114083,"ROSHAN FARITH S",100,52
810023114084,"SIVABALAN K",50,52
810023114085,"VIJAYARAJ K R",85,58
810023114086,"SHANMUGANATHAN S",50,50
810023114087,"NISHANTH KUMAR K",50,56
810023114088,"NARESHKUMAR S",50,50
810023114089,"GOBINATH R",60,54
810023114090,"AMALESH A",57,52
810023114091,"AATHIKESAVAN K",50,54
810023114092,"SAMITH KANNA R",52,52
810023114093,"BOOBALAN R",55,42
810023114094,"NAVEEN B",65,58
810023114096,"DEV ANAND K",65,56
810023114097,"VIGNESH K",54,56
810023114098,"JEEVANANTHAM M",60,58
810023114099,"JAMERAJ S",60,48
810023114100,"RAKESHKUMAR M",50,36
810023114102,"ALAGUPRIYAN A",50,34
810023114103,"PASUPATHI T",85,50
810023114104,"SANTHOSH M",50,48
810023114105,"YOGAGNANASAMBANTHAN N",100,60
810023114106,"INBARASAN K",55,58
"Total Attendance:60"
