"UNIVERSITY COLLEGE OF ENGINEERING, BIT CAMPUS, ANNA UNIVERSITY,TIRUCHIRAPPALLI - 620024"
"FACULTY : Mrs.P.Abirama Sundari"
"CLASS : MECHANICAL-A","SUBJECT : GE3171"
regno,name,ge3171_mark,ge3171_attendance
810023114001,"ACACIO D",54,55
810023114002,"SAMBATHKUMAR M",59,56
810023114003,"ABINATH K",ab,28
810023114004,"SANKARANARAYANAN G",50,48
810023114005,"RATHNA R",100,56
810023114006,"MUGESH K",85,56
810023114007,"RAHUL R",100,60
810023114008,"MOHAMED SHAFIK R",96,60
810023114009,"JAYARAJ A",63,60
810023114010,"SUDHAKARAN S",88,56
810023114011,"SAKTHIVEL V",90,52
810023114012,"SANJAY K",100,58
810023114013,"BHUVANESAN NV",60,56
810023114014,"PERIYA ARASU M",100,56
810023114015,"GIRIDHARAN G",65,50
810023114016,"DHARSHINI M",100,60
810023114017,"MAGI AGNUS P",45,46
810023114018,"RAJADURAI D",75,58
810023114019,"SUSHVANTH S",100,60
810023114020,"RANJITH M",70,48
810023114021,"KAMALAKKANNAN P",50,54
810023114022,"SUBRAMANI K",100,56
810023114023,"MOHANSELVAKUMAR P",55,52
810023114024,"BALAJI K",80,58
810023114025,"MUGESH S",80,54
810023114026,"NISHANTH S",80,56
810023114027,"NITHIN S",50,54
810023114028,"BEER MOHAMED N",100,58
810023114029,"BOOBALAN E",58,56
810023114030,"VIGNESHWARAN S",56,56
810023114031,"BHARANIVASAN T",100,58
810023114032,"ROHESHWARAN S",100,60
810023114033,"KAVI BHARATHI M",100,58
810023114034,"DHINESHKUMAR G",100,60
810023114035,"MOHAN G",55,52
810023114036,"HARIGOVINDAN S",55,46
810023114037,"SURAJ R",55,56
810023114038,"AUSTIN S",50,48
810023114039,"VINOTH KUMAR M",65,54
810023114040,"KARTHIKEYAN B",95,54
810023114041,"RAKSHITHA V",65,56
810023114042,"SURJITH R S",100,56
810023114043,"JEEVAA M",78,60
810023114044,"MITHUN S",65,58
810023114045,"BHARANIMUTHU V",60,52
810023114046,"GURUMOORTHI M",80,58
810023114047,"AKASH B",65,55
810023114048,"PRAVINKUMAR B",100,58
810023114049,"SHANJAI SRI RAM S",68,54
810023114050,"RATHINAVEL S",95,60
810023114051,"PREMKUMAR S",65,60
810023114052,"THASEER ALI J",50,48
"Total Attendance:60"
