"UNIVERSITY COLLEGE OF ENGINEERING, BIT CAMPUS, ANNA UNIVERSITY,TIRUCHIRAPPALLI - 620024"
"FACULTY :  Dr.K.Renuka"
"CLASS : MECHANICAL-B","SUBJECT : GE3172"
regno,name,ge3172_mark,ge3172_attendance
810023114053,"MATHEW UDHAYACHANDRAN",86,22
810023114054,"AKASH M K",76,20
810023114055,"BARATH KUMARAN E",93,26
810023114056,"THIRUMOORTHI A",73,29
810023114057,"DHARANI T",91,26
810023114058,"MOHAMED REAYAS A",77,19
810023114059,"DEVANESAN B",81,22
810023114060,"SRIDHAR T",77,20
810023114061,"SATHISH KUMAR G",97,24
810023114062,"JEGATHEESWARAN T",59,19
810023114063,"HARI PRASATH P",91,25
810023114064,"MOUNIKA M",89,25
810023114065,"KRISHNAKUMAR S",71,17
810023114066,"PON AKASH P",87,25
810023114067,"ATHARSH P",91,25
810023114068,"MANIKANDAN K",83,25
810023114069,"KAVIARASAN T",89,20
810023114070,"DHILIP A",90,24
810023114071,"MAHADEVAN V",84,20
810023114072,"PRABANJAN P S",90,26
810023114073,"NAVEEN KUMAR R",80,19
810023114074,"SUTHARSAN B",51,10
810023114075,"AKASH M",93,26
810023114076,"VIKRAM S",51,12
810023114077,"VISHNU S",84,25
810023114078,"LENISH P",86,23
810023114079,"BALAJI V",87,23
810023114080,"BALA CHANDAR P",64,20
810023114081,"GOKUL A",91,20
810023114082,"JANA MURUGAPPA M",91,26
810023114083,"ROSHAN FARITH S",90,21
810023114084,"SIVABALAN K",77,22
810023114085,"VIJAYARAJ K R",97,30
810023114086,"SHANMUGANATHAN S",84,19
810023114087,"NISHANTH KUMAR K",86,22
810023114088,"NARESHKUMAR S",64,22
810023114089,"GOBINATH R",86,20
810023114090,"AMALESH A",76,20
810023114091,"AATHIKESAVAN K",81,21
810023114092,"SAMITH KANNA R",83,22
810023114093,"BOOBALAN R",51,12
810023114094,"NAVEEN B",77,22
810023114096,"DEV ANAND K",87,23
810023114097,"VIGNESH K",51,17
810023114098,"JEEVANANTHAM M",90,29
810023114099,"JAMERAJ S",79,22
810023114100,"RAKESHKUMAR M",51,6
810023114102,"ALAGUPRIYAN A",51,12
810023114103,"PASUPATHI T",86,24
810023114104,"SANTHOSH M",51,14
810023114105,"YOGAGNANASAMBANTHAN N",94,28
810023114106,"INBARASAN K",86,25
"Total Attendance:30"
