regno,name,be3271_mark,be3271_attendance
810023114001,"ACACIO D",92,56
810023114002,"SAMBATHKUMAR M",92,60
810023114004,"SANKARANARAYANAN G",95,52
810023114005,"RATHNA R",95,56
810023114006,"MUGESH K",90,52
810023114007,"RAHUL R",95,60
810023114008,"MOHAMED SHAFIK R",95,60
810023114009,"JAYARAJ A",95,60
810023114010,"SUDHAKARAN S",95,56
810023114011,"SAKTHIVEL V",80,44
810023114012,"SANJAY K",85,48
810023114013,"BHUVANESAN NV",85,52
810023114014,"PERIYA ARASU M",90,60
810023114015,"GIRIDHARAN G",88,52
810023114016,"DHARSHINI M",80,56
810023114017,"MAGI AGNUS P",80,58
810023114018,"RAJADURAI D",90,52
810023114019,"SUSHVANTH S",90,56
810023114020,"RANJITH M",88,56
810023114021,"KAMALAKKANNAN P",75,36
810023114022,"SUBRAMANI K",95,60
810023114023,"MOHANSELVAKUMAR P",85,52
810023114024,"BALAJI K",92,60
810023114025,"MUGESH S",82,56
810023114026,"NISHANTH S",78,48
810023114027,"NITHIN S",78,48
810023114028,"BEER MOHAMED N",70,44
810023114029,"BOOBALAN E",78,48
810023114030,"VIGNESHWARAN S",90,60
810023114031,"BHARANIVASAN T",100,60
810023114032,"ROHESHWARAN S",92,60
810023114033,"KAVI BHARATHI M",88,52
810023114034,"DHINESHKUMAR G",88,56
810023114035,"MOHAN G",75,36
810023114036,"HARIGOVINDAN S",78,40
810023114037,"SURAJ R",78,48
810023114038,"AUSTIN S",78,40
810023114039,"VINOTH KUMAR M",92,60
810023114040,"KARTHIKEYAN B",90,60
810023114041,"RAKSHITHA V",85,52
810023114042,"SURJITH R S",80,48
810023114043,"JEEVAA M",90,60
810023114044,"MITHUN S",90,60
810023114045,"BHARANIMUTHU V",88,56
810023114046,"GURUMOORTHI M",88,56
810023114047,"AKASH B",90,56
810023114048,"PRAVINKUMAR B",85,52
810023114049,"SHANJAI SRI RAM S",85,56
810023114050,"RATHINAVEL S",90,60
810023114051,"PREMKUMAR S",90,60
810023114052,"THASEER ALI J",85,52
"Total Attendance:60"
