"UNIVERSITY COLLEGE OF ENGINEERING, BIT CAMPUS, ANNA UNIVERSITY,TIRUCHIRAPPALLI - 620024"
"FACULTY : Mrs.S.Menaka"
"CLASS : MECHANICAL-TM","SUBJECT : MA3251"
regno,name,ma3251_attendance,ma3251_mark
810023127001,"AMUDHAN S",25,85
810023127002,"SEVVELJAYAM S",20,82
810023127004,"ASHWIN G",26,84
810023127005,"NAWINKUMAAR V",26,88
810023127006,"XAVIER AKASH A",26,83
810023127007,"KAVEENA M",29,95
810023127008,"NAVEEN S",28,82
810023127009,"BALAKRISHNAN R",28,85
810023127011,"DHANARANGAN R",26,85
810023127012,"SAKTHIVEL P",24,85
810023127013,"PUNITH S",26,80
810023127016,"SHAMEER AKTHAR S",25,82
"Total Attendance:30"
