"UNIVERSITY COLLEGE OF ENGINEERING, BIT CAMPUS, ANNA UNIVERSITY,TIRUCHIRAPPALLI - 620024"
"FACULTY : Dr.D.Elizabeth"
"CLASS : MECHANICAL-TM","SUBJECT : HS3252"
regno,name,hs3252_attendance,hs3252_mark
810023127001,"AMUDHAN S",8,43
810023127002,"SEVVELJAYAM S",10,42
810023127004,"ASHWIN G",0,AB
810023127005,"NAWINKUMAAR V",13,56
810023127006,"XAVIER AKASH A",15,50
810023127007,"KAVEENA M",16,61
810023127008,"NAVEEN S",14,65
810023127009,"BALAKRISHNAN R",15,62
810023127011,"DHANARANGAN R",10,45
810023127012,"SAKTHIVEL P",14,40
810023127013,"PUNITH S",13,50
810023127016,"SHAMEER AKTHAR S",8,61
"Total Attendance:16"
