regno,name,ge3251_attendance,ge3251_mark
810023114001,"ACACIO D",54,20
810023114002,"SAMBATHKUMAR M",54,30
810023114004,"SANKARANARAYANAN G",48,34
810023114005,"RATHNA R",54,55
810023114006,"MUGESH K",48,40
810023114007,"RAHUL R",54,56
810023114008,"MOHAMED SHAFIK R",54,48
810023114009,"JAYARAJ A",52,43
810023114010,"SUDHAKARAN S",52,29
810023114011,"SAKTHIVEL V",42,5
810023114012,"SANJAY K",48,34
810023114013,"BHUVANESAN NV",54,30
810023114014,"PERIYA ARASU M",44,43
810023114015,"GIRIDHARAN G",42,40
810023114016,"DHARSHINI M",54,56
810023114017,"MAGI AGNUS P",34,4
810023114018,"RAJADURAI D",54,32
810023114019,"SUSHVANTH S",48,49
810023114020,"RANJITH M",48,37
810023114021,"KAMALAKKANNAN P",50,6
810023114022,"SUBRAMANI K",54,52
810023114023,"MOHANSELVAKUMAR P",50,29
810023114024,"BALAJI K",54,43
810023114025,"MUGESH S",46,33
810023114026,"NISHANTH S",50,0
810023114027,"NITHIN S",52,2
810023114028,"BEER MOHAMED N",44,36
810023114029,"BOOBALAN E",50,0
810023114030,"VIGNESHWARAN S",50,35
810023114031,"BHARANIVASAN T",54,82
810023114032,"ROHESHWARAN S",54,52
810023114033,"KAVI BHARATHI M",50,33
810023114034,"DHINESHKUMAR G",48,32
810023114035,"MOHAN G",46,24
810023114036,"HARIGOVINDAN S",50,47
810023114037,"SURAJ R",50,34
810023114038,"AUSTIN S",46,20
810023114039,"VINOTH KUMAR M",52,25
810023114040,"KARTHIKEYAN B",50,45
810023114041,"RAKSHITHA V",46,6
810023114042,"SURJITH R S",48,35
810023114043,"JEEVAA M",54,29
810023114044,"MITHUN S",54,38
810023114045,"BHARANIMUTHU V",54,38
810023114046,"GURUMOORTHI M",54,37
810023114047,"AKASH B",50,92
810023114048,"PRAVINKUMAR B",50,39
810023114049,"SHANJAI SRI RAM S",50,41
810023114050,"RATHINAVEL S",48,40
810023114051,"PREMKUMAR S",50,43
810023114052,"THASEER ALI J",52,0
"Total Attendance:54"
