regno,name,ma3151_mark,ma3151_attendance
810023114001,"ACACIO D",70,26
810023114002,"SAMBATHKUMAR M",74,30
810023114003,"ABINATH K",70,0
810023114004,"SANKARANARAYANAN G",74,26
810023114005,"RATHNA R",81,30
810023114006,"MUGESH K",79,29
810023114007,"RAHUL R",85,30
810023114008,"MOHAMED SHAFIK R",82,30
810023114009,"JAYARAJ A",72,30
810023114010,"SUDHAKARAN S",74,26
810023114011,"SAKTHIVEL V",74,21
810023114012,"SANJAY K",84,27
810023114013,"BHUVANESAN NV",79,29
810023114014,"PERIYA ARASU M",78,30
810023114015,"GIRIDHARAN G",74,28
810023114016,"DHARSHINI M",98,27
810023114017,"MAGI AGNUS P",78,15
810023114018,"RAJADURAI D",79,26
810023114019,"SUSHVANTH S",88,29
810023114020,"RANJITH M",74,28
810023114021,"KAMALAKKANNAN P",74,21
810023114022,"SUBRAMANI K",77,30
810023114023,"MOHANSELVAKUMAR P",74,26
810023114024,"BALAJI K",75,29
810023114025,"MUGESH S",78,28
810023114026,"NISHANTH S",70,20
810023114027,"NITHIN S",77,17
810023114028,"BEER MOHAMED N",77,28
810023114029,"BOOBALAN E",72,29
810023114030,"VIGNESHWARAN S",70,28
810023114031,"BHARANIVASAN T",74,28
810023114032,"ROHESHWARAN S",77,30
810023114033,"KAVI BHARATHI M",71,30
810023114034,"DHINESHKUMAR G",70,30
810023114035,"MOHAN G",74,19
810023114036,"HARIGOVINDAN S",71,23
810023114037,"SURAJ R",70,25
810023114038,"AUSTIN S",79,27
810023114039,"VINOTH KUMAR M",75,29
810023114040,"KARTHIKEYAN B",72,22
810023114041,"RAKSHITHA V",71,27
810023114042,"SURJITH R S",76,26
810023114043,"JEEVAA M",73,30
810023114044,"MITHUN S",74,28
810023114045,"BHARANIMUTHU V",70,26
810023114046,"GURUMOORTHI M",75,30
810023114047,"AKASH B",70,24
810023114048,"PRAVINKUMAR B",74,27
810023114049,"SHANJAI SRI RAM S",71,30
810023114050,"RATHINAVEL S",76,27
810023114051,"PREMKUMAR S",78,29
810023114052,"THASEER ALI J",70,27
"Total Attendance:30"
