"UNIVERSITY COLLEGE OF ENGINEERING, BIT CAMPUS, ANNA UNIVERSITY,TIRUCHIRAPPALLI - 620024"
"FACULTY : Dr.K.Murugesan"
"CLASS : MECHANICAL-A","SUBJECT : GE3152"
regno,name,ge3152_mark,ge3152_attendance
810023114001,"ACACIO D",56,5
810023114002,"SAMBATHKUMAR M",50,7
810023114003,"ABINATH K",AB,0
810023114004,"SANKARANARAYANAN G",60,6
810023114005,"RATHNA R",80,7
810023114006,"MUGESH K",73,6
810023114007,"RAHUL R",87,7
810023114008,"MOHAMED SHAFIK R",87,7
810023114009,"JAYARAJ A",80,7
810023114010,"SUDHAKARAN S",90,7
810023114011,"SAKTHIVEL V",53,7
810023114012,"SANJAY K",87,6
810023114013,"BHUVANESAN NV",66,5
810023114014,"PERIYA ARASU M",87,6
810023114015,"GIRIDHARAN G",60,6
810023114016,"DHARSHINI M",91,7
810023114017,"MAGI AGNUS P",51,5
810023114018,"RAJADURAI D",84,6
810023114019,"SUSHVANTH S",71,5
810023114020,"RANJITH M",76,5
810023114021,"KAMALAKKANNAN P",63,6
810023114022,"SUBRAMANI K",86,5
810023114023,"MOHANSELVAKUMAR P",74,6
810023114024,"BALAJI K",70,6
810023114025,"MUGESH S",73,6
810023114026,"NISHANTH S",70,6
810023114027,"NITHIN S",50,5
810023114028,"BEER MOHAMED N",65,6
810023114029,"BOOBALAN E",85,7
810023114030,"VIGNESHWARAN S",72,6
810023114031,"BHARANIVASAN T",70,6
810023114032,"ROHESHWARAN S",66,6
810023114033,"KAVI BHARATHI M",70,6
810023114034,"DHINESHKUMAR G",70,7
810023114035,"MOHAN G",65,6
810023114036,"HARIGOVINDAN S",65,6
810023114037,"SURAJ R",77,7
810023114038,"AUSTIN S",70,6
810023114039,"VINOTH KUMAR M",63,6
810023114040,"KARTHIKEYAN B",70,6
810023114041,"RAKSHITHA V",88,7
810023114042,"SURJITH R S",71,5
810023114043,"JEEVAA M",70,7
810023114044,"MITHUN S",82,7
810023114045,"BHARANIMUTHU V",64,6
810023114046,"GURUMOORTHI M",73,6
810023114047,"AKASH B",66,6
810023114048,"PRAVINKUMAR B",81,6
810023114049,"SHANJAI SRI RAM S",72,6
810023114050,"RATHINAVEL S",80,5
810023114051,"PREMKUMAR S",73,6
810023114052,"THASEER ALI J",51,7
"Total Attendance:7"
