"UNIVERSITY COLLEGE OF ENGINEERING, BIT CAMPUS, ANNA UNIVERSITY,TIRUCHIRAPPALLI - 620024"
"FACULTY : Dr.K.Renuka"
"CLASS : MECHANICAL-A","SUBJECT : HS3252"
regno,name,hs3252_attendance,hs3252_mark
810023114001,"ACACIO D",9,57
810023114002,"SAMBATHKUMAR M",10,50
810023114004,"SANKARANARAYANAN G",10,68
810023114005,"RATHNA R",10,66
810023114006,"MUGESH K",8,66
810023114007,"RAHUL R",10,79
810023114008,"MOHAMED SHAFIK R",10,64
810023114009,"JAYARAJ A",9,68
810023114010,"SUDHAKARAN S",10,47
810023114011,"SAKTHIVEL V",7,55
810023114012,"SANJAY K",8,70
810023114013,"BHUVANESAN NV",8,61
810023114014,"PERIYA ARASU M",10,61
810023114015,"GIRIDHARAN G",8,62
810023114016,"DHARSHINI M",7,78
810023114017,"MAGI AGNUS P",7,66
810023114018,"RAJADURAI D",10,59
810023114019,"SUSHVANTH S",10,91
810023114020,"RANJITH M",8,62
810023114021,"KAMALAKKANNAN P",10,60
810023114022,"SUBRAMANI K",10,66
810023114023,"MOHANSELVAKUMAR P",7,58
810023114024,"BALAJI K",10,70
810023114025,"MUGESH S",8,60
810023114026,"NISHANTH S",10,64
810023114027,"NITHIN S",10,54
810023114028,"BEER MOHAMED N",7,75
810023114029,"BOOBALAN E",10,66
810023114030,"VIGNESHWARAN S",9,73
810023114031,"BHARANIVASAN T",10,92
810023114032,"ROHESHWARAN S",10,70
810023114033,"KAVI BHARATHI M",8,73
810023114034,"DHINESHKUMAR G",10,65
810023114035,"MOHAN G",8,64
810023114036,"HARIGOVINDAN S",8,67
810023114037,"SURAJ R",8,77
810023114038,"AUSTIN S",8,45
810023114039,"VINOTH KUMAR M",8,70
810023114040,"KARTHIKEYAN B",8,86
810023114041,"RAKSHITHA V",10,85
810023114042,"SURJITH R S",9,73
810023114043,"JEEVAA M",10,58
810023114044,"MITHUN S",10,58
810023114045,"BHARANIMUTHU V",8,52
810023114046,"GURUMOORTHI M",9,59
810023114047,"AKASH B",8,64
810023114048,"PRAVINKUMAR B",7,61
810023114049,"SHANJAI SRI RAM S",9,63
810023114050,"RATHINAVEL S",10,75
810023114051,"PREMKUMAR S",10,60
810023114052,"THASEER ALI J",7,51
"Total Attendance:10"
