regno,name,ge3251_attendance,ge3251_mark
810023114053,"MATHEW UDHAYACHANDRAN",30,41
810023114054,"AKASH M K",24,40
810023114055,"BARATH KUMARAN E",36,40
810023114056,"THIRUMOORTHI A",44,42
810023114057,"DHARANI T",32,66
810023114058,"MOHAMED REAYAS A",38,50
810023114059,"DEVANESAN B",44,78
810023114060,"SRIDHAR T",30,42
810023114061,"SATHISH KUMAR G",44,99
810023114062,"JEGATHEESWARAN T",0,0
810023114063,"HARI PRASATH P",32,41
810023114064,"MOUNIKA M",42,44
810023114065,"KRISHNAKUMAR S",40,42
810023114066,"PON AKASH P",34,52
810023114067,"ATHARSH P",44,56
810023114068,"MANIKANDAN K",28,43
810023114069,"KAVIARASAN T",40,66
810023114070,"DHILIP A",40,40
810023114071,"MAHADEVAN V",36,21
810023114072,"PRABANJAN P S",30,41
810023114073,"NAVEEN KUMAR R",34,40
810023114075,"AKASH M",40,53
810023114076,"VIKRAM S",30,21
810023114077,"VISHNU S",38,53
810023114078,"LENISH P",36,43
810023114079,"BALAJI V",36,41
810023114080,"BALA CHANDAR P",36,20
810023114081,"GOKUL A",34,42
810023114082,"JANA MURUGAPPA M",26,59
810023114083,"ROSHAN FARITH S",28,40
810023114084,"SIVABALAN K",34,42
810023114085,"VIJAYARAJ K R",44,44
810023114086,"SHANMUGANATHAN S",32,43
810023114087,"NISHANTH KUMAR K",34,51
810023114088,"NARESHKUMAR S",34,20
810023114089,"GOBINATH R",36,41
810023114090,"AMALESH A",38,40
810023114091,"AATHIKESAVAN K",24,41
810023114092,"SAMITH KANNA R",30,41
810023114093,"BOOBALAN R",16,20
810023114094,"NAVEEN B",34,40
810023114096,"DEV ANAND K",38,40
810023114097,"VIGNESH K",34,41
810023114098,"JEEVANANTHAM M",38,43
810023114099,"JAMERAJ S",28,40
810023114103,"PASUPATHI T",2,40
810023114104,"SANTHOSH M",38,40
810023114105,"YOGAGNANASAMBANTHAN N",42,46
810023114106,"INBARASAN K",28,40
"Total Attendance:44"
