"UNIVERSITY COLLEGE OF ENGINEERING, BIT CAMPUS, ANNA UNIVERSITY,TIRUCHIRAPPALLI - 620024"
"FACULTY : Mrs.B.Aarthy"
"CLASS : MECHANICAL-TM","SUBJECT : BE3251"
regno,name,be3251_attendance,be3251_mark
810023127001,"AMUDHAN S",20,75
810023127002,"SEVVELJAYAM S",24,81
810023127004,"ASHWIN G",0,0
810023127005,"NAWINKUMAAR V",23,83
810023127006,"XAVIER AKASH A",21,82
810023127007,"KAVEENA M",25,91
810023127008,"NAVEEN S",25,95
810023127009,"BALAKRISHNAN R",25,92
810023127011,"DHANARANGAN R",24,89
810023127012,"SAKTHIVEL P",19,40
810023127013,"PUNITH S",20,82
810023127016,"SHAMEER AKTHAR S",19,75
"Total Attendance:25"
