"UNIVERSITY COLLEGE OF ENGINEERING, BIT CAMPUS, ANNA UNIVERSITY,TIRUCHIRAPPALLI - 620024"
"FACULTY : Dr.D.Elizabeth"
"CLASS : MECHANICAL-TM","SUBJECT : GE3272"
regno,name,ge3272_mark,ge3272_attendance
810023127001,"AMUDHAN S",80,45
810023127002,"SEVVELJAYAM S",82,48
810023127004,"ASHWIN G",AA,0
810023127005,"NAWINKUMAAR V",85,52
810023127006,"XAVIER AKASH A",88,60
810023127007,"KAVEENA M",90,60
810023127008,"NAVEEN S",92,58
810023127009,"BALAKRISHNAN R",91,60
810023127011,"DHANARANGAN R",83,56
810023127012,"SAKTHIVEL P",80,48
810023127013,"PUNITH S",85,46
810023127016,"SHAMEER AKTHAR S",87,46
"Total Attendance:60"
