"UNIVERSITY COLLEGE OF ENGINEERING, BIT CAMPUS, ANNA UNIVERSITY,TIRUCHIRAPPALLI - 620024"
"FACULTY : Dr.R.Sudhesh"
"CLASS : MECHANICAL-A","SUBJECT : MA3251"
regno,name,ma3251_attendance,ma3251_mark
810023114001,"ACACIO D",18,55
810023114002,"SAMBATHKUMAR M",24,60
810023114004,"SANKARANARAYANAN G",26,75
810023114005,"RATHNA R",28,92
810023114006,"MUGESH K",23,84
810023114007,"RAHUL R",29,90
810023114008,"MOHAMED SHAFIK R",29,92
810023114009,"JAYARAJ A",28,66
810023114010,"SUDHAKARAN S",18,67
810023114011,"SAKTHIVEL V",22,62
810023114012,"SANJAY K",24,85
810023114013,"BHUVANESAN NV",19,77
810023114014,"PERIYA ARASU M",28,75
810023114015,"GIRIDHARAN G",16,59
810023114016,"DHARSHINI M",26,95
810023114017,"MAGI AGNUS P",20,70
810023114018,"RAJADURAI D",23,75
810023114019,"SUSHVANTH S",25,84
810023114020,"RANJITH M",20,65
810023114021,"KAMALAKKANNAN P",26,61
810023114022,"SUBRAMANI K",26,70
810023114023,"MOHANSELVAKUMAR P",26,73
810023114024,"BALAJI K",26,73
810023114025,"MUGESH S",22,57
810023114026,"NISHANTH S",20,62
810023114027,"NITHIN S",15,57
810023114028,"BEER MOHAMED N",17,58
810023114029,"BOOBALAN E",27,57
810023114030,"VIGNESHWARAN S",22,62
810023114031,"BHARANIVASAN T",29,80
810023114032,"ROHESHWARAN S",29,77
810023114033,"KAVI BHARATHI M",19,69
810023114034,"DHINESHKUMAR G",25,70
810023114035,"MOHAN G",21,70
810023114036,"HARIGOVINDAN S",26,58
810023114037,"SURAJ R",21,59
810023114038,"AUSTIN S",21,40
810023114039,"VINOTH KUMAR M",26,57
810023114040,"KARTHIKEYAN B",23,55
810023114041,"RAKSHITHA V",19,57
810023114042,"SURJITH R S",25,65
810023114043,"JEEVAA M",26,61
810023114044,"MITHUN S",24,60
810023114045,"BHARANIMUTHU V",23,55
810023114046,"GURUMOORTHI M",25,55
810023114047,"AKASH B",21,59
810023114048,"PRAVINKUMAR B",17,75
810023114049,"SHANJAI SRI RAM S",23,61
810023114050,"RATHINAVEL S",28,72
810023114051,"PREMKUMAR S",24,67
810023114052,"THASEER ALI J",19,55
"Total Attendance:29"
