regno,name,ph3251_attendance,ph3251_mark
810023114053,"MATHEW UDHAYACHANDRAN",29,70
810023114054,"AKASH M K",20,88
810023114055,"BARATH KUMARAN E",23,72
810023114056,"THIRUMOORTHI A",30,93
810023114057,"DHARANI T",25,76
810023114058,"MOHAMED REAYAS A",24,52
810023114059,"DEVANESAN B",30,89
810023114060,"SRIDHAR T",26,81
810023114061,"SATHISH KUMAR G",31,100
810023114062,"JEGATHEESWARAN T",0,40
810023114063,"HARI PRASATH P",28,74
810023114064,"MOUNIKA M",23,60
810023114065,"KRISHNAKUMAR S",31,74
810023114066,"PON AKASH P",26,85
810023114067,"ATHARSH P",29,80
810023114068,"MANIKANDAN K",21,58
810023114069,"KAVIARASAN T",26,96
810023114070,"DHILIP A",29,87
810023114071,"MAHADEVAN V",30,52
810023114072,"PRABANJAN P S",21,82
810023114073,"NAVEEN KUMAR R",20,40
810023114075,"AKASH M",29,79
810023114076,"VIKRAM S",29,52
810023114077,"VISHNU S",30,74
810023114078,"LENISH P",28,70
810023114079,"BALAJI V",28,71
810023114080,"BALA CHANDAR P",28,76
810023114081,"GOKUL A",29,80
810023114082,"JANA MURUGAPPA M",30,80
810023114083,"ROSHAN FARITH S",19,40
810023114084,"SIVABALAN K",22,83
810023114085,"VIJAYARAJ K R",30,90
810023114086,"SHANMUGANATHAN S",26,73
810023114087,"NISHANTH KUMAR K",28,71
810023114088,"NARESHKUMAR S",21,54
810023114089,"GOBINATH R",26,75
810023114090,"AMALESH A",26,70
810023114091,"AATHIKESAVAN K",27,66
810023114092,"SAMITH KANNA R",27,62
810023114093,"BOOBALAN R",15,40
810023114094,"NAVEEN B",29,63
810023114096,"DEV ANAND K",28,70
810023114097,"VIGNESH K",30,62
810023114098,"JEEVANANTHAM M",24,70
810023114099,"JAMERAJ S",20,40
810023114103,"PASUPATHI T",5,40
810023114104,"SANTHOSH M",29,60
810023114105,"YOGAGNANASAMBANTHAN N",30,89
810023114106,"INBARASAN K",22,40
"Total Attendance:31"
