regno,name,ph3251_attendance,ph3251_mark
810023114001,"ACACIO D",22,59
810023114002,"SAMBATHKUMAR M",31,53
810023114004,"SANKARANARAYANAN G",29,78
810023114005,"RATHNA R",35,70
810023114006,"MUGESH K",24,71
810023114007,"RAHUL R",36,87
810023114008,"MOHAMED SHAFIK R",36,85
810023114009,"JAYARAJ A",32,76
810023114010,"SUDHAKARAN S",29,73
810023114011,"SAKTHIVEL V",18,70
810023114012,"SANJAY K",29,82
810023114013,"BHUVANESAN NV",22,79
810023114014,"PERIYA ARASU M",27,70
810023114015,"GIRIDHARAN G",20,52
810023114016,"DHARSHINI M",35,86
810023114017,"MAGI AGNUS P",25,71
810023114018,"RAJADURAI D",33,84
810023114019,"SUSHVANTH S",36,88
810023114020,"RANJITH M",21,70
810023114021,"KAMALAKKANNAN P",31,70
810023114022,"SUBRAMANI K",33,86
810023114023,"MOHANSELVAKUMAR P",31,73
810023114024,"BALAJI K",34,80
810023114025,"MUGESH S",26,70
810023114026,"NISHANTH S",35,60
810023114027,"NITHIN S",30,70
810023114028,"BEER MOHAMED N",30,73
810023114029,"BOOBALAN E",31,74
810023114030,"VIGNESHWARAN S",31,79
810023114031,"BHARANIVASAN T",36,87
810023114032,"ROHESHWARAN S",30,70
810023114033,"KAVI BHARATHI M",32,98
810023114034,"DHINESHKUMAR G",32,92
810023114035,"MOHAN G",28,73
810023114036,"HARIGOVINDAN S",35,86
810023114037,"SURAJ R",31,94
810023114038,"AUSTIN S",21,40
810023114039,"VINOTH KUMAR M",27,74
810023114040,"KARTHIKEYAN B",23,70
810023114041,"RAKSHITHA V",25,76
810023114042,"SURJITH R S",31,88
810023114043,"JEEVAA M",35,77
810023114044,"MITHUN S",35,87
810023114045,"BHARANIMUTHU V",25,63
810023114046,"GURUMOORTHI M",27,78
810023114047,"AKASH B",25,76
810023114048,"PRAVINKUMAR B",28,96
810023114049,"SHANJAI SRI RAM S",25,75
810023114050,"RATHINAVEL S",30,89
810023114051,"PREMKUMAR S",27,76
810023114052,"THASEER ALI J",26,64
"Total Attendance:36"
