"UNIVERSITY COLLEGE OF ENGINEERING, BIT CAMPUS, ANNA UNIVERSITY,TIRUCHIRAPPALLI - 620024"
"FACULTY : Dr.G.D.Gayathri"
"CLASS : MECHANICAL-A","SUBJECT : BS3171"
regno,name,bs3171_mark,bs3171_attendance
810023114001,"ACACIO D",80,54
810023114002,"SAMBATHKUMAR M",92,60
810023114003,"ABINATH K",0,0
810023114004,"SANKARANARAYANAN G",92,54
810023114005,"RATHNA R",95,60
810023114006,"MUGESH K",90,60
810023114007,"RAHUL R",98,60
810023114008,"MOHAMED SHAFIK R",96,60
810023114009,"JAYARAJ A",92,54
810023114010,"SUDHAKARAN S",98,60
810023114011,"SAKTHIVEL V",80,54
810023114012,"SANJAY K",98,54
810023114013,"BHUVANESAN NV",96,60
810023114014,"PERIYA ARASU M",95,60
810023114015,"GIRIDHARAN G",99,60
810023114016,"DHARSHINI M",90,60
810023114017,"MAGI AGNUS P",80,54
810023114018,"RAJADURAI D",95,54
810023114019,"SUSHVANTH S",90,60
810023114020,"RANJITH M",92,54
810023114021,"KAMALAKKANNAN P",80,54
810023114022,"SUBRAMANI K",94,60
810023114023,"MOHANSELVAKUMAR P",98,60
810023114024,"BALAJI K",80,54
810023114025,"MUGESH S",95,54
810023114026,"NISHANTH S",99,54
810023114027,"NITHIN S",80,54
810023114028,"BEER MOHAMED N",95,54
810023114029,"BOOBALAN E",99,60
810023114030,"VIGNESHWARAN S",99,60
810023114031,"BHARANIVASAN T",99,54
810023114032,"ROHESHWARAN S",95,60
810023114033,"KAVI BHARATHI M",99,60
810023114034,"DHINESHKUMAR G",90,54
810023114035,"MOHAN G",90,54
810023114036,"HARIGOVINDAN S",92,54
810023114037,"SURAJ R",95,60
810023114038,"AUSTIN S",95,54
810023114039,"VINOTH KUMAR M",92,60
810023114040,"KARTHIKEYAN B",80,54
810023114041,"RAKSHITHA V",99,56
810023114042,"SURJITH R S",90,60
810023114043,"JEEVAA M",96,60
810023114044,"MITHUN S",96,60
810023114045,"BHARANIMUTHU V",90,54
810023114046,"GURUMOORTHI M",90,60
810023114047,"AKASH B",98,54
810023114048,"PRAVINKUMAR B",90,60
810023114049,"SHANJAI SRI RAM S",96,60
810023114050,"RATHINAVEL S",96,60
810023114051,"PREMKUMAR S",98,60
810023114052,"THASEER ALI J",90,56
"Total Attendance:60"
