"UNIVERSITY COLLEGE OF ENGINEERING, BIT CAMPUS, ANNA UNIVERSITY,TIRUCHIRAPPALLI - 620024"
"FACULTY : Dr.S.Gunasekaran"
"CLASS : PETRO","SUBJECT : HS3152"
regno,name,hs3152_mark,hs3152_attendance
810023239001,"KARNA P",42,20
810023239002,"NITHYA SHREE R",85,19
810023239003,"NAVEEN KUMAR M",70,20
810023239004,"PRIYADHARSHINI U",72,20
810023239005,"ARUL SELVAN A",90,20
810023239006,"ANTO MIC JERSON G",74,20
810023239007,"SWETHA S",53,19
810023239008,"NITHIYANANTHA B",60,19
810023239009,"RESHMA J",97,20
810023239010,"VISHANTH D",80,20
810023239011,"KARTHIKA K",84,20
810023239012,"PRIYATHARSHINI G",70,20
810023239013,"ARAVINDH A",61,21
810023239014,"RAMYA R",71,20
810023239015,"ANBUCHELVAN S",87,20
810023239016,"VIMALRAJ S",62,19
810023239017,"LAKSHMANAN T",85,20
810023239018,"RAMKUMAR S",85,20
810023239019,"NAVDEEP S",60,20
810023239020,"AVINASH PG",86,21
810023239021,"HARINI LAKSHMI K",60,20
810023239022,"DHARSHAN M S",98,20
810023239023,"RIYAS MOHAMED S",64,21
810023239024,"SRIRAM K",63,21
810023239025,"ROJITHMANI S",73,20
810023239026,"KISOTH KUMAR S",88,21
810023239027,"VIDYACHARAN S",92,20
810023239028,"HARINI V",71,21
810023239029,"IDHAYA RANJAN I",66,20
810023239030,"ASEENA FATHIMA S",60,21
810023239031,"CHANDRU M",70,20
810023239032,"KAVIYA M",65,19
810023239033,"MATHIARASU M",0,0
810023239034,"SWETHA R U",71,19
810023239035,"ABINAYA SRI M",70,21
810023239036,"MOHAMMED MAHMOOD M",60,20
810023239037,"SOORYA T",55,19
810023239038,"SUDHARSAN B",85,19
810023239039,"MADESH P",90,20
810023239040,"BHARATH R",62,21
810023239041,"DISHYAMENAN R",50,19
810023239042,"RAKESH KUMAR M",58,20
810023239043,"VIGNESH S",66,21
810023239044,"HARIHARAN R",50,20
810023239045,"VISWA P",67,20
810023239047,"AAKASH M",70,20
810023239048,"SWETHA S",58,20
810023239049,"VISHWA M",78,20
810023239050,"PARASURAMAN B",71,19
810023239051,"VIJAYALAKSHMI K",60,21
810023239052,"DARSHAN B",0,5
810023239053,"KARTHI KEYAN M",68,17
"Total Attendance:21"
