"UNIVERSITY COLLEGE OF ENGINEERING, BIT CAMPUS, ANNA UNIVERSITY,TIRUCHIRAPPALLI - 620024"
"FACULTY : Dr.V.K.Sethurpandian"
"CLASS : PETRO","SUBJECT : CY3151"
regno,name,cy3151_mark,cy3151_attendance
810023239001,"KARNA P",51,22
810023239002,"NITHYA SHREE R",75,25
810023239003,"NAVEEN KUMAR M",60,19
810023239004,"PRIYADHARSHINI U",76,23
810023239005,"ARUL SELVAN A",86,25
810023239006,"ANTO MIC JERSON G",65,22
810023239007,"SWETHA S",60,22
810023239008,"NITHIYANANTHA B",47,24
810023239009,"RESHMA J",77,25
810023239010,"VISHANTH D",79,23
810023239011,"KARTHIKA K",63,23
810023239012,"PRIYATHARSHINI G",71,25
810023239013,"ARAVINDH A",62,24
810023239014,"RAMYA R",78,25
810023239015,"ANBUCHELVAN S",74,23
810023239016,"VIMALRAJ S",77,24
810023239017,"LAKSHMANAN T",56,23
810023239018,"RAMKUMAR S",61,23
810023239019,"NAVDEEP S",56,24
810023239020,"AVINASH PG",75,24
810023239021,"HARINI LAKSHMI K",58,21
810023239022,"DHARSHAN M S",86,23
810023239023,"RIYAS MOHAMED S",66,20
810023239024,"SRIRAM K",75,24
810023239025,"ROJITHMANI S",72,24
810023239026,"KISOTH KUMAR S",76,23
810023239027,"VIDYACHARAN S",71,23
810023239028,"HARINI V",64,24
810023239029,"IDHAYA RANJAN I",60,16
810023239030,"ASEENA FATHIMA S",67,25
810023239031,"CHANDRU M",54,24
810023239032,"KAVIYA M",67,24
810023239033,"MATHIARASU M",Ab,0
810023239034,"SWETHA R U",76,22
810023239035,"ABINAYA SRI M",65,24
810023239036,"MOHAMMED MAHMOOD M",65,23
810023239037,"SOORYA T",57,23
810023239038,"SUDHARSAN B",61,22
810023239039,"MADESH P",64,23
810023239040,"BHARATH R",65,25
810023239041,"DISHYAMENAN R",61,21
810023239042,"RAKESH KUMAR M",63,21
810023239043,"VIGNESH S",61,20
810023239044,"HARIHARAN R",61,25
810023239045,"VISWA P",58,22
810023239047,"AAKASH M",47,20
810023239048,"SWETHA S",62,22
810023239049,"VISHWA M",70,16
810023239050,"PARASURAMAN B",68,24
810023239051,"VIJAYALAKSHMI K",75,25
810023239052,"DARSHAN B",Ab,0
810023239053,"KARTHI KEYAN M",52,24
"Total Attendance:25"
