"UNIVERSITY COLLEGE OF ENGINEERING, BIT CAMPUS, ANNA UNIVERSITY,TIRUCHIRAPPALLI - 620024"
"FACULTY : Dr.B.palpandi"
"CLASS : PETRO","SUBJECT : MA3251"
regno,name,ma3251_attendance,ma3251_mark
810023239001,"KARNA P",24,50
810023239002,"NITHYA SHREE R",25,87
810023239003,"NAVEEN KUMAR M",27,59
810023239004,"PRIYADHARSHINI U",24,61
810023239005,"ARUL SELVAN A",29,55
810023239006,"ANTO MIC JERSON G",27,64
810023239007,"SWETHA S",25,58
810023239008,"NITHIYANANTHA B",26,62
810023239009,"RESHMA J",25,57
810023239010,"VISHANTH D",28,67
810023239011,"KARTHIKA K",27,65
810023239012,"PRIYATHARSHINI G",27,70
810023239013,"ARAVINDH A",24,50
810023239014,"RAMYA R",29,65
810023239015,"ANBUCHELVAN S",27,65
810023239016,"VIMALRAJ S",18,58
810023239017,"LAKSHMANAN T",23,58
810023239018,"RAMKUMAR S",29,62
810023239019,"NAVDEEP S",22,50
810023239020,"AVINASH PG",24,64
810023239021,"HARINI LAKSHMI K",24,50
810023239022,"DHARSHAN M S",28,58
810023239023,"RIYAS MOHAMED S",20,50
810023239024,"SRIRAM K",29,59
810023239025,"ROJITHMANI S",25,67
810023239026,"KISOTH KUMAR S",23,57
810023239027,"VIDYACHARAN S",23,80
810023239028,"HARINI V",24,75
810023239029,"IDHAYA RANJAN I",25,55
810023239030,"ASEENA FATHIMA S",23,80
810023239031,"CHANDRU M",26,54
810023239032,"KAVIYA M",27,58
810023239033,"MATHIARASU M",0,00
810023239034,"SWETHA R U",26,69
810023239035,"ABINAYA SRI M",27,85
810023239036,"MOHAMMED MAHMOOD M",23,57
810023239037,"SOORYA T",0,00
810023239038,"SUDHARSAN B",24,59
810023239039,"MADESH P",23,50
810023239040,"BHARATH R",24,55
810023239041,"DISHYAMENAN R",21,50
810023239042,"RAKESH KUMAR M",26,50
810023239043,"VIGNESH S",23,60
810023239044,"HARIHARAN R",24,55
810023239045,"VISWA P",24,52
810023239047,"AAKASH M",29,50
810023239048,"SWETHA S",24,73
810023239049,"VISHWA M",22,64
810023239050,"PARASURAMAN B",24,64
810023239051,"VIJAYALAKSHMI K",27,61
810023239053,"KARTHI KEYAN M",19,54
"Total Attendance:29"
