regno,name,bs3171_mark,bs3171_attendance
810023237001,"SHYJU WILSON R",99,57
810023237002,"PODHIGAI THENDRAL K",95,51
810023237003,"SRINITHI S",98,60
810023237004,"DHURAI KALIRAJ M",90,52
810023237005,"NIHITHA A",90,52
810023237006,"YUVASRII R N",98,57
810023237007,"PUSHPA V",90,52
810023237008,"ARUN EDWIN Y",88,50
810023237009,"DHARSHINI TR",93,54
810023237010,"AADHILA FATHIMA M N F",92,54
810023237011,"KRISHNASOMI S",94,54
810023237012,"SOWMIYA M",94,54
810023237013,"BHUVANESHWARI V",100,57
810023237014,"VIJAY S",85,52
810023237015,"ANANTH B",88,52
810023237016,"ASHIK SANDHIYAGU J",90,47
810023237018,"SANTHOSH R",90,54
810023237019,"KRISHNA DHARA S",91,54
810023237020,"RENUGADEVI M",94,50
810023237021,"AMIRTHA SRI R",90,52
810023237022,"HARINI M",90,50
810023237023,"GOWNITHA N",99,52
810023237024,"HARI SUDHARSAN S",98,57
810023237025,"MUTHUMARI B",92,50
810023237026,"AARTHI B",94,54
810023237028,"AKILANDESHWARI S",91,51
810023237029,"YOGESHWARI M",91,54
810023237030,SIVABHARATHI,90,49
810023237031,"MEGANATHAN J",88,51
810023237032,"THENMOZHI R",90,52
810023237033,"PAVITHRA B",87,52
810023237034,"SAMYUKTHA M S",92,52
810023237035,"HEMALEKHAA G M",94,54
810023237036,"VETHA VARSHINI K G",88,49
810023237037,"HARIHARAN K",94,49
810023237038,"AATHITHYA M",90,52
810023237039,"ASMIYA M",95,54
810023237040,"POORNITHA B",95,54
810023237041,"SRIRAM C",93,55
810023237042,"SHRI HARINI C",98,57
810023237043,"KIRUBA S",90,52
810023237044,"MADHUMITHA K",94,55
810023237045,"KARTHIGA DEVI M",90,54
810023237046,"JEETIKA S",90,49
810023237047,"DHINESHKUMAR N",96,57
810023237048,"JOTHEESHWARAN I",90,54
810023237049,"NAOFIL ADAM M",93,51
810023237050,"HASHINI C",92,54
810023237051,"HARINI SRI B",90,52
810023237052,"SWETHA S",94,52
810023237053,"PRADEEP KUMAR M",94,52
810023237054,"HAARES KANNAN G",90,52
"Total Attendance:60"
