"UNIVERSITY COLLEGE OF ENGINEERING, BIT CAMPUS, ANNA UNIVERSITY,TIRUCHIRAPPALLI - 620024"
"FACULTY : Dr.N.Chitra"
"CLASS : PHARMA","SUBJECT : GE3272"
regno,name,ge3272_mark,ge3272_attendance
810023237001,"SHYJU WILSON R",95,60
810023237002,"PODHIGAI THENDRAL K",92,52
810023237003,"SRINITHI S",95,60
810023237004,"DHURAI KALIRAJ M",95,58
810023237005,"NIHITHA A",95,60
810023237006,"YUVASRII R N",95,52
810023237007,"PUSHPA V",92,58
810023237008,"ARUN EDWIN Y",85,52
810023237009,"DHARSHINI TR",87,58
810023237010,"AADHILA FATHIMA M N F",92,56
810023237011,"KRISHNASOMI S",85,56
810023237012,"SOWMIYA M",87,58
810023237013,"BHUVANESHWARI V",85,58
810023237014,"VIJAY S",80,52
810023237015,"ANANTH B",95,60
810023237016,"ASHIK SANDHIYAGU J",80,50
810023237018,"SANTHOSH R",80,50
810023237019,"KRISHNA DHARA S",95,60
810023237020,"RENUGADEVI M",80,52
810023237021,"AMIRTHA SRI R",95,60
810023237022,"HARINI M",85,54
810023237023,"GOWNITHA N",90,54
810023237024,"HARI SUDHARSAN S",90,58
810023237025,"MUTHUMARI B",85,50
810023237026,"AARTHI B",87,46
810023237028,"AKILANDESHWARI S",87,56
810023237029,"YOGESHWARI M",87,56
810023237030,SIVABHARATHI,75,46
810023237031,"MEGANATHAN J",80,54
810023237032,"THENMOZHI R",85,54
810023237033,"PAVITHRA B",85,50
810023237034,"SAMYUKTHA M S",95,58
810023237035,"HEMALEKHAA G M",90,56
810023237036,"VETHA VARSHINI K G",87,54
810023237037,"HARIHARAN K",87,56
810023237038,"AATHITHYA M",87,52
810023237039,"ASMIYA M",87,54
810023237040,"POORNITHA B",90,58
810023237041,"SRIRAM C",75,50
810023237042,"SHRI HARINI C",90,58
810023237043,"KIRUBA S",87,54
810023237044,"MADHUMITHA K",90,58
810023237045,"KARTHIGA DEVI M",90,56
810023237046,"JEETIKA S",90,52
810023237047,"DHINESHKUMAR N",95,60
810023237048,"JOTHEESHWARAN I",80,46
810023237049,"NAOFIL ADAM M",90,54
810023237050,"HASHINI C",85,58
810023237051,"HARINI SRI B",85,50
810023237052,"SWETHA S",87,58
810023237053,"PRADEEP KUMAR M",80,50
810023237054,"HAARES KANNAN G",85,46
"Total Attendance:60"
