"UNIVERSITY COLLEGE OF ENGINEERING, BIT CAMPUS, ANNA UNIVERSITY,TIRUCHIRAPPALLI - 620024"
"FACULTY : Dr.S.Mahalakshmi"
"CLASS : PHARMA","SUBJECT : MA3251"
regno,name,ma3251_attendance,ma3251_mark
810023237001,"SHYJU WILSON R",31,88
810023237002,"PODHIGAI THENDRAL K",33,79
810023237003,"SRINITHI S",33,95
810023237004,"DHURAI KALIRAJ M",33,90
810023237005,"NIHITHA A",31,87
810023237006,"YUVASRII R N",33,91
810023237007,"PUSHPA V",33,81
810023237008,"ARUN EDWIN Y",31,61
810023237009,"DHARSHINI TR",31,85
810023237010,"AADHILA FATHIMA M N F",33,90
810023237011,"KRISHNASOMI S",32,85
810023237012,"SOWMIYA M",33,85
810023237013,"BHUVANESHWARI V",33,95
810023237014,"VIJAY S",30,55
810023237015,"ANANTH B",30,66
810023237016,"ASHIK SANDHIYAGU J",33,55
810023237018,"SANTHOSH R",33,80
810023237019,"KRISHNA DHARA S",30,90
810023237020,"RENUGADEVI M",31,90
810023237021,"AMIRTHA SRI R",31,63
810023237022,"HARINI M",31,75
810023237023,"GOWNITHA N",33,85
810023237024,"HARI SUDHARSAN S",29,67
810023237025,"MUTHUMARI B",31,72
810023237026,"AARTHI B",29,78
810023237028,"AKILANDESHWARI S",33,66
810023237029,"YOGESHWARI M",31,70
810023237030,SIVABHARATHI,33,66
810023237031,"MEGANATHAN J",27,60
810023237032,"THENMOZHI R",33,75
810023237033,"PAVITHRA B",29,88
810023237034,"SAMYUKTHA M S",31,77
810023237035,"HEMALEKHAA G M",33,79
810023237036,"VETHA VARSHINI K G",32,73
810023237037,"HARIHARAN K",31,74
810023237038,"AATHITHYA M",28,55
810023237039,"ASMIYA M",31,82
810023237040,"POORNITHA B",29,72
810023237041,"SRIRAM C",33,75
810023237042,"SHRI HARINI C",33,80
810023237043,"KIRUBA S",30,72
810023237044,"MADHUMITHA K",33,85
810023237045,"KARTHIGA DEVI M",31,65
810023237046,"JEETIKA S",32,86
810023237047,"DHINESHKUMAR N",33,76
810023237048,"JOTHEESHWARAN I",33,78
810023237049,"NAOFIL ADAM M",31,81
810023237050,"HASHINI C",32,60
810023237051,"HARINI SRI B",31,74
810023237052,"SWETHA S",33,84
810023237053,"PRADEEP KUMAR M",33,79
810023237054,"HAARES KANNAN G",24,50
"Total Attendance:33"
